Fitter report for jugadas
Thu Nov 27 15:41:43 2025
Quartus II 64-Bit Version 13.0.1 Build 232 06/12/2013 Service Pack 1 SJ Web Edition


---------------------
; Table of Contents ;
---------------------
  1. Legal Notice
  2. Fitter Summary
  3. Fitter Settings
  4. Parallel Compilation
  5. I/O Assignment Warnings
  6. Incremental Compilation Preservation Summary
  7. Incremental Compilation Partition Settings
  8. Incremental Compilation Placement Preservation
  9. Pin-Out File
 10. Fitter Resource Usage Summary
 11. Fitter Partition Statistics
 12. Input Pins
 13. Output Pins
 14. Dual Purpose and Dedicated Pins
 15. I/O Bank Usage
 16. All Package Pins
 17. Fitter Resource Utilization by Entity
 18. Delay Chain Summary
 19. Pad To Core Delay Chain Fanout
 20. Control Signals
 21. Global & Other Fast Signals
 22. Non-Global High Fan-Out Signals
 23. Other Routing Usage Summary
 24. LAB Logic Elements
 25. LAB-wide Signals
 26. LAB Signals Sourced
 27. LAB Signals Sourced Out
 28. LAB Distinct Inputs
 29. I/O Rules Summary
 30. I/O Rules Details
 31. I/O Rules Matrix
 32. Fitter Device Options
 33. Operating Settings and Conditions
 34. Estimated Delay Added for Hold Timing Summary
 35. Estimated Delay Added for Hold Timing Details
 36. Fitter Messages
 37. Fitter Suppressed Messages



----------------
; Legal Notice ;
----------------
Copyright (C) 1991-2013 Altera Corporation
Your use of Altera Corporation's design tools, logic functions 
and other software and tools, and its AMPP partner logic 
functions, and any output files from any of the foregoing 
(including device programming or simulation files), and any 
associated documentation or information are expressly subject 
to the terms and conditions of the Altera Program License 
Subscription Agreement, Altera MegaCore Function License 
Agreement, or other applicable license agreement, including, 
without limitation, that your use is for the sole purpose of 
programming logic devices manufactured by Altera and sold by 
Altera or its authorized distributors.  Please refer to the 
applicable agreement for further details.



+--------------------------------------------------------------------------------------+
; Fitter Summary                                                                       ;
+------------------------------------+-------------------------------------------------+
; Fitter Status                      ; Successful - Thu Nov 27 15:41:43 2025           ;
; Quartus II 64-Bit Version          ; 13.0.1 Build 232 06/12/2013 SP 1 SJ Web Edition ;
; Revision Name                      ; jugadas                                         ;
; Top-level Entity Name              ; Bloque_final                                    ;
; Family                             ; Cyclone IV E                                    ;
; Device                             ; EP4CE22F17C6                                    ;
; Timing Models                      ; Final                                           ;
; Total logic elements               ; 87 / 22,320 ( < 1 % )                           ;
;     Total combinational functions  ; 76 / 22,320 ( < 1 % )                           ;
;     Dedicated logic registers      ; 30 / 22,320 ( < 1 % )                           ;
; Total registers                    ; 30                                              ;
; Total pins                         ; 31 / 154 ( 20 % )                               ;
; Total virtual pins                 ; 0                                               ;
; Total memory bits                  ; 0 / 608,256 ( 0 % )                             ;
; Embedded Multiplier 9-bit elements ; 0 / 132 ( 0 % )                                 ;
; Total PLLs                         ; 0 / 4 ( 0 % )                                   ;
+------------------------------------+-------------------------------------------------+


+------------------------------------------------------------------------------------------------------------------------------------------------------------+
; Fitter Settings                                                                                                                                            ;
+----------------------------------------------------------------------------+---------------------------------------+---------------------------------------+
; Option                                                                     ; Setting                               ; Default Value                         ;
+----------------------------------------------------------------------------+---------------------------------------+---------------------------------------+
; Device                                                                     ; EP4CE22F17C6                          ;                                       ;
; Nominal Core Supply Voltage                                                ; 1.2V                                  ;                                       ;
; Minimum Core Junction Temperature                                          ; 0                                     ;                                       ;
; Maximum Core Junction Temperature                                          ; 85                                    ;                                       ;
; Fit Attempts to Skip                                                       ; 0                                     ; 0.0                                   ;
; Use smart compilation                                                      ; Off                                   ; Off                                   ;
; Enable parallel Assembler and TimeQuest Timing Analyzer during compilation ; On                                    ; On                                    ;
; Enable compact report table                                                ; Off                                   ; Off                                   ;
; Auto Merge PLLs                                                            ; On                                    ; On                                    ;
; Router Timing Optimization Level                                           ; Normal                                ; Normal                                ;
; Perform Clocking Topology Analysis During Routing                          ; Off                                   ; Off                                   ;
; Placement Effort Multiplier                                                ; 1.0                                   ; 1.0                                   ;
; Router Effort Multiplier                                                   ; 1.0                                   ; 1.0                                   ;
; Optimize Hold Timing                                                       ; All Paths                             ; All Paths                             ;
; Optimize Multi-Corner Timing                                               ; On                                    ; On                                    ;
; PowerPlay Power Optimization                                               ; Normal compilation                    ; Normal compilation                    ;
; SSN Optimization                                                           ; Off                                   ; Off                                   ;
; Optimize Timing                                                            ; Normal compilation                    ; Normal compilation                    ;
; Optimize Timing for ECOs                                                   ; Off                                   ; Off                                   ;
; Regenerate full fit report during ECO compiles                             ; Off                                   ; Off                                   ;
; Optimize IOC Register Placement for Timing                                 ; Normal                                ; Normal                                ;
; Limit to One Fitting Attempt                                               ; Off                                   ; Off                                   ;
; Final Placement Optimizations                                              ; Automatically                         ; Automatically                         ;
; Fitter Aggressive Routability Optimizations                                ; Automatically                         ; Automatically                         ;
; Fitter Initial Placement Seed                                              ; 1                                     ; 1                                     ;
; PCI I/O                                                                    ; Off                                   ; Off                                   ;
; Weak Pull-Up Resistor                                                      ; Off                                   ; Off                                   ;
; Enable Bus-Hold Circuitry                                                  ; Off                                   ; Off                                   ;
; Auto Packed Registers                                                      ; Auto                                  ; Auto                                  ;
; Auto Delay Chains                                                          ; On                                    ; On                                    ;
; Auto Delay Chains for High Fanout Input Pins                               ; Off                                   ; Off                                   ;
; Allow Single-ended Buffer for Differential-XSTL Input                      ; Off                                   ; Off                                   ;
; Treat Bidirectional Pin as Output Pin                                      ; Off                                   ; Off                                   ;
; Perform Physical Synthesis for Combinational Logic for Fitting             ; Off                                   ; Off                                   ;
; Perform Physical Synthesis for Combinational Logic for Performance         ; Off                                   ; Off                                   ;
; Perform Register Duplication for Performance                               ; Off                                   ; Off                                   ;
; Perform Logic to Memory Mapping for Fitting                                ; Off                                   ; Off                                   ;
; Perform Register Retiming for Performance                                  ; Off                                   ; Off                                   ;
; Perform Asynchronous Signal Pipelining                                     ; Off                                   ; Off                                   ;
; Fitter Effort                                                              ; Auto Fit                              ; Auto Fit                              ;
; Physical Synthesis Effort Level                                            ; Normal                                ; Normal                                ;
; Logic Cell Insertion - Logic Duplication                                   ; Auto                                  ; Auto                                  ;
; Auto Register Duplication                                                  ; Auto                                  ; Auto                                  ;
; Auto Global Clock                                                          ; On                                    ; On                                    ;
; Auto Global Register Control Signals                                       ; On                                    ; On                                    ;
; Reserve all unused pins                                                    ; As input tri-stated with weak pull-up ; As input tri-stated with weak pull-up ;
; Synchronizer Identification                                                ; Off                                   ; Off                                   ;
; Enable Beneficial Skew Optimization                                        ; On                                    ; On                                    ;
; Optimize Design for Metastability                                          ; On                                    ; On                                    ;
; Force Fitter to Avoid Periphery Placement Warnings                         ; Off                                   ; Off                                   ;
; Enable input tri-state on active configuration pins in user mode           ; Off                                   ; Off                                   ;
+----------------------------------------------------------------------------+---------------------------------------+---------------------------------------+


Parallel compilation was disabled, but you have multiple processors available. Enable parallel compilation to reduce compilation time.
+-------------------------------------+
; Parallel Compilation                ;
+----------------------------+--------+
; Processors                 ; Number ;
+----------------------------+--------+
; Number detected on machine ; 4      ;
; Maximum allowed            ; 1      ;
+----------------------------+--------+


+----------------------------------------------------+
; I/O Assignment Warnings                            ;
+--------------------+-------------------------------+
; Pin Name           ; Reason                        ;
+--------------------+-------------------------------+
; Fin                ; Incomplete set of assignments ;
; Habilitada_ocupado ; Incomplete set of assignments ;
; P1_LEDS[0]         ; Incomplete set of assignments ;
; P1_LEDS[1]         ; Incomplete set of assignments ;
; P1_LEDS[2]         ; Incomplete set of assignments ;
; P1_LEDS[3]         ; Incomplete set of assignments ;
; P1_LEDS[4]         ; Incomplete set of assignments ;
; P1_LEDS[5]         ; Incomplete set of assignments ;
; P1_LEDS[6]         ; Incomplete set of assignments ;
; P1_LEDS[7]         ; Incomplete set of assignments ;
; P1_LEDS[8]         ; Incomplete set of assignments ;
; P2_LEDS[0]         ; Incomplete set of assignments ;
; P2_LEDS[1]         ; Incomplete set of assignments ;
; P2_LEDS[2]         ; Incomplete set of assignments ;
; P2_LEDS[3]         ; Incomplete set of assignments ;
; P2_LEDS[4]         ; Incomplete set of assignments ;
; P2_LEDS[5]         ; Incomplete set of assignments ;
; P2_LEDS[6]         ; Incomplete set of assignments ;
; P2_LEDS[7]         ; Incomplete set of assignments ;
; P2_LEDS[8]         ; Incomplete set of assignments ;
; Ganador_jugador_1  ; Incomplete set of assignments ;
; Ganador_jugador_2  ; Incomplete set of assignments ;
; Empate             ; Incomplete set of assignments ;
; Habilitado         ; Incomplete set of assignments ;
; Jugador            ; Incomplete set of assignments ;
; CLK                ; Incomplete set of assignments ;
; RESET_GENERAL      ; Incomplete set of assignments ;
; data[2]            ; Incomplete set of assignments ;
; data[0]            ; Incomplete set of assignments ;
; data[3]            ; Incomplete set of assignments ;
; data[1]            ; Incomplete set of assignments ;
+--------------------+-------------------------------+


+----------------------------------------------+
; Incremental Compilation Preservation Summary ;
+---------------------+------------------------+
; Type                ; Value                  ;
+---------------------+------------------------+
; Placement (by node) ;                        ;
;     -- Requested    ; 0 / 180 ( 0.00 % )     ;
;     -- Achieved     ; 0 / 180 ( 0.00 % )     ;
;                     ;                        ;
; Routing (by net)    ;                        ;
;     -- Requested    ; 0 / 0 ( 0.00 % )       ;
;     -- Achieved     ; 0 / 0 ( 0.00 % )       ;
+---------------------+------------------------+


+----------------------------------------------------------------------------------------------------------------------------------------------------------------------------------------+
; Incremental Compilation Partition Settings                                                                                                                                             ;
+--------------------------------+----------------+-------------------+-------------------------+------------------------+------------------------------+--------------------------------+
; Partition Name                 ; Partition Type ; Netlist Type Used ; Preservation Level Used ; Netlist Type Requested ; Preservation Level Requested ; Contents                       ;
+--------------------------------+----------------+-------------------+-------------------------+------------------------+------------------------------+--------------------------------+
; Top                            ; User-created   ; Source File       ; N/A                     ; Source File            ; N/A                          ;                                ;
; hard_block:auto_generated_inst ; Auto-generated ; Source File       ; N/A                     ; Source File            ; N/A                          ; hard_block:auto_generated_inst ;
+--------------------------------+----------------+-------------------+-------------------------+------------------------+------------------------------+--------------------------------+


+------------------------------------------------------------------------------------------------------------+
; Incremental Compilation Placement Preservation                                                             ;
+--------------------------------+---------+-------------------+-------------------------+-------------------+
; Partition Name                 ; # Nodes ; # Preserved Nodes ; Preservation Level Used ; Netlist Type Used ;
+--------------------------------+---------+-------------------+-------------------------+-------------------+
; Top                            ; 170     ; 0                 ; N/A                     ; Source File       ;
; hard_block:auto_generated_inst ; 10      ; 0                 ; N/A                     ; Source File       ;
+--------------------------------+---------+-------------------+-------------------------+-------------------+


+--------------+
; Pin-Out File ;
+--------------+
The pin-out file can be found in C:/Users/toni/Desktop/Proyecto_tateti/TaTeTi/almacenamiento de jugada/output_files/jugadas.pin.


+---------------------------------------------------------------------+
; Fitter Resource Usage Summary                                       ;
+---------------------------------------------+-----------------------+
; Resource                                    ; Usage                 ;
+---------------------------------------------+-----------------------+
; Total logic elements                        ; 87 / 22,320 ( < 1 % ) ;
;     -- Combinational with no register       ; 57                    ;
;     -- Register only                        ; 11                    ;
;     -- Combinational with a register        ; 19                    ;
;                                             ;                       ;
; Logic element usage by number of LUT inputs ;                       ;
;     -- 4 input functions                    ; 24                    ;
;     -- 3 input functions                    ; 21                    ;
;     -- <=2 input functions                  ; 31                    ;
;     -- Register only                        ; 11                    ;
;                                             ;                       ;
; Logic elements by mode                      ;                       ;
;     -- normal mode                          ; 74                    ;
;     -- arithmetic mode                      ; 2                     ;
;                                             ;                       ;
; Total registers*                            ; 30 / 23,018 ( < 1 % ) ;
;     -- Dedicated logic registers            ; 30 / 22,320 ( < 1 % ) ;
;     -- I/O registers                        ; 0 / 698 ( 0 % )       ;
;                                             ;                       ;
; Total LABs:  partially or completely used   ; 18 / 1,395 ( 1 % )    ;
; Virtual pins                                ; 0                     ;
; I/O pins                                    ; 31 / 154 ( 20 % )     ;
;     -- Clock pins                           ; 2 / 7 ( 29 % )        ;
;     -- Dedicated input pins                 ; 0 / 9 ( 0 % )         ;
;                                             ;                       ;
; Global signals                              ; 2                     ;
; M9Ks                                        ; 0 / 66 ( 0 % )        ;
; Total block memory bits                     ; 0 / 608,256 ( 0 % )   ;
; Total block memory implementation bits      ; 0 / 608,256 ( 0 % )   ;
; Embedded Multiplier 9-bit elements          ; 0 / 132 ( 0 % )       ;
; PLLs                                        ; 0 / 4 ( 0 % )         ;
; Global clocks                               ; 2 / 20 ( 10 % )       ;
; JTAGs                                       ; 0 / 1 ( 0 % )         ;
; CRC blocks                                  ; 0 / 1 ( 0 % )         ;
; ASMI blocks                                 ; 0 / 1 ( 0 % )         ;
; Impedance control blocks                    ; 0 / 4 ( 0 % )         ;
; Average interconnect usage (total/H/V)      ; 0% / 0% / 0%          ;
; Peak interconnect usage (total/H/V)         ; 1% / 1% / 1%          ;
; Maximum fan-out                             ; 19                    ;
; Highest non-global fan-out                  ; 18                    ;
; Total fan-out                               ; 379                   ;
; Average fan-out                             ; 1.98                  ;
+---------------------------------------------+-----------------------+
*  Register count does not include registers inside RAM blocks or DSP blocks.



+-----------------------------------------------------------------------------------------------------+
; Fitter Partition Statistics                                                                         ;
+---------------------------------------------+----------------------+--------------------------------+
; Statistic                                   ; Top                  ; hard_block:auto_generated_inst ;
+---------------------------------------------+----------------------+--------------------------------+
; Difficulty Clustering Region                ; Low                  ; Low                            ;
;                                             ;                      ;                                ;
; Total logic elements                        ; 87 / 22320 ( < 1 % ) ; 0 / 22320 ( 0 % )              ;
;     -- Combinational with no register       ; 57                   ; 0                              ;
;     -- Register only                        ; 11                   ; 0                              ;
;     -- Combinational with a register        ; 19                   ; 0                              ;
;                                             ;                      ;                                ;
; Logic element usage by number of LUT inputs ;                      ;                                ;
;     -- 4 input functions                    ; 24                   ; 0                              ;
;     -- 3 input functions                    ; 21                   ; 0                              ;
;     -- <=2 input functions                  ; 31                   ; 0                              ;
;     -- Register only                        ; 11                   ; 0                              ;
;                                             ;                      ;                                ;
; Logic elements by mode                      ;                      ;                                ;
;     -- normal mode                          ; 74                   ; 0                              ;
;     -- arithmetic mode                      ; 2                    ; 0                              ;
;                                             ;                      ;                                ;
; Total registers                             ; 30                   ; 0                              ;
;     -- Dedicated logic registers            ; 30 / 22320 ( < 1 % ) ; 0 / 22320 ( 0 % )              ;
;                                             ;                      ;                                ;
; Total LABs:  partially or completely used   ; 18 / 1395 ( 1 % )    ; 0 / 1395 ( 0 % )               ;
;                                             ;                      ;                                ;
; Virtual pins                                ; 0                    ; 0                              ;
; I/O pins                                    ; 31                   ; 0                              ;
; Embedded Multiplier 9-bit elements          ; 0 / 132 ( 0 % )      ; 0 / 132 ( 0 % )                ;
; Total memory bits                           ; 0                    ; 0                              ;
; Total RAM block bits                        ; 0                    ; 0                              ;
; Clock control block                         ; 2 / 24 ( 8 % )       ; 0 / 24 ( 0 % )                 ;
;                                             ;                      ;                                ;
; Connections                                 ;                      ;                                ;
;     -- Input Connections                    ; 0                    ; 0                              ;
;     -- Registered Input Connections         ; 0                    ; 0                              ;
;     -- Output Connections                   ; 0                    ; 0                              ;
;     -- Registered Output Connections        ; 0                    ; 0                              ;
;                                             ;                      ;                                ;
; Internal Connections                        ;                      ;                                ;
;     -- Total Connections                    ; 374                  ; 5                              ;
;     -- Registered Connections               ; 122                  ; 0                              ;
;                                             ;                      ;                                ;
; External Connections                        ;                      ;                                ;
;     -- Top                                  ; 0                    ; 0                              ;
;     -- hard_block:auto_generated_inst       ; 0                    ; 0                              ;
;                                             ;                      ;                                ;
; Partition Interface                         ;                      ;                                ;
;     -- Input Ports                          ; 8                    ; 0                              ;
;     -- Output Ports                         ; 23                   ; 0                              ;
;     -- Bidir Ports                          ; 0                    ; 0                              ;
;                                             ;                      ;                                ;
; Registered Ports                            ;                      ;                                ;
;     -- Registered Input Ports               ; 0                    ; 0                              ;
;     -- Registered Output Ports              ; 0                    ; 0                              ;
;                                             ;                      ;                                ;
; Port Connectivity                           ;                      ;                                ;
;     -- Input Ports driven by GND            ; 0                    ; 0                              ;
;     -- Output Ports driven by GND           ; 0                    ; 0                              ;
;     -- Input Ports driven by VCC            ; 0                    ; 0                              ;
;     -- Output Ports driven by VCC           ; 0                    ; 0                              ;
;     -- Input Ports with no Source           ; 0                    ; 0                              ;
;     -- Output Ports with no Source          ; 0                    ; 0                              ;
;     -- Input Ports with no Fanout           ; 0                    ; 0                              ;
;     -- Output Ports with no Fanout          ; 0                    ; 0                              ;
+---------------------------------------------+----------------------+--------------------------------+


+------------------------------------------------------------------------------------------------------------------------------------------------------------------------------------------------------------------------------------------------------------------------------------+
; Input Pins                                                                                                                                                                                                                                                                         ;
+---------------+-------+----------+--------------+--------------+--------------+-----------------------+--------------------+--------+----------------+---------------+-----------------+----------+--------------+--------------+---------------------------+----------------------+
; Name          ; Pin # ; I/O Bank ; X coordinate ; Y coordinate ; Z coordinate ; Combinational Fan-Out ; Registered Fan-Out ; Global ; Input Register ; Power Up High ; PCI I/O Enabled ; Bus Hold ; Weak Pull Up ; I/O Standard ; Termination Control Block ; Location assigned by ;
+---------------+-------+----------+--------------+--------------+--------------+-----------------------+--------------------+--------+----------------+---------------+-----------------+----------+--------------+--------------+---------------------------+----------------------+
; CLK           ; E1    ; 1        ; 0            ; 16           ; 7            ; 20                    ; 0                  ; yes    ; no             ; no            ; yes             ; no       ; Off          ; 2.5 V        ; --                        ; Fitter               ;
; Habilitado    ; M2    ; 2        ; 0            ; 16           ; 14           ; 12                    ; 0                  ; yes    ; no             ; no            ; yes             ; no       ; Off          ; 2.5 V        ; --                        ; Fitter               ;
; Jugador       ; B14   ; 7        ; 45           ; 34           ; 0            ; 18                    ; 0                  ; no     ; no             ; no            ; yes             ; no       ; Off          ; 2.5 V        ; --                        ; Fitter               ;
; RESET_GENERAL ; A13   ; 7        ; 49           ; 34           ; 0            ; 18                    ; 0                  ; no     ; no             ; no            ; yes             ; no       ; Off          ; 2.5 V        ; --                        ; Fitter               ;
; data[0]       ; A14   ; 7        ; 47           ; 34           ; 21           ; 9                     ; 0                  ; no     ; no             ; no            ; yes             ; no       ; Off          ; 2.5 V        ; --                        ; Fitter               ;
; data[1]       ; B13   ; 7        ; 49           ; 34           ; 7            ; 9                     ; 0                  ; no     ; no             ; no            ; yes             ; no       ; Off          ; 2.5 V        ; --                        ; Fitter               ;
; data[2]       ; B12   ; 7        ; 43           ; 34           ; 21           ; 9                     ; 0                  ; no     ; no             ; no            ; yes             ; no       ; Off          ; 2.5 V        ; --                        ; Fitter               ;
; data[3]       ; E10   ; 7        ; 45           ; 34           ; 14           ; 9                     ; 0                  ; no     ; no             ; no            ; yes             ; no       ; Off          ; 2.5 V        ; --                        ; Fitter               ;
+---------------+-------+----------+--------------+--------------+--------------+-----------------------+--------------------+--------+----------------+---------------+-----------------+----------+--------------+--------------+---------------------------+----------------------+


+---------------------------------------------------------------------------------------------------------------------------------------------------------------------------------------------------------------------------------------------------------------------------------------------------------------------------------------------------------------------------------------------------------------------------------------------------------------------+
; Output Pins                                                                                                                                                                                                                                                                                                                                                                                                                                                         ;
+--------------------+-------+----------+--------------+--------------+--------------+-----------------+------------------------+---------------+-----------+-----------------+------------+---------------+----------+--------------+--------------+------------------+-----------------------------------+---------------------------+----------------------------+-----------------------------+----------------------+----------------------+---------------------+
; Name               ; Pin # ; I/O Bank ; X coordinate ; Y coordinate ; Z coordinate ; Output Register ; Output Enable Register ; Power Up High ; Slew Rate ; PCI I/O Enabled ; Open Drain ; TRI Primitive ; Bus Hold ; Weak Pull Up ; I/O Standard ; Current Strength ; Termination                       ; Termination Control Block ; Output Buffer Pre-emphasis ; Voltage Output Differential ; Location assigned by ; Output Enable Source ; Output Enable Group ;
+--------------------+-------+----------+--------------+--------------+--------------+-----------------+------------------------+---------------+-----------+-----------------+------------+---------------+----------+--------------+--------------+------------------+-----------------------------------+---------------------------+----------------------------+-----------------------------+----------------------+----------------------+---------------------+
; Empate             ; F13   ; 6        ; 53           ; 21           ; 21           ; no              ; no                     ; no            ; 2         ; no              ; no         ; no            ; no       ; Off          ; 2.5 V        ; Default          ; Series 50 Ohm without Calibration ; --                        ; no                         ; no                          ; Fitter               ; -                    ; -                   ;
; Fin                ; J1    ; 2        ; 0            ; 15           ; 7            ; no              ; no                     ; no            ; 2         ; no              ; no         ; no            ; no       ; Off          ; 2.5 V        ; Default          ; Series 50 Ohm without Calibration ; --                        ; no                         ; no                          ; Fitter               ; -                    ; -                   ;
; Ganador_jugador_1  ; F14   ; 6        ; 53           ; 24           ; 21           ; no              ; no                     ; no            ; 2         ; no              ; no         ; no            ; no       ; Off          ; 2.5 V        ; Default          ; Series 50 Ohm without Calibration ; --                        ; no                         ; no                          ; Fitter               ; -                    ; -                   ;
; Ganador_jugador_2  ; F9    ; 7        ; 34           ; 34           ; 0            ; no              ; no                     ; no            ; 2         ; no              ; no         ; no            ; no       ; Off          ; 2.5 V        ; Default          ; Series 50 Ohm without Calibration ; --                        ; no                         ; no                          ; Fitter               ; -                    ; -                   ;
; Habilitada_ocupado ; A11   ; 7        ; 40           ; 34           ; 0            ; no              ; no                     ; no            ; 2         ; no              ; no         ; no            ; no       ; Off          ; 2.5 V        ; Default          ; Series 50 Ohm without Calibration ; --                        ; no                         ; no                          ; Fitter               ; -                    ; -                   ;
; P1_LEDS[0]         ; C15   ; 6        ; 53           ; 30           ; 0            ; no              ; no                     ; no            ; 2         ; no              ; no         ; no            ; no       ; Off          ; 2.5 V        ; Default          ; Series 50 Ohm without Calibration ; --                        ; no                         ; no                          ; Fitter               ; -                    ; -                   ;
; P1_LEDS[1]         ; D15   ; 6        ; 53           ; 26           ; 21           ; no              ; no                     ; no            ; 2         ; no              ; no         ; no            ; no       ; Off          ; 2.5 V        ; Default          ; Series 50 Ohm without Calibration ; --                        ; no                         ; no                          ; Fitter               ; -                    ; -                   ;
; P1_LEDS[2]         ; D11   ; 7        ; 51           ; 34           ; 14           ; no              ; no                     ; no            ; 2         ; no              ; no         ; no            ; no       ; Off          ; 2.5 V        ; Default          ; Series 50 Ohm without Calibration ; --                        ; no                         ; no                          ; Fitter               ; -                    ; -                   ;
; P1_LEDS[3]         ; C16   ; 6        ; 53           ; 30           ; 7            ; no              ; no                     ; no            ; 2         ; no              ; no         ; no            ; no       ; Off          ; 2.5 V        ; Default          ; Series 50 Ohm without Calibration ; --                        ; no                         ; no                          ; Fitter               ; -                    ; -                   ;
; P1_LEDS[4]         ; E11   ; 7        ; 45           ; 34           ; 7            ; no              ; no                     ; no            ; 2         ; no              ; no         ; no            ; no       ; Off          ; 2.5 V        ; Default          ; Series 50 Ohm without Calibration ; --                        ; no                         ; no                          ; Fitter               ; -                    ; -                   ;
; P1_LEDS[5]         ; D12   ; 7        ; 51           ; 34           ; 21           ; no              ; no                     ; no            ; 2         ; no              ; no         ; no            ; no       ; Off          ; 2.5 V        ; Default          ; Series 50 Ohm without Calibration ; --                        ; no                         ; no                          ; Fitter               ; -                    ; -                   ;
; P1_LEDS[6]         ; F15   ; 6        ; 53           ; 22           ; 7            ; no              ; no                     ; no            ; 2         ; no              ; no         ; no            ; no       ; Off          ; 2.5 V        ; Default          ; Series 50 Ohm without Calibration ; --                        ; no                         ; no                          ; Fitter               ; -                    ; -                   ;
; P1_LEDS[7]         ; C14   ; 7        ; 51           ; 34           ; 0            ; no              ; no                     ; no            ; 2         ; no              ; no         ; no            ; no       ; Off          ; 2.5 V        ; Default          ; Series 50 Ohm without Calibration ; --                        ; no                         ; no                          ; Fitter               ; -                    ; -                   ;
; P1_LEDS[8]         ; D16   ; 6        ; 53           ; 25           ; 0            ; no              ; no                     ; no            ; 2         ; no              ; no         ; no            ; no       ; Off          ; 2.5 V        ; Default          ; Series 50 Ohm without Calibration ; --                        ; no                         ; no                          ; Fitter               ; -                    ; -                   ;
; P2_LEDS[0]         ; B10   ; 7        ; 34           ; 34           ; 14           ; no              ; no                     ; no            ; 2         ; no              ; no         ; no            ; no       ; Off          ; 2.5 V        ; Default          ; Series 50 Ohm without Calibration ; --                        ; no                         ; no                          ; Fitter               ; -                    ; -                   ;
; P2_LEDS[1]         ; A12   ; 7        ; 43           ; 34           ; 14           ; no              ; no                     ; no            ; 2         ; no              ; no         ; no            ; no       ; Off          ; 2.5 V        ; Default          ; Series 50 Ohm without Calibration ; --                        ; no                         ; no                          ; Fitter               ; -                    ; -                   ;
; P2_LEDS[2]         ; D14   ; 7        ; 51           ; 34           ; 7            ; no              ; no                     ; no            ; 2         ; no              ; no         ; no            ; no       ; Off          ; 2.5 V        ; Default          ; Series 50 Ohm without Calibration ; --                        ; no                         ; no                          ; Fitter               ; -                    ; -                   ;
; P2_LEDS[3]         ; A15   ; 7        ; 38           ; 34           ; 14           ; no              ; no                     ; no            ; 2         ; no              ; no         ; no            ; no       ; Off          ; 2.5 V        ; Default          ; Series 50 Ohm without Calibration ; --                        ; no                         ; no                          ; Fitter               ; -                    ; -                   ;
; P2_LEDS[4]         ; A10   ; 7        ; 34           ; 34           ; 7            ; no              ; no                     ; no            ; 2         ; no              ; no         ; no            ; no       ; Off          ; 2.5 V        ; Default          ; Series 50 Ohm without Calibration ; --                        ; no                         ; no                          ; Fitter               ; -                    ; -                   ;
; P2_LEDS[5]         ; D9    ; 7        ; 31           ; 34           ; 7            ; no              ; no                     ; no            ; 2         ; no              ; no         ; no            ; no       ; Off          ; 2.5 V        ; Default          ; Series 50 Ohm without Calibration ; --                        ; no                         ; no                          ; Fitter               ; -                    ; -                   ;
; P2_LEDS[6]         ; C11   ; 7        ; 38           ; 34           ; 0            ; no              ; no                     ; no            ; 2         ; no              ; no         ; no            ; no       ; Off          ; 2.5 V        ; Default          ; Series 50 Ohm without Calibration ; --                        ; no                         ; no                          ; Fitter               ; -                    ; -                   ;
; P2_LEDS[7]         ; B11   ; 7        ; 40           ; 34           ; 7            ; no              ; no                     ; no            ; 2         ; no              ; no         ; no            ; no       ; Off          ; 2.5 V        ; Default          ; Series 50 Ohm without Calibration ; --                        ; no                         ; no                          ; Fitter               ; -                    ; -                   ;
; P2_LEDS[8]         ; B16   ; 6        ; 53           ; 22           ; 0            ; no              ; no                     ; no            ; 2         ; no              ; no         ; no            ; no       ; Off          ; 2.5 V        ; Default          ; Series 50 Ohm without Calibration ; --                        ; no                         ; no                          ; Fitter               ; -                    ; -                   ;
+--------------------+-------+----------+--------------+--------------+--------------+-----------------+------------------------+---------------+-----------+-----------------+------------+---------------+----------+--------------+--------------+------------------+-----------------------------------+---------------------------+----------------------------+-----------------------------+----------------------+----------------------+---------------------+


+------------------------------------------------------------------------------------------------------------------------------------+
; Dual Purpose and Dedicated Pins                                                                                                    ;
+----------+----------------------------------------+--------------------------+-------------------------+---------------------------+
; Location ; Pin Name                               ; Reserved As              ; User Signal Name        ; Pin Type                  ;
+----------+----------------------------------------+--------------------------+-------------------------+---------------------------+
; C1       ; DIFFIO_L3n, DATA1, ASDO                ; As input tri-stated      ; ~ALTERA_ASDO_DATA1~     ; Dual Purpose Pin          ;
; D2       ; DIFFIO_L4p, FLASH_nCE, nCSO            ; As input tri-stated      ; ~ALTERA_FLASH_nCE_nCSO~ ; Dual Purpose Pin          ;
; F4       ; nSTATUS                                ; -                        ; -                       ; Dedicated Programming Pin ;
; H1       ; DCLK                                   ; As output driving ground ; ~ALTERA_DCLK~           ; Dual Purpose Pin          ;
; H2       ; DATA0                                  ; As input tri-stated      ; ~ALTERA_DATA0~          ; Dual Purpose Pin          ;
; H5       ; nCONFIG                                ; -                        ; -                       ; Dedicated Programming Pin ;
; J3       ; nCE                                    ; -                        ; -                       ; Dedicated Programming Pin ;
; H14      ; CONF_DONE                              ; -                        ; -                       ; Dedicated Programming Pin ;
; H13      ; MSEL0                                  ; -                        ; -                       ; Dedicated Programming Pin ;
; H12      ; MSEL1                                  ; -                        ; -                       ; Dedicated Programming Pin ;
; G12      ; MSEL2                                  ; -                        ; -                       ; Dedicated Programming Pin ;
; G12      ; MSEL3                                  ; -                        ; -                       ; Dedicated Programming Pin ;
; F16      ; DIFFIO_R4n, nCEO                       ; Use as programming pin   ; ~ALTERA_nCEO~           ; Dual Purpose Pin          ;
; F15      ; DIFFIO_R4p, CLKUSR                     ; Use as regular IO        ; P1_LEDS[6]              ; Dual Purpose Pin          ;
; D16      ;                                        ; Use as regular IO        ; P1_LEDS[8]              ; Dual Purpose Pin          ;
; D15      ; PADD23                                 ; Use as regular IO        ; P1_LEDS[1]              ; Dual Purpose Pin          ;
; C16      ; DIFFIO_R1n, PADD20, DQS2R/CQ3R,CDPCLK5 ; Use as regular IO        ; P1_LEDS[3]              ; Dual Purpose Pin          ;
; B11      ; DIFFIO_T20p, PADD0                     ; Use as regular IO        ; P2_LEDS[7]              ; Dual Purpose Pin          ;
; A15      ; DIFFIO_T19n, PADD1                     ; Use as regular IO        ; P2_LEDS[3]              ; Dual Purpose Pin          ;
; F9       ; DIFFIO_T17p, PADD4, DQS2T/CQ3T,DPCLK8  ; Use as regular IO        ; Ganador_jugador_2       ; Dual Purpose Pin          ;
; A10      ; DIFFIO_T16n, PADD5                     ; Use as regular IO        ; P2_LEDS[4]              ; Dual Purpose Pin          ;
; B10      ; DIFFIO_T16p, PADD6                     ; Use as regular IO        ; P2_LEDS[0]              ; Dual Purpose Pin          ;
; D9       ; DIFFIO_T15p, PADD8                     ; Use as regular IO        ; P2_LEDS[5]              ; Dual Purpose Pin          ;
+----------+----------------------------------------+--------------------------+-------------------------+---------------------------+


+------------------------------------------------------------+
; I/O Bank Usage                                             ;
+----------+------------------+---------------+--------------+
; I/O Bank ; Usage            ; VCCIO Voltage ; VREF Voltage ;
+----------+------------------+---------------+--------------+
; 1        ; 5 / 14 ( 36 % )  ; 2.5V          ; --           ;
; 2        ; 2 / 16 ( 13 % )  ; 2.5V          ; --           ;
; 3        ; 0 / 25 ( 0 % )   ; 2.5V          ; --           ;
; 4        ; 0 / 20 ( 0 % )   ; 2.5V          ; --           ;
; 5        ; 0 / 18 ( 0 % )   ; 2.5V          ; --           ;
; 6        ; 9 / 13 ( 69 % )  ; 2.5V          ; --           ;
; 7        ; 20 / 24 ( 83 % ) ; 2.5V          ; --           ;
; 8        ; 0 / 24 ( 0 % )   ; 2.5V          ; --           ;
+----------+------------------+---------------+--------------+


+-----------------------------------------------------------------------------------------------------------------------------------------------------------------------------------------+
; All Package Pins                                                                                                                                                                        ;
+----------+------------+----------+-----------------------------------------------------------+--------+--------------+---------+------------+-----------------+----------+--------------+
; Location ; Pad Number ; I/O Bank ; Pin Name/Usage                                            ; Dir.   ; I/O Standard ; Voltage ; I/O Type   ; User Assignment ; Bus Hold ; Weak Pull Up ;
+----------+------------+----------+-----------------------------------------------------------+--------+--------------+---------+------------+-----------------+----------+--------------+
; A1       ;            ; 8        ; VCCIO8                                                    ; power  ;              ; 2.5V    ; --         ;                 ; --       ; --           ;
; A2       ; 238        ; 8        ; RESERVED_INPUT_WITH_WEAK_PULLUP                           ;        ;              ;         ; Column I/O ;                 ; no       ; On           ;
; A3       ; 239        ; 8        ; RESERVED_INPUT_WITH_WEAK_PULLUP                           ;        ;              ;         ; Column I/O ;                 ; no       ; On           ;
; A4       ; 236        ; 8        ; RESERVED_INPUT_WITH_WEAK_PULLUP                           ;        ;              ;         ; Column I/O ;                 ; no       ; On           ;
; A5       ; 232        ; 8        ; RESERVED_INPUT_WITH_WEAK_PULLUP                           ;        ;              ;         ; Column I/O ;                 ; no       ; On           ;
; A6       ; 225        ; 8        ; RESERVED_INPUT_WITH_WEAK_PULLUP                           ;        ;              ;         ; Column I/O ;                 ; no       ; On           ;
; A7       ; 220        ; 8        ; RESERVED_INPUT_WITH_WEAK_PULLUP                           ;        ;              ;         ; Column I/O ;                 ; no       ; On           ;
; A8       ; 211        ; 8        ; GND+                                                      ;        ;              ;         ; Column I/O ;                 ; --       ; --           ;
; A9       ; 209        ; 7        ; GND+                                                      ;        ;              ;         ; Column I/O ;                 ; --       ; --           ;
; A10      ; 198        ; 7        ; P2_LEDS[4]                                                ; output ; 2.5 V        ;         ; Column I/O ; N               ; no       ; Off          ;
; A11      ; 188        ; 7        ; Habilitada_ocupado                                        ; output ; 2.5 V        ;         ; Column I/O ; N               ; no       ; Off          ;
; A12      ; 186        ; 7        ; P2_LEDS[1]                                                ; output ; 2.5 V        ;         ; Column I/O ; N               ; no       ; Off          ;
; A13      ; 179        ; 7        ; RESET_GENERAL                                             ; input  ; 2.5 V        ;         ; Column I/O ; N               ; no       ; Off          ;
; A14      ; 181        ; 7        ; data[0]                                                   ; input  ; 2.5 V        ;         ; Column I/O ; N               ; no       ; Off          ;
; A15      ; 191        ; 7        ; P2_LEDS[3]                                                ; output ; 2.5 V        ;         ; Column I/O ; N               ; no       ; Off          ;
; A16      ;            ; 7        ; VCCIO7                                                    ; power  ;              ; 2.5V    ; --         ;                 ; --       ; --           ;
; B1       ; 5          ; 1        ; RESERVED_INPUT_WITH_WEAK_PULLUP                           ;        ;              ;         ; Row I/O    ;                 ; no       ; On           ;
; B2       ;            ;          ; GND                                                       ; gnd    ;              ;         ; --         ;                 ; --       ; --           ;
; B3       ; 242        ; 8        ; RESERVED_INPUT_WITH_WEAK_PULLUP                           ;        ;              ;         ; Column I/O ;                 ; no       ; On           ;
; B4       ; 237        ; 8        ; RESERVED_INPUT_WITH_WEAK_PULLUP                           ;        ;              ;         ; Column I/O ;                 ; no       ; On           ;
; B5       ; 233        ; 8        ; RESERVED_INPUT_WITH_WEAK_PULLUP                           ;        ;              ;         ; Column I/O ;                 ; no       ; On           ;
; B6       ; 226        ; 8        ; RESERVED_INPUT_WITH_WEAK_PULLUP                           ;        ;              ;         ; Column I/O ;                 ; no       ; On           ;
; B7       ; 221        ; 8        ; RESERVED_INPUT_WITH_WEAK_PULLUP                           ;        ;              ;         ; Column I/O ;                 ; no       ; On           ;
; B8       ; 212        ; 8        ; GND+                                                      ;        ;              ;         ; Column I/O ;                 ; --       ; --           ;
; B9       ; 210        ; 7        ; GND+                                                      ;        ;              ;         ; Column I/O ;                 ; --       ; --           ;
; B10      ; 199        ; 7        ; P2_LEDS[0]                                                ; output ; 2.5 V        ;         ; Column I/O ; N               ; no       ; Off          ;
; B11      ; 189        ; 7        ; P2_LEDS[7]                                                ; output ; 2.5 V        ;         ; Column I/O ; N               ; no       ; Off          ;
; B12      ; 187        ; 7        ; data[2]                                                   ; input  ; 2.5 V        ;         ; Column I/O ; N               ; no       ; Off          ;
; B13      ; 180        ; 7        ; data[1]                                                   ; input  ; 2.5 V        ;         ; Column I/O ; N               ; no       ; Off          ;
; B14      ; 182        ; 7        ; Jugador                                                   ; input  ; 2.5 V        ;         ; Column I/O ; N               ; no       ; Off          ;
; B15      ;            ;          ; GND                                                       ; gnd    ;              ;         ; --         ;                 ; --       ; --           ;
; B16      ; 164        ; 6        ; P2_LEDS[8]                                                ; output ; 2.5 V        ;         ; Row I/O    ; N               ; no       ; Off          ;
; C1       ; 7          ; 1        ; ~ALTERA_ASDO_DATA1~ / RESERVED_INPUT_WITH_WEAK_PULLUP     ; input  ; 2.5 V        ;         ; Row I/O    ; N               ; no       ; On           ;
; C2       ; 6          ; 1        ; RESERVED_INPUT_WITH_WEAK_PULLUP                           ;        ;              ;         ; Row I/O    ;                 ; no       ; On           ;
; C3       ; 245        ; 8        ; RESERVED_INPUT_WITH_WEAK_PULLUP                           ;        ;              ;         ; Column I/O ;                 ; no       ; On           ;
; C4       ;            ; 8        ; VCCIO8                                                    ; power  ;              ; 2.5V    ; --         ;                 ; --       ; --           ;
; C5       ;            ;          ; GND                                                       ; gnd    ;              ;         ; --         ;                 ; --       ; --           ;
; C6       ; 224        ; 8        ; RESERVED_INPUT_WITH_WEAK_PULLUP                           ;        ;              ;         ; Column I/O ;                 ; --       ; --           ;
; C7       ;            ; 8        ; VCCIO8                                                    ; power  ;              ; 2.5V    ; --         ;                 ; --       ; --           ;
; C8       ; 215        ; 8        ; RESERVED_INPUT_WITH_WEAK_PULLUP                           ;        ;              ;         ; Column I/O ;                 ; no       ; On           ;
; C9       ; 200        ; 7        ; RESERVED_INPUT_WITH_WEAK_PULLUP                           ;        ;              ;         ; Column I/O ;                 ; no       ; On           ;
; C10      ;            ; 7        ; VCCIO7                                                    ; power  ;              ; 2.5V    ; --         ;                 ; --       ; --           ;
; C11      ; 190        ; 7        ; P2_LEDS[6]                                                ; output ; 2.5 V        ;         ; Column I/O ; N               ; no       ; Off          ;
; C12      ;            ;          ; GND                                                       ; gnd    ;              ;         ; --         ;                 ; --       ; --           ;
; C13      ;            ; 7        ; VCCIO7                                                    ; power  ;              ; 2.5V    ; --         ;                 ; --       ; --           ;
; C14      ; 175        ; 7        ; P1_LEDS[7]                                                ; output ; 2.5 V        ;         ; Column I/O ; N               ; no       ; Off          ;
; C15      ; 174        ; 6        ; P1_LEDS[0]                                                ; output ; 2.5 V        ;         ; Row I/O    ; N               ; no       ; Off          ;
; C16      ; 173        ; 6        ; P1_LEDS[3]                                                ; output ; 2.5 V        ;         ; Row I/O    ; N               ; no       ; Off          ;
; D1       ; 10         ; 1        ; RESERVED_INPUT_WITH_WEAK_PULLUP                           ;        ;              ;         ; Row I/O    ;                 ; no       ; On           ;
; D2       ; 9          ; 1        ; ~ALTERA_FLASH_nCE_nCSO~ / RESERVED_INPUT_WITH_WEAK_PULLUP ; input  ; 2.5 V        ;         ; Row I/O    ; N               ; no       ; On           ;
; D3       ; 246        ; 8        ; RESERVED_INPUT_WITH_WEAK_PULLUP                           ;        ;              ;         ; Column I/O ;                 ; no       ; On           ;
; D4       ;            ;          ; VCCD_PLL3                                                 ; power  ;              ; 1.2V    ; --         ;                 ; --       ; --           ;
; D5       ; 241        ; 8        ; RESERVED_INPUT_WITH_WEAK_PULLUP                           ;        ;              ;         ; Column I/O ;                 ; no       ; On           ;
; D6       ; 234        ; 8        ; RESERVED_INPUT_WITH_WEAK_PULLUP                           ;        ;              ;         ; Column I/O ;                 ; no       ; On           ;
; D7       ;            ;          ; GND                                                       ; gnd    ;              ;         ; --         ;                 ; --       ; --           ;
; D8       ; 216        ; 8        ; RESERVED_INPUT_WITH_WEAK_PULLUP                           ;        ;              ;         ; Column I/O ;                 ; no       ; On           ;
; D9       ; 201        ; 7        ; P2_LEDS[5]                                                ; output ; 2.5 V        ;         ; Column I/O ; N               ; no       ; Off          ;
; D10      ;            ;          ; GND                                                       ; gnd    ;              ;         ; --         ;                 ; --       ; --           ;
; D11      ; 177        ; 7        ; P1_LEDS[2]                                                ; output ; 2.5 V        ;         ; Column I/O ; N               ; no       ; Off          ;
; D12      ; 178        ; 7        ; P1_LEDS[5]                                                ; output ; 2.5 V        ;         ; Column I/O ; N               ; no       ; Off          ;
; D13      ;            ;          ; VCCD_PLL2                                                 ; power  ;              ; 1.2V    ; --         ;                 ; --       ; --           ;
; D14      ; 176        ; 7        ; P2_LEDS[2]                                                ; output ; 2.5 V        ;         ; Column I/O ; N               ; no       ; Off          ;
; D15      ; 170        ; 6        ; P1_LEDS[1]                                                ; output ; 2.5 V        ;         ; Row I/O    ; N               ; no       ; Off          ;
; D16      ; 169        ; 6        ; P1_LEDS[8]                                                ; output ; 2.5 V        ;         ; Row I/O    ; N               ; no       ; Off          ;
; E1       ; 26         ; 1        ; CLK                                                       ; input  ; 2.5 V        ;         ; Row I/O    ; N               ; no       ; Off          ;
; E2       ;            ;          ; GND                                                       ; gnd    ;              ;         ; --         ;                 ; --       ; --           ;
; E3       ;            ; 1        ; VCCIO1                                                    ; power  ;              ; 2.5V    ; --         ;                 ; --       ; --           ;
; E4       ;            ;          ; GND                                                       ; gnd    ;              ;         ; --         ;                 ; --       ; --           ;
; E5       ;            ;          ; GNDA3                                                     ; gnd    ;              ;         ; --         ;                 ; --       ; --           ;
; E6       ; 231        ; 8        ; RESERVED_INPUT_WITH_WEAK_PULLUP                           ;        ;              ;         ; Column I/O ;                 ; no       ; On           ;
; E7       ; 227        ; 8        ; RESERVED_INPUT_WITH_WEAK_PULLUP                           ;        ;              ;         ; Column I/O ;                 ; no       ; On           ;
; E8       ; 218        ; 8        ; RESERVED_INPUT_WITH_WEAK_PULLUP                           ;        ;              ;         ; Column I/O ;                 ; no       ; On           ;
; E9       ; 205        ; 7        ; RESERVED_INPUT_WITH_WEAK_PULLUP                           ;        ;              ;         ; Column I/O ;                 ; no       ; On           ;
; E10      ; 184        ; 7        ; data[3]                                                   ; input  ; 2.5 V        ;         ; Column I/O ; N               ; no       ; Off          ;
; E11      ; 183        ; 7        ; P1_LEDS[4]                                                ; output ; 2.5 V        ;         ; Column I/O ; N               ; no       ; Off          ;
; E12      ;            ;          ; GNDA2                                                     ; gnd    ;              ;         ; --         ;                 ; --       ; --           ;
; E13      ;            ;          ; GND                                                       ; gnd    ;              ;         ; --         ;                 ; --       ; --           ;
; E14      ;            ; 6        ; VCCIO6                                                    ; power  ;              ; 2.5V    ; --         ;                 ; --       ; --           ;
; E15      ; 151        ; 6        ; GND+                                                      ;        ;              ;         ; Row I/O    ;                 ; --       ; --           ;
; E16      ; 150        ; 6        ; GND+                                                      ;        ;              ;         ; Row I/O    ;                 ; --       ; --           ;
; F1       ; 14         ; 1        ; RESERVED_INPUT_WITH_WEAK_PULLUP                           ;        ;              ;         ; Row I/O    ;                 ; no       ; On           ;
; F2       ; 13         ; 1        ; RESERVED_INPUT_WITH_WEAK_PULLUP                           ;        ;              ;         ; Row I/O    ;                 ; no       ; On           ;
; F3       ; 8          ; 1        ; RESERVED_INPUT_WITH_WEAK_PULLUP                           ;        ;              ;         ; Row I/O    ;                 ; --       ; --           ;
; F4       ; 11         ; 1        ; ^nSTATUS                                                  ;        ;              ;         ; --         ;                 ; --       ; --           ;
; F5       ;            ; --       ; VCCA3                                                     ; power  ;              ; 2.5V    ; --         ;                 ; --       ; --           ;
; F6       ;            ;          ; GND                                                       ; gnd    ;              ;         ; --         ;                 ; --       ; --           ;
; F7       ;            ;          ; VCCINT                                                    ; power  ;              ; 1.2V    ; --         ;                 ; --       ; --           ;
; F8       ; 219        ; 8        ; RESERVED_INPUT_WITH_WEAK_PULLUP                           ;        ;              ;         ; Column I/O ;                 ; no       ; On           ;
; F9       ; 197        ; 7        ; Ganador_jugador_2                                         ; output ; 2.5 V        ;         ; Column I/O ; N               ; no       ; Off          ;
; F10      ;            ;          ; GND                                                       ; gnd    ;              ;         ; --         ;                 ; --       ; --           ;
; F11      ;            ;          ; VCCINT                                                    ; power  ;              ; 1.2V    ; --         ;                 ; --       ; --           ;
; F12      ;            ; --       ; VCCA2                                                     ; power  ;              ; 2.5V    ; --         ;                 ; --       ; --           ;
; F13      ; 161        ; 6        ; Empate                                                    ; output ; 2.5 V        ;         ; Row I/O    ; N               ; no       ; Off          ;
; F14      ; 167        ; 6        ; Ganador_jugador_1                                         ; output ; 2.5 V        ;         ; Row I/O    ; N               ; no       ; Off          ;
; F15      ; 163        ; 6        ; P1_LEDS[6]                                                ; output ; 2.5 V        ;         ; Row I/O    ; N               ; no       ; Off          ;
; F16      ; 162        ; 6        ; ~ALTERA_nCEO~ / RESERVED_OUTPUT_OPEN_DRAIN                ; output ; 2.5 V        ;         ; Row I/O    ; N               ; no       ; Off          ;
; G1       ; 16         ; 1        ; RESERVED_INPUT_WITH_WEAK_PULLUP                           ;        ;              ;         ; Row I/O    ;                 ; no       ; On           ;
; G2       ; 15         ; 1        ; RESERVED_INPUT_WITH_WEAK_PULLUP                           ;        ;              ;         ; Row I/O    ;                 ; no       ; On           ;
; G3       ;            ; 1        ; VCCIO1                                                    ; power  ;              ; 2.5V    ; --         ;                 ; --       ; --           ;
; G4       ;            ;          ; GND                                                       ; gnd    ;              ;         ; --         ;                 ; --       ; --           ;
; G5       ; 12         ; 1        ; RESERVED_INPUT_WITH_WEAK_PULLUP                           ;        ;              ;         ; Row I/O    ;                 ; no       ; On           ;
; G6       ;            ;          ; VCCINT                                                    ; power  ;              ; 1.2V    ; --         ;                 ; --       ; --           ;
; G7       ;            ;          ; VCCINT                                                    ; power  ;              ; 1.2V    ; --         ;                 ; --       ; --           ;
; G8       ;            ;          ; VCCINT                                                    ; power  ;              ; 1.2V    ; --         ;                 ; --       ; --           ;
; G9       ;            ;          ; VCCINT                                                    ; power  ;              ; 1.2V    ; --         ;                 ; --       ; --           ;
; G10      ;            ;          ; VCCINT                                                    ; power  ;              ; 1.2V    ; --         ;                 ; --       ; --           ;
; G11      ;            ;          ; GND                                                       ; gnd    ;              ;         ; --         ;                 ; --       ; --           ;
; G12      ; 155        ; 6        ; ^MSEL2                                                    ;        ;              ;         ; --         ;                 ; --       ; --           ;
; G12      ; 156        ; 6        ; ^MSEL3                                                    ;        ;              ;         ; --         ;                 ; --       ; --           ;
; G13      ;            ;          ; GND                                                       ; gnd    ;              ;         ; --         ;                 ; --       ; --           ;
; G14      ;            ; 6        ; VCCIO6                                                    ; power  ;              ; 2.5V    ; --         ;                 ; --       ; --           ;
; G15      ; 160        ; 6        ; RESERVED_INPUT_WITH_WEAK_PULLUP                           ;        ;              ;         ; Row I/O    ;                 ; no       ; On           ;
; G16      ; 159        ; 6        ; RESERVED_INPUT_WITH_WEAK_PULLUP                           ;        ;              ;         ; Row I/O    ;                 ; no       ; On           ;
; H1       ; 17         ; 1        ; ~ALTERA_DCLK~                                             ; output ; 2.5 V        ;         ; Row I/O    ; N               ; no       ; On           ;
; H2       ; 18         ; 1        ; ~ALTERA_DATA0~ / RESERVED_INPUT_WITH_WEAK_PULLUP          ; input  ; 2.5 V        ;         ; Row I/O    ; N               ; no       ; On           ;
; H3       ; 21         ; 1        ; #TCK                                                      ; input  ;              ;         ; --         ;                 ; --       ; --           ;
; H4       ; 20         ; 1        ; #TDI                                                      ; input  ;              ;         ; --         ;                 ; --       ; --           ;
; H5       ; 19         ; 1        ; ^nCONFIG                                                  ;        ;              ;         ; --         ;                 ; --       ; --           ;
; H6       ;            ;          ; VCCINT                                                    ; power  ;              ; 1.2V    ; --         ;                 ; --       ; --           ;
; H7       ;            ;          ; GND                                                       ; gnd    ;              ;         ; --         ;                 ; --       ; --           ;
; H8       ;            ;          ; GND                                                       ; gnd    ;              ;         ; --         ;                 ; --       ; --           ;
; H9       ;            ;          ; GND                                                       ; gnd    ;              ;         ; --         ;                 ; --       ; --           ;
; H10      ;            ;          ; GND                                                       ; gnd    ;              ;         ; --         ;                 ; --       ; --           ;
; H11      ;            ;          ; VCCINT                                                    ; power  ;              ; 1.2V    ; --         ;                 ; --       ; --           ;
; H12      ; 154        ; 6        ; ^MSEL1                                                    ;        ;              ;         ; --         ;                 ; --       ; --           ;
; H13      ; 153        ; 6        ; ^MSEL0                                                    ;        ;              ;         ; --         ;                 ; --       ; --           ;
; H14      ; 152        ; 6        ; ^CONF_DONE                                                ;        ;              ;         ; --         ;                 ; --       ; --           ;
; H15      ;            ;          ; GND                                                       ; gnd    ;              ;         ; --         ;                 ; --       ; --           ;
; H16      ;            ;          ; GND                                                       ; gnd    ;              ;         ; --         ;                 ; --       ; --           ;
; J1       ; 30         ; 2        ; Fin                                                       ; output ; 2.5 V        ;         ; Row I/O    ; N               ; no       ; Off          ;
; J2       ; 29         ; 2        ; RESERVED_INPUT_WITH_WEAK_PULLUP                           ;        ;              ;         ; Row I/O    ;                 ; no       ; On           ;
; J3       ; 24         ; 1        ; ^nCE                                                      ;        ;              ;         ; --         ;                 ; --       ; --           ;
; J4       ; 23         ; 1        ; #TDO                                                      ; output ;              ;         ; --         ;                 ; --       ; --           ;
; J5       ; 22         ; 1        ; #TMS                                                      ; input  ;              ;         ; --         ;                 ; --       ; --           ;
; J6       ;            ;          ; VCCINT                                                    ; power  ;              ; 1.2V    ; --         ;                 ; --       ; --           ;
; J7       ;            ;          ; GND                                                       ; gnd    ;              ;         ; --         ;                 ; --       ; --           ;
; J8       ;            ;          ; GND                                                       ; gnd    ;              ;         ; --         ;                 ; --       ; --           ;
; J9       ;            ;          ; GND                                                       ; gnd    ;              ;         ; --         ;                 ; --       ; --           ;
; J10      ;            ;          ; GND                                                       ; gnd    ;              ;         ; --         ;                 ; --       ; --           ;
; J11      ;            ;          ; GND                                                       ; gnd    ;              ;         ; --         ;                 ; --       ; --           ;
; J12      ;            ;          ; VCCINT                                                    ; power  ;              ; 1.2V    ; --         ;                 ; --       ; --           ;
; J13      ; 146        ; 5        ; RESERVED_INPUT_WITH_WEAK_PULLUP                           ;        ;              ;         ; Row I/O    ;                 ; no       ; On           ;
; J14      ; 144        ; 5        ; RESERVED_INPUT_WITH_WEAK_PULLUP                           ;        ;              ;         ; Row I/O    ;                 ; no       ; On           ;
; J15      ; 143        ; 5        ; RESERVED_INPUT_WITH_WEAK_PULLUP                           ;        ;              ;         ; Row I/O    ;                 ; no       ; On           ;
; J16      ; 142        ; 5        ; RESERVED_INPUT_WITH_WEAK_PULLUP                           ;        ;              ;         ; Row I/O    ;                 ; no       ; On           ;
; K1       ; 37         ; 2        ; RESERVED_INPUT_WITH_WEAK_PULLUP                           ;        ;              ;         ; Row I/O    ;                 ; no       ; On           ;
; K2       ; 36         ; 2        ; RESERVED_INPUT_WITH_WEAK_PULLUP                           ;        ;              ;         ; Row I/O    ;                 ; no       ; On           ;
; K3       ;            ; 2        ; VCCIO2                                                    ; power  ;              ; 2.5V    ; --         ;                 ; --       ; --           ;
; K4       ;            ;          ; GND                                                       ; gnd    ;              ;         ; --         ;                 ; --       ; --           ;
; K5       ; 45         ; 2        ; RESERVED_INPUT_WITH_WEAK_PULLUP                           ;        ;              ;         ; Row I/O    ;                 ; no       ; On           ;
; K6       ;            ;          ; GND                                                       ; gnd    ;              ;         ; --         ;                 ; --       ; --           ;
; K7       ;            ;          ; VCCINT                                                    ; power  ;              ; 1.2V    ; --         ;                 ; --       ; --           ;
; K8       ;            ;          ; GND                                                       ; gnd    ;              ;         ; --         ;                 ; --       ; --           ;
; K9       ;            ;          ; VCCINT                                                    ; power  ;              ; 1.2V    ; --         ;                 ; --       ; --           ;
; K10      ;            ;          ; VCCINT                                                    ; power  ;              ; 1.2V    ; --         ;                 ; --       ; --           ;
; K11      ;            ;          ; VCCINT                                                    ; power  ;              ; 1.2V    ; --         ;                 ; --       ; --           ;
; K12      ;            ;          ; GND                                                       ; gnd    ;              ;         ; --         ;                 ; --       ; --           ;
; K13      ;            ;          ; GND                                                       ; gnd    ;              ;         ; --         ;                 ; --       ; --           ;
; K14      ;            ; 5        ; VCCIO5                                                    ; power  ;              ; 2.5V    ; --         ;                 ; --       ; --           ;
; K15      ; 141        ; 5        ; RESERVED_INPUT_WITH_WEAK_PULLUP                           ;        ;              ;         ; Row I/O    ;                 ; no       ; On           ;
; K16      ; 140        ; 5        ; RESERVED_INPUT_WITH_WEAK_PULLUP                           ;        ;              ;         ; Row I/O    ;                 ; no       ; On           ;
; L1       ; 39         ; 2        ; RESERVED_INPUT_WITH_WEAK_PULLUP                           ;        ;              ;         ; Row I/O    ;                 ; no       ; On           ;
; L2       ; 38         ; 2        ; RESERVED_INPUT_WITH_WEAK_PULLUP                           ;        ;              ;         ; Row I/O    ;                 ; no       ; On           ;
; L3       ; 40         ; 2        ; RESERVED_INPUT_WITH_WEAK_PULLUP                           ;        ;              ;         ; Row I/O    ;                 ; --       ; --           ;
; L4       ; 46         ; 2        ; RESERVED_INPUT_WITH_WEAK_PULLUP                           ;        ;              ;         ; Row I/O    ;                 ; no       ; On           ;
; L5       ;            ; --       ; VCCA1                                                     ; power  ;              ; 2.5V    ; --         ;                 ; --       ; --           ;
; L6       ;            ;          ; VCCINT                                                    ; power  ;              ; 1.2V    ; --         ;                 ; --       ; --           ;
; L7       ; 75         ; 3        ; RESERVED_INPUT_WITH_WEAK_PULLUP                           ;        ;              ;         ; Column I/O ;                 ; no       ; On           ;
; L8       ; 79         ; 3        ; RESERVED_INPUT_WITH_WEAK_PULLUP                           ;        ;              ;         ; Column I/O ;                 ; no       ; On           ;
; L9       ;            ;          ; GND                                                       ; gnd    ;              ;         ; --         ;                 ; --       ; --           ;
; L10      ;            ;          ; GND                                                       ; gnd    ;              ;         ; --         ;                 ; --       ; --           ;
; L11      ;            ;          ; GND                                                       ; gnd    ;              ;         ; --         ;                 ; --       ; --           ;
; L12      ;            ; --       ; VCCA4                                                     ; power  ;              ; 2.5V    ; --         ;                 ; --       ; --           ;
; L13      ; 136        ; 5        ; RESERVED_INPUT_WITH_WEAK_PULLUP                           ;        ;              ;         ; Row I/O    ;                 ; no       ; On           ;
; L14      ; 134        ; 5        ; RESERVED_INPUT_WITH_WEAK_PULLUP                           ;        ;              ;         ; Row I/O    ;                 ; --       ; --           ;
; L15      ; 138        ; 5        ; RESERVED_INPUT_WITH_WEAK_PULLUP                           ;        ;              ;         ; Row I/O    ;                 ; no       ; On           ;
; L16      ; 137        ; 5        ; RESERVED_INPUT_WITH_WEAK_PULLUP                           ;        ;              ;         ; Row I/O    ;                 ; no       ; On           ;
; M1       ; 28         ; 2        ; GND+                                                      ;        ;              ;         ; Row I/O    ;                 ; --       ; --           ;
; M2       ; 27         ; 2        ; Habilitado                                                ; input  ; 2.5 V        ;         ; Row I/O    ; N               ; no       ; Off          ;
; M3       ;            ; 2        ; VCCIO2                                                    ; power  ;              ; 2.5V    ; --         ;                 ; --       ; --           ;
; M4       ;            ;          ; GND                                                       ; gnd    ;              ;         ; --         ;                 ; --       ; --           ;
; M5       ;            ;          ; GNDA1                                                     ; gnd    ;              ;         ; --         ;                 ; --       ; --           ;
; M6       ; 64         ; 3        ; RESERVED_INPUT_WITH_WEAK_PULLUP                           ;        ;              ;         ; Column I/O ;                 ; no       ; On           ;
; M7       ; 68         ; 3        ; RESERVED_INPUT_WITH_WEAK_PULLUP                           ;        ;              ;         ; Column I/O ;                 ; no       ; On           ;
; M8       ; 81         ; 3        ; RESERVED_INPUT_WITH_WEAK_PULLUP                           ;        ;              ;         ; Column I/O ;                 ; no       ; On           ;
; M9       ;            ;          ; VCCINT                                                    ; power  ;              ; 1.2V    ; --         ;                 ; --       ; --           ;
; M10      ; 111        ; 4        ; RESERVED_INPUT_WITH_WEAK_PULLUP                           ;        ;              ;         ; Column I/O ;                 ; no       ; On           ;
; M11      ;            ;          ; VCCINT                                                    ; power  ;              ; 1.2V    ; --         ;                 ; --       ; --           ;
; M12      ;            ;          ; GNDA4                                                     ; gnd    ;              ;         ; --         ;                 ; --       ; --           ;
; M13      ;            ;          ; GND                                                       ; gnd    ;              ;         ; --         ;                 ; --       ; --           ;
; M14      ;            ; 5        ; VCCIO5                                                    ; power  ;              ; 2.5V    ; --         ;                 ; --       ; --           ;
; M15      ; 149        ; 5        ; GND+                                                      ;        ;              ;         ; Row I/O    ;                 ; --       ; --           ;
; M16      ; 148        ; 5        ; GND+                                                      ;        ;              ;         ; Row I/O    ;                 ; --       ; --           ;
; N1       ; 44         ; 2        ; RESERVED_INPUT_WITH_WEAK_PULLUP                           ;        ;              ;         ; Row I/O    ;                 ; no       ; On           ;
; N2       ; 43         ; 2        ; RESERVED_INPUT_WITH_WEAK_PULLUP                           ;        ;              ;         ; Row I/O    ;                 ; no       ; On           ;
; N3       ; 52         ; 3        ; RESERVED_INPUT_WITH_WEAK_PULLUP                           ;        ;              ;         ; Column I/O ;                 ; no       ; On           ;
; N4       ;            ;          ; VCCD_PLL1                                                 ; power  ;              ; 1.2V    ; --         ;                 ; --       ; --           ;
; N5       ; 62         ; 3        ; RESERVED_INPUT_WITH_WEAK_PULLUP                           ;        ;              ;         ; Column I/O ;                 ; no       ; On           ;
; N6       ; 63         ; 3        ; RESERVED_INPUT_WITH_WEAK_PULLUP                           ;        ;              ;         ; Column I/O ;                 ; no       ; On           ;
; N7       ;            ;          ; GND                                                       ; gnd    ;              ;         ; --         ;                 ; --       ; --           ;
; N8       ; 82         ; 3        ; RESERVED_INPUT_WITH_WEAK_PULLUP                           ;        ;              ;         ; Column I/O ;                 ; no       ; On           ;
; N9       ; 93         ; 4        ; RESERVED_INPUT_WITH_WEAK_PULLUP                           ;        ;              ;         ; Column I/O ;                 ; no       ; On           ;
; N10      ;            ;          ; GND                                                       ; gnd    ;              ;         ; --         ;                 ; --       ; --           ;
; N11      ; 112        ; 4        ; RESERVED_INPUT_WITH_WEAK_PULLUP                           ;        ;              ;         ; Column I/O ;                 ; no       ; On           ;
; N12      ; 117        ; 4        ; RESERVED_INPUT_WITH_WEAK_PULLUP                           ;        ;              ;         ; Column I/O ;                 ; no       ; On           ;
; N13      ;            ;          ; VCCD_PLL4                                                 ; power  ;              ; 1.2V    ; --         ;                 ; --       ; --           ;
; N14      ; 126        ; 5        ; RESERVED_INPUT_WITH_WEAK_PULLUP                           ;        ;              ;         ; Row I/O    ;                 ; no       ; On           ;
; N15      ; 133        ; 5        ; RESERVED_INPUT_WITH_WEAK_PULLUP                           ;        ;              ;         ; Row I/O    ;                 ; no       ; On           ;
; N16      ; 132        ; 5        ; RESERVED_INPUT_WITH_WEAK_PULLUP                           ;        ;              ;         ; Row I/O    ;                 ; no       ; On           ;
; P1       ; 51         ; 2        ; RESERVED_INPUT_WITH_WEAK_PULLUP                           ;        ;              ;         ; Row I/O    ;                 ; no       ; On           ;
; P2       ; 50         ; 2        ; RESERVED_INPUT_WITH_WEAK_PULLUP                           ;        ;              ;         ; Row I/O    ;                 ; no       ; On           ;
; P3       ; 53         ; 3        ; RESERVED_INPUT_WITH_WEAK_PULLUP                           ;        ;              ;         ; Column I/O ;                 ; no       ; On           ;
; P4       ;            ; 3        ; VCCIO3                                                    ; power  ;              ; 2.5V    ; --         ;                 ; --       ; --           ;
; P5       ;            ;          ; GND                                                       ; gnd    ;              ;         ; --         ;                 ; --       ; --           ;
; P6       ; 67         ; 3        ; RESERVED_INPUT_WITH_WEAK_PULLUP                           ;        ;              ;         ; Column I/O ;                 ; --       ; --           ;
; P7       ;            ; 3        ; VCCIO3                                                    ; power  ;              ; 2.5V    ; --         ;                 ; --       ; --           ;
; P8       ; 85         ; 3        ; RESERVED_INPUT_WITH_WEAK_PULLUP                           ;        ;              ;         ; Column I/O ;                 ; no       ; On           ;
; P9       ; 105        ; 4        ; RESERVED_INPUT_WITH_WEAK_PULLUP                           ;        ;              ;         ; Column I/O ;                 ; no       ; On           ;
; P10      ;            ; 4        ; VCCIO4                                                    ; power  ;              ; 2.5V    ; --         ;                 ; --       ; --           ;
; P11      ; 106        ; 4        ; RESERVED_INPUT_WITH_WEAK_PULLUP                           ;        ;              ;         ; Column I/O ;                 ; --       ; --           ;
; P12      ;            ;          ; GND                                                       ; gnd    ;              ;         ; --         ;                 ; --       ; --           ;
; P13      ;            ; 4        ; VCCIO4                                                    ; power  ;              ; 2.5V    ; --         ;                 ; --       ; --           ;
; P14      ; 119        ; 4        ; RESERVED_INPUT_WITH_WEAK_PULLUP                           ;        ;              ;         ; Column I/O ;                 ; no       ; On           ;
; P15      ; 127        ; 5        ; RESERVED_INPUT_WITH_WEAK_PULLUP                           ;        ;              ;         ; Row I/O    ;                 ; no       ; On           ;
; P16      ; 128        ; 5        ; RESERVED_INPUT_WITH_WEAK_PULLUP                           ;        ;              ;         ; Row I/O    ;                 ; no       ; On           ;
; R1       ; 49         ; 2        ; RESERVED_INPUT_WITH_WEAK_PULLUP                           ;        ;              ;         ; Row I/O    ;                 ; no       ; On           ;
; R2       ;            ;          ; GND                                                       ; gnd    ;              ;         ; --         ;                 ; --       ; --           ;
; R3       ; 54         ; 3        ; RESERVED_INPUT_WITH_WEAK_PULLUP                           ;        ;              ;         ; Column I/O ;                 ; no       ; On           ;
; R4       ; 60         ; 3        ; RESERVED_INPUT_WITH_WEAK_PULLUP                           ;        ;              ;         ; Column I/O ;                 ; no       ; On           ;
; R5       ; 71         ; 3        ; RESERVED_INPUT_WITH_WEAK_PULLUP                           ;        ;              ;         ; Column I/O ;                 ; no       ; On           ;
; R6       ; 73         ; 3        ; RESERVED_INPUT_WITH_WEAK_PULLUP                           ;        ;              ;         ; Column I/O ;                 ; no       ; On           ;
; R7       ; 76         ; 3        ; RESERVED_INPUT_WITH_WEAK_PULLUP                           ;        ;              ;         ; Column I/O ;                 ; no       ; On           ;
; R8       ; 86         ; 3        ; GND+                                                      ;        ;              ;         ; Column I/O ;                 ; --       ; --           ;
; R9       ; 88         ; 4        ; GND+                                                      ;        ;              ;         ; Column I/O ;                 ; --       ; --           ;
; R10      ; 96         ; 4        ; RESERVED_INPUT_WITH_WEAK_PULLUP                           ;        ;              ;         ; Column I/O ;                 ; no       ; On           ;
; R11      ; 98         ; 4        ; RESERVED_INPUT_WITH_WEAK_PULLUP                           ;        ;              ;         ; Column I/O ;                 ; no       ; On           ;
; R12      ; 100        ; 4        ; RESERVED_INPUT_WITH_WEAK_PULLUP                           ;        ;              ;         ; Column I/O ;                 ; no       ; On           ;
; R13      ; 107        ; 4        ; RESERVED_INPUT_WITH_WEAK_PULLUP                           ;        ;              ;         ; Column I/O ;                 ; no       ; On           ;
; R14      ; 120        ; 4        ; RESERVED_INPUT_WITH_WEAK_PULLUP                           ;        ;              ;         ; Column I/O ;                 ; no       ; On           ;
; R15      ;            ;          ; GND                                                       ; gnd    ;              ;         ; --         ;                 ; --       ; --           ;
; R16      ; 129        ; 5        ; RESERVED_INPUT_WITH_WEAK_PULLUP                           ;        ;              ;         ; Row I/O    ;                 ; no       ; On           ;
; T1       ;            ; 3        ; VCCIO3                                                    ; power  ;              ; 2.5V    ; --         ;                 ; --       ; --           ;
; T2       ; 59         ; 3        ; RESERVED_INPUT_WITH_WEAK_PULLUP                           ;        ;              ;         ; Column I/O ;                 ; no       ; On           ;
; T3       ; 55         ; 3        ; RESERVED_INPUT_WITH_WEAK_PULLUP                           ;        ;              ;         ; Column I/O ;                 ; no       ; On           ;
; T4       ; 61         ; 3        ; RESERVED_INPUT_WITH_WEAK_PULLUP                           ;        ;              ;         ; Column I/O ;                 ; no       ; On           ;
; T5       ; 72         ; 3        ; RESERVED_INPUT_WITH_WEAK_PULLUP                           ;        ;              ;         ; Column I/O ;                 ; no       ; On           ;
; T6       ; 74         ; 3        ; RESERVED_INPUT_WITH_WEAK_PULLUP                           ;        ;              ;         ; Column I/O ;                 ; no       ; On           ;
; T7       ; 77         ; 3        ; RESERVED_INPUT_WITH_WEAK_PULLUP                           ;        ;              ;         ; Column I/O ;                 ; no       ; On           ;
; T8       ; 87         ; 3        ; GND+                                                      ;        ;              ;         ; Column I/O ;                 ; --       ; --           ;
; T9       ; 89         ; 4        ; GND+                                                      ;        ;              ;         ; Column I/O ;                 ; --       ; --           ;
; T10      ; 97         ; 4        ; RESERVED_INPUT_WITH_WEAK_PULLUP                           ;        ;              ;         ; Column I/O ;                 ; no       ; On           ;
; T11      ; 99         ; 4        ; RESERVED_INPUT_WITH_WEAK_PULLUP                           ;        ;              ;         ; Column I/O ;                 ; no       ; On           ;
; T12      ; 101        ; 4        ; RESERVED_INPUT_WITH_WEAK_PULLUP                           ;        ;              ;         ; Column I/O ;                 ; no       ; On           ;
; T13      ; 108        ; 4        ; RESERVED_INPUT_WITH_WEAK_PULLUP                           ;        ;              ;         ; Column I/O ;                 ; no       ; On           ;
; T14      ; 115        ; 4        ; RESERVED_INPUT_WITH_WEAK_PULLUP                           ;        ;              ;         ; Column I/O ;                 ; no       ; On           ;
; T15      ; 116        ; 4        ; RESERVED_INPUT_WITH_WEAK_PULLUP                           ;        ;              ;         ; Column I/O ;                 ; no       ; On           ;
; T16      ;            ; 4        ; VCCIO4                                                    ; power  ;              ; 2.5V    ; --         ;                 ; --       ; --           ;
+----------+------------+----------+-----------------------------------------------------------+--------+--------------+---------+------------+-----------------+----------+--------------+
Note: Pin directions (input, output or bidir) are based on device operating in user mode.


+-----------------------------------------------------------------------------------------------------------------------------------------------------------------------------------------------------------------------------------------------------------------------------------------------------------------------------------------------------------------------------+
; Fitter Resource Utilization by Entity                                                                                                                                                                                                                                                                                                                                       ;
+----------------------------------------------+-------------+---------------------------+---------------+-------------+------+--------------+---------+-----------+------+--------------+--------------+-------------------+------------------+---------------------------------------------------------------------------------------------------------------+--------------+
; Compilation Hierarchy Node                   ; Logic Cells ; Dedicated Logic Registers ; I/O Registers ; Memory Bits ; M9Ks ; DSP Elements ; DSP 9x9 ; DSP 18x18 ; Pins ; Virtual Pins ; LUT-Only LCs ; Register-Only LCs ; LUT/Register LCs ; Full Hierarchy Name                                                                                           ; Library Name ;
+----------------------------------------------+-------------+---------------------------+---------------+-------------+------+--------------+---------+-----------+------+--------------+--------------+-------------------+------------------+---------------------------------------------------------------------------------------------------------------+--------------+
; |Bloque_final                                ; 87 (0)      ; 30 (0)                    ; 0 (0)         ; 0           ; 0    ; 0            ; 0       ; 0         ; 31   ; 0            ; 57 (0)       ; 11 (0)            ; 19 (0)           ; |Bloque_final                                                                                                 ; work         ;
;    |jugadas_full:inst|                       ; 64 (1)      ; 30 (1)                    ; 0 (0)         ; 0           ; 0    ; 0            ; 0       ; 0         ; 0    ; 0            ; 34 (0)       ; 11 (0)            ; 19 (1)           ; |Bloque_final|jugadas_full:inst                                                                               ; work         ;
;       |Almace2:inst11|                       ; 7 (7)       ; 3 (3)                     ; 0 (0)         ; 0           ; 0    ; 0            ; 0       ; 0         ; 0    ; 0            ; 4 (4)        ; 1 (1)             ; 2 (2)            ; |Bloque_final|jugadas_full:inst|Almace2:inst11                                                                ; work         ;
;       |Almace2:inst1|                        ; 5 (5)       ; 3 (3)                     ; 0 (0)         ; 0           ; 0    ; 0            ; 0       ; 0         ; 0    ; 0            ; 2 (2)        ; 1 (1)             ; 2 (2)            ; |Bloque_final|jugadas_full:inst|Almace2:inst1                                                                 ; work         ;
;       |Almace2:inst2|                        ; 6 (6)       ; 3 (3)                     ; 0 (0)         ; 0           ; 0    ; 0            ; 0       ; 0         ; 0    ; 0            ; 3 (3)        ; 2 (2)             ; 1 (1)            ; |Bloque_final|jugadas_full:inst|Almace2:inst2                                                                 ; work         ;
;       |Almace2:inst3|                        ; 5 (5)       ; 3 (3)                     ; 0 (0)         ; 0           ; 0    ; 0            ; 0       ; 0         ; 0    ; 0            ; 2 (2)        ; 0 (0)             ; 3 (3)            ; |Bloque_final|jugadas_full:inst|Almace2:inst3                                                                 ; work         ;
;       |Almace2:inst4|                        ; 5 (5)       ; 3 (3)                     ; 0 (0)         ; 0           ; 0    ; 0            ; 0       ; 0         ; 0    ; 0            ; 2 (2)        ; 1 (1)             ; 2 (2)            ; |Bloque_final|jugadas_full:inst|Almace2:inst4                                                                 ; work         ;
;       |Almace2:inst5|                        ; 5 (5)       ; 3 (3)                     ; 0 (0)         ; 0           ; 0    ; 0            ; 0       ; 0         ; 0    ; 0            ; 2 (2)        ; 0 (0)             ; 3 (3)            ; |Bloque_final|jugadas_full:inst|Almace2:inst5                                                                 ; work         ;
;       |Almace2:inst7|                        ; 5 (5)       ; 3 (3)                     ; 0 (0)         ; 0           ; 0    ; 0            ; 0       ; 0         ; 0    ; 0            ; 2 (2)        ; 1 (1)             ; 2 (2)            ; |Bloque_final|jugadas_full:inst|Almace2:inst7                                                                 ; work         ;
;       |Almace2:inst8|                        ; 6 (6)       ; 3 (3)                     ; 0 (0)         ; 0           ; 0    ; 0            ; 0       ; 0         ; 0    ; 0            ; 3 (3)        ; 2 (2)             ; 1 (1)            ; |Bloque_final|jugadas_full:inst|Almace2:inst8                                                                 ; work         ;
;       |Almace2:inst9|                        ; 5 (5)       ; 3 (3)                     ; 0 (0)         ; 0           ; 0    ; 0            ; 0       ; 0         ; 0    ; 0            ; 2 (2)        ; 1 (1)             ; 2 (2)            ; |Bloque_final|jugadas_full:inst|Almace2:inst9                                                                 ; work         ;
;       |lpm_counter0:inst10|                  ; 5 (0)       ; 2 (0)                     ; 0 (0)         ; 0           ; 0    ; 0            ; 0       ; 0         ; 0    ; 0            ; 3 (0)        ; 2 (0)             ; 0 (0)            ; |Bloque_final|jugadas_full:inst|lpm_counter0:inst10                                                           ; work         ;
;          |lpm_counter:LPM_COUNTER_component| ; 5 (0)       ; 2 (0)                     ; 0 (0)         ; 0           ; 0    ; 0            ; 0       ; 0         ; 0    ; 0            ; 3 (0)        ; 2 (0)             ; 0 (0)            ; |Bloque_final|jugadas_full:inst|lpm_counter0:inst10|lpm_counter:LPM_COUNTER_component                         ; work         ;
;             |cntr_5mi:auto_generated|        ; 5 (5)       ; 2 (2)                     ; 0 (0)         ; 0           ; 0    ; 0            ; 0       ; 0         ; 0    ; 0            ; 3 (3)        ; 2 (2)             ; 0 (0)            ; |Bloque_final|jugadas_full:inst|lpm_counter0:inst10|lpm_counter:LPM_COUNTER_component|cntr_5mi:auto_generated ; work         ;
;       |lpm_decode0:inst|                     ; 9 (0)       ; 0 (0)                     ; 0 (0)         ; 0           ; 0    ; 0            ; 0       ; 0         ; 0    ; 0            ; 9 (0)        ; 0 (0)             ; 0 (0)            ; |Bloque_final|jugadas_full:inst|lpm_decode0:inst                                                              ; work         ;
;          |lpm_decode:LPM_DECODE_component|   ; 9 (0)       ; 0 (0)                     ; 0 (0)         ; 0           ; 0    ; 0            ; 0       ; 0         ; 0    ; 0            ; 9 (0)        ; 0 (0)             ; 0 (0)            ; |Bloque_final|jugadas_full:inst|lpm_decode0:inst|lpm_decode:LPM_DECODE_component                              ; work         ;
;             |decode_ucf:auto_generated|      ; 9 (9)       ; 0 (0)                     ; 0 (0)         ; 0           ; 0    ; 0            ; 0       ; 0         ; 0    ; 0            ; 9 (9)        ; 0 (0)             ; 0 (0)            ; |Bloque_final|jugadas_full:inst|lpm_decode0:inst|lpm_decode:LPM_DECODE_component|decode_ucf:auto_generated    ; work         ;
;    |jugadas_ganadoras:inst1|                 ; 27 (27)     ; 0 (0)                     ; 0 (0)         ; 0           ; 0    ; 0            ; 0       ; 0         ; 0    ; 0            ; 23 (23)      ; 0 (0)             ; 4 (4)            ; |Bloque_final|jugadas_ganadoras:inst1                                                                         ; work         ;
+----------------------------------------------+-------------+---------------------------+---------------+-------------+------+--------------+---------+-----------+------+--------------+--------------+-------------------+------------------+---------------------------------------------------------------------------------------------------------------+--------------+
Note: For table entries with two numbers listed, the numbers in parentheses indicate the number of resources of the given type used by the specific entity alone. The numbers listed outside of parentheses indicate the total resources of the given type used by the specific entity and all of its sub-entities in the hierarchy.


+----------------------------------------------------------------------------------------------------+
; Delay Chain Summary                                                                                ;
+--------------------+----------+---------------+---------------+-----------------------+-----+------+
; Name               ; Pin Type ; Pad to Core 0 ; Pad to Core 1 ; Pad to Input Register ; TCO ; TCOE ;
+--------------------+----------+---------------+---------------+-----------------------+-----+------+
; Fin                ; Output   ; --            ; --            ; --                    ; --  ; --   ;
; Habilitada_ocupado ; Output   ; --            ; --            ; --                    ; --  ; --   ;
; P1_LEDS[0]         ; Output   ; --            ; --            ; --                    ; --  ; --   ;
; P1_LEDS[1]         ; Output   ; --            ; --            ; --                    ; --  ; --   ;
; P1_LEDS[2]         ; Output   ; --            ; --            ; --                    ; --  ; --   ;
; P1_LEDS[3]         ; Output   ; --            ; --            ; --                    ; --  ; --   ;
; P1_LEDS[4]         ; Output   ; --            ; --            ; --                    ; --  ; --   ;
; P1_LEDS[5]         ; Output   ; --            ; --            ; --                    ; --  ; --   ;
; P1_LEDS[6]         ; Output   ; --            ; --            ; --                    ; --  ; --   ;
; P1_LEDS[7]         ; Output   ; --            ; --            ; --                    ; --  ; --   ;
; P1_LEDS[8]         ; Output   ; --            ; --            ; --                    ; --  ; --   ;
; P2_LEDS[0]         ; Output   ; --            ; --            ; --                    ; --  ; --   ;
; P2_LEDS[1]         ; Output   ; --            ; --            ; --                    ; --  ; --   ;
; P2_LEDS[2]         ; Output   ; --            ; --            ; --                    ; --  ; --   ;
; P2_LEDS[3]         ; Output   ; --            ; --            ; --                    ; --  ; --   ;
; P2_LEDS[4]         ; Output   ; --            ; --            ; --                    ; --  ; --   ;
; P2_LEDS[5]         ; Output   ; --            ; --            ; --                    ; --  ; --   ;
; P2_LEDS[6]         ; Output   ; --            ; --            ; --                    ; --  ; --   ;
; P2_LEDS[7]         ; Output   ; --            ; --            ; --                    ; --  ; --   ;
; P2_LEDS[8]         ; Output   ; --            ; --            ; --                    ; --  ; --   ;
; Ganador_jugador_1  ; Output   ; --            ; --            ; --                    ; --  ; --   ;
; Ganador_jugador_2  ; Output   ; --            ; --            ; --                    ; --  ; --   ;
; Empate             ; Output   ; --            ; --            ; --                    ; --  ; --   ;
; Habilitado         ; Input    ; (0) 0 ps      ; --            ; --                    ; --  ; --   ;
; Jugador            ; Input    ; (6) 1314 ps   ; --            ; --                    ; --  ; --   ;
; CLK                ; Input    ; (0) 0 ps      ; --            ; --                    ; --  ; --   ;
; RESET_GENERAL      ; Input    ; --            ; (6) 1314 ps   ; --                    ; --  ; --   ;
; data[2]            ; Input    ; (6) 1314 ps   ; --            ; --                    ; --  ; --   ;
; data[0]            ; Input    ; (0) 0 ps      ; (0) 0 ps      ; --                    ; --  ; --   ;
; data[3]            ; Input    ; --            ; (6) 1314 ps   ; --                    ; --  ; --   ;
; data[1]            ; Input    ; --            ; (6) 1314 ps   ; --                    ; --  ; --   ;
+--------------------+----------+---------------+---------------+-----------------------+-----+------+


+--------------------------------------------------------------------------------------------------------------------------------------------------+
; Pad To Core Delay Chain Fanout                                                                                                                   ;
+--------------------------------------------------------------------------------------------------------------------+-------------------+---------+
; Source Pin / Fanout                                                                                                ; Pad To Core Index ; Setting ;
+--------------------------------------------------------------------------------------------------------------------+-------------------+---------+
; Habilitado                                                                                                         ;                   ;         ;
; Jugador                                                                                                            ;                   ;         ;
;      - jugadas_full:inst|Almace2:inst1|inst~0                                                                      ; 0                 ; 6       ;
;      - jugadas_full:inst|Almace2:inst2|inst~0                                                                      ; 0                 ; 6       ;
;      - jugadas_full:inst|Almace2:inst3|inst~0                                                                      ; 0                 ; 6       ;
;      - jugadas_full:inst|Almace2:inst4|inst~0                                                                      ; 0                 ; 6       ;
;      - jugadas_full:inst|Almace2:inst5|inst~0                                                                      ; 0                 ; 6       ;
;      - jugadas_full:inst|Almace2:inst7|inst~0                                                                      ; 0                 ; 6       ;
;      - jugadas_full:inst|Almace2:inst8|inst~0                                                                      ; 0                 ; 6       ;
;      - jugadas_full:inst|Almace2:inst9|inst~0                                                                      ; 0                 ; 6       ;
;      - jugadas_full:inst|Almace2:inst11|inst~0                                                                     ; 0                 ; 6       ;
;      - jugadas_full:inst|Almace2:inst1|inst8~0                                                                     ; 0                 ; 6       ;
;      - jugadas_full:inst|Almace2:inst2|inst8~0                                                                     ; 0                 ; 6       ;
;      - jugadas_full:inst|Almace2:inst3|inst8~0                                                                     ; 0                 ; 6       ;
;      - jugadas_full:inst|Almace2:inst4|inst8~0                                                                     ; 0                 ; 6       ;
;      - jugadas_full:inst|Almace2:inst5|inst8~0                                                                     ; 0                 ; 6       ;
;      - jugadas_full:inst|Almace2:inst7|inst8~0                                                                     ; 0                 ; 6       ;
;      - jugadas_full:inst|Almace2:inst8|inst8~0                                                                     ; 0                 ; 6       ;
;      - jugadas_full:inst|Almace2:inst9|inst8~0                                                                     ; 0                 ; 6       ;
;      - jugadas_full:inst|Almace2:inst11|inst8~0                                                                    ; 0                 ; 6       ;
; CLK                                                                                                                ;                   ;         ;
; RESET_GENERAL                                                                                                      ;                   ;         ;
;      - jugadas_full:inst|Almace2:inst1|inst9                                                                       ; 1                 ; 6       ;
;      - jugadas_full:inst|Almace2:inst2|inst9                                                                       ; 1                 ; 6       ;
;      - jugadas_full:inst|Almace2:inst3|inst9                                                                       ; 1                 ; 6       ;
;      - jugadas_full:inst|Almace2:inst4|inst9                                                                       ; 1                 ; 6       ;
;      - jugadas_full:inst|Almace2:inst5|inst9                                                                       ; 1                 ; 6       ;
;      - jugadas_full:inst|Almace2:inst7|inst9                                                                       ; 1                 ; 6       ;
;      - jugadas_full:inst|Almace2:inst8|inst9                                                                       ; 1                 ; 6       ;
;      - jugadas_full:inst|Almace2:inst9|inst9                                                                       ; 1                 ; 6       ;
;      - jugadas_full:inst|Almace2:inst11|inst9                                                                      ; 1                 ; 6       ;
;      - jugadas_full:inst|Almace2:inst1|inst12                                                                      ; 1                 ; 6       ;
;      - jugadas_full:inst|Almace2:inst2|inst12                                                                      ; 1                 ; 6       ;
;      - jugadas_full:inst|Almace2:inst3|inst12                                                                      ; 1                 ; 6       ;
;      - jugadas_full:inst|Almace2:inst4|inst12                                                                      ; 1                 ; 6       ;
;      - jugadas_full:inst|Almace2:inst5|inst12                                                                      ; 1                 ; 6       ;
;      - jugadas_full:inst|Almace2:inst7|inst12                                                                      ; 1                 ; 6       ;
;      - jugadas_full:inst|Almace2:inst8|inst12                                                                      ; 1                 ; 6       ;
;      - jugadas_full:inst|Almace2:inst9|inst12                                                                      ; 1                 ; 6       ;
;      - jugadas_full:inst|Almace2:inst11|inst12                                                                     ; 1                 ; 6       ;
; data[2]                                                                                                            ;                   ;         ;
;      - jugadas_full:inst|lpm_decode0:inst|lpm_decode:LPM_DECODE_component|decode_ucf:auto_generated|w_anode61w[3]  ; 0                 ; 6       ;
;      - jugadas_full:inst|lpm_decode0:inst|lpm_decode:LPM_DECODE_component|decode_ucf:auto_generated|w_anode71w[3]  ; 0                 ; 6       ;
;      - jugadas_full:inst|lpm_decode0:inst|lpm_decode:LPM_DECODE_component|decode_ucf:auto_generated|w_anode81w[3]  ; 0                 ; 6       ;
;      - jugadas_full:inst|lpm_decode0:inst|lpm_decode:LPM_DECODE_component|decode_ucf:auto_generated|w_anode102w[3] ; 0                 ; 6       ;
;      - jugadas_full:inst|lpm_decode0:inst|lpm_decode:LPM_DECODE_component|decode_ucf:auto_generated|w_anode162w[3] ; 0                 ; 6       ;
;      - jugadas_full:inst|lpm_decode0:inst|lpm_decode:LPM_DECODE_component|decode_ucf:auto_generated|w_anode112w[3] ; 0                 ; 6       ;
;      - jugadas_full:inst|lpm_decode0:inst|lpm_decode:LPM_DECODE_component|decode_ucf:auto_generated|w_anode122w[3] ; 0                 ; 6       ;
;      - jugadas_full:inst|lpm_decode0:inst|lpm_decode:LPM_DECODE_component|decode_ucf:auto_generated|w_anode142w[3] ; 0                 ; 6       ;
;      - jugadas_full:inst|lpm_decode0:inst|lpm_decode:LPM_DECODE_component|decode_ucf:auto_generated|w_anode152w[3] ; 0                 ; 6       ;
; data[0]                                                                                                            ;                   ;         ;
;      - jugadas_full:inst|lpm_decode0:inst|lpm_decode:LPM_DECODE_component|decode_ucf:auto_generated|w_anode61w[3]  ; 0                 ; 0       ;
;      - jugadas_full:inst|lpm_decode0:inst|lpm_decode:LPM_DECODE_component|decode_ucf:auto_generated|w_anode71w[3]  ; 0                 ; 0       ;
;      - jugadas_full:inst|lpm_decode0:inst|lpm_decode:LPM_DECODE_component|decode_ucf:auto_generated|w_anode81w[3]  ; 0                 ; 0       ;
;      - jugadas_full:inst|lpm_decode0:inst|lpm_decode:LPM_DECODE_component|decode_ucf:auto_generated|w_anode102w[3] ; 0                 ; 0       ;
;      - jugadas_full:inst|lpm_decode0:inst|lpm_decode:LPM_DECODE_component|decode_ucf:auto_generated|w_anode162w[3] ; 0                 ; 0       ;
;      - jugadas_full:inst|lpm_decode0:inst|lpm_decode:LPM_DECODE_component|decode_ucf:auto_generated|w_anode112w[3] ; 0                 ; 0       ;
;      - jugadas_full:inst|lpm_decode0:inst|lpm_decode:LPM_DECODE_component|decode_ucf:auto_generated|w_anode122w[3] ; 1                 ; 0       ;
;      - jugadas_full:inst|lpm_decode0:inst|lpm_decode:LPM_DECODE_component|decode_ucf:auto_generated|w_anode142w[3] ; 1                 ; 0       ;
;      - jugadas_full:inst|lpm_decode0:inst|lpm_decode:LPM_DECODE_component|decode_ucf:auto_generated|w_anode152w[3] ; 1                 ; 0       ;
; data[3]                                                                                                            ;                   ;         ;
;      - jugadas_full:inst|lpm_decode0:inst|lpm_decode:LPM_DECODE_component|decode_ucf:auto_generated|w_anode61w[3]  ; 1                 ; 6       ;
;      - jugadas_full:inst|lpm_decode0:inst|lpm_decode:LPM_DECODE_component|decode_ucf:auto_generated|w_anode71w[3]  ; 1                 ; 6       ;
;      - jugadas_full:inst|lpm_decode0:inst|lpm_decode:LPM_DECODE_component|decode_ucf:auto_generated|w_anode81w[3]  ; 1                 ; 6       ;
;      - jugadas_full:inst|lpm_decode0:inst|lpm_decode:LPM_DECODE_component|decode_ucf:auto_generated|w_anode102w[3] ; 1                 ; 6       ;
;      - jugadas_full:inst|lpm_decode0:inst|lpm_decode:LPM_DECODE_component|decode_ucf:auto_generated|w_anode162w[3] ; 1                 ; 6       ;
;      - jugadas_full:inst|lpm_decode0:inst|lpm_decode:LPM_DECODE_component|decode_ucf:auto_generated|w_anode112w[3] ; 1                 ; 6       ;
;      - jugadas_full:inst|lpm_decode0:inst|lpm_decode:LPM_DECODE_component|decode_ucf:auto_generated|w_anode122w[3] ; 1                 ; 6       ;
;      - jugadas_full:inst|lpm_decode0:inst|lpm_decode:LPM_DECODE_component|decode_ucf:auto_generated|w_anode142w[3] ; 1                 ; 6       ;
;      - jugadas_full:inst|lpm_decode0:inst|lpm_decode:LPM_DECODE_component|decode_ucf:auto_generated|w_anode152w[3] ; 1                 ; 6       ;
; data[1]                                                                                                            ;                   ;         ;
;      - jugadas_full:inst|lpm_decode0:inst|lpm_decode:LPM_DECODE_component|decode_ucf:auto_generated|w_anode61w[3]  ; 1                 ; 6       ;
;      - jugadas_full:inst|lpm_decode0:inst|lpm_decode:LPM_DECODE_component|decode_ucf:auto_generated|w_anode71w[3]  ; 1                 ; 6       ;
;      - jugadas_full:inst|lpm_decode0:inst|lpm_decode:LPM_DECODE_component|decode_ucf:auto_generated|w_anode81w[3]  ; 1                 ; 6       ;
;      - jugadas_full:inst|lpm_decode0:inst|lpm_decode:LPM_DECODE_component|decode_ucf:auto_generated|w_anode102w[3] ; 1                 ; 6       ;
;      - jugadas_full:inst|lpm_decode0:inst|lpm_decode:LPM_DECODE_component|decode_ucf:auto_generated|w_anode162w[3] ; 1                 ; 6       ;
;      - jugadas_full:inst|lpm_decode0:inst|lpm_decode:LPM_DECODE_component|decode_ucf:auto_generated|w_anode112w[3] ; 1                 ; 6       ;
;      - jugadas_full:inst|lpm_decode0:inst|lpm_decode:LPM_DECODE_component|decode_ucf:auto_generated|w_anode122w[3] ; 1                 ; 6       ;
;      - jugadas_full:inst|lpm_decode0:inst|lpm_decode:LPM_DECODE_component|decode_ucf:auto_generated|w_anode142w[3] ; 1                 ; 6       ;
;      - jugadas_full:inst|lpm_decode0:inst|lpm_decode:LPM_DECODE_component|decode_ucf:auto_generated|w_anode152w[3] ; 1                 ; 6       ;
+--------------------------------------------------------------------------------------------------------------------+-------------------+---------+


+---------------------------------------------------------------------------------------------------------------------------------------------------------------------------------------------------------------------------------------------------+
; Control Signals                                                                                                                                                                                                                                   ;
+----------------------------------------------------------------------------------------------------------------------+--------------------+---------+--------------+--------+----------------------+------------------+---------------------------+
; Name                                                                                                                 ; Location           ; Fan-Out ; Usage        ; Global ; Global Resource Used ; Global Line Name ; Enable Signal Source Name ;
+----------------------------------------------------------------------------------------------------------------------+--------------------+---------+--------------+--------+----------------------+------------------+---------------------------+
; CLK                                                                                                                  ; PIN_E1             ; 2       ; Clock        ; no     ; --                   ; --               ; --                        ;
; CLK                                                                                                                  ; PIN_E1             ; 19      ; Clock        ; yes    ; Global Clock         ; GCLK2            ; --                        ;
; Habilitado                                                                                                           ; PIN_M2             ; 12      ; Async. clear ; yes    ; Global Clock         ; GCLK4            ; --                        ;
; jugadas_full:inst|Almace2:inst11|inst12                                                                              ; LCCOMB_X48_Y31_N28 ; 1       ; Async. clear ; no     ; --                   ; --               ; --                        ;
; jugadas_full:inst|Almace2:inst11|inst9                                                                               ; LCCOMB_X48_Y31_N30 ; 1       ; Async. clear ; no     ; --                   ; --               ; --                        ;
; jugadas_full:inst|Almace2:inst1|inst12                                                                               ; LCCOMB_X45_Y32_N28 ; 1       ; Async. clear ; no     ; --                   ; --               ; --                        ;
; jugadas_full:inst|Almace2:inst1|inst9                                                                                ; LCCOMB_X45_Y32_N14 ; 1       ; Async. clear ; no     ; --                   ; --               ; --                        ;
; jugadas_full:inst|Almace2:inst2|inst12                                                                               ; LCCOMB_X47_Y32_N28 ; 1       ; Async. clear ; no     ; --                   ; --               ; --                        ;
; jugadas_full:inst|Almace2:inst2|inst9                                                                                ; LCCOMB_X47_Y32_N18 ; 1       ; Async. clear ; no     ; --                   ; --               ; --                        ;
; jugadas_full:inst|Almace2:inst3|inst12                                                                               ; LCCOMB_X48_Y32_N24 ; 1       ; Async. clear ; no     ; --                   ; --               ; --                        ;
; jugadas_full:inst|Almace2:inst3|inst9                                                                                ; LCCOMB_X48_Y32_N20 ; 1       ; Async. clear ; no     ; --                   ; --               ; --                        ;
; jugadas_full:inst|Almace2:inst4|inst12                                                                               ; LCCOMB_X46_Y31_N24 ; 1       ; Async. clear ; no     ; --                   ; --               ; --                        ;
; jugadas_full:inst|Almace2:inst4|inst9                                                                                ; LCCOMB_X46_Y31_N12 ; 1       ; Async. clear ; no     ; --                   ; --               ; --                        ;
; jugadas_full:inst|Almace2:inst5|inst12                                                                               ; LCCOMB_X47_Y33_N18 ; 1       ; Async. clear ; no     ; --                   ; --               ; --                        ;
; jugadas_full:inst|Almace2:inst5|inst9                                                                                ; LCCOMB_X47_Y33_N28 ; 1       ; Async. clear ; no     ; --                   ; --               ; --                        ;
; jugadas_full:inst|Almace2:inst7|inst12                                                                               ; LCCOMB_X44_Y32_N18 ; 1       ; Async. clear ; no     ; --                   ; --               ; --                        ;
; jugadas_full:inst|Almace2:inst7|inst9                                                                                ; LCCOMB_X44_Y32_N6  ; 1       ; Async. clear ; no     ; --                   ; --               ; --                        ;
; jugadas_full:inst|Almace2:inst8|inst12                                                                               ; LCCOMB_X45_Y31_N4  ; 1       ; Async. clear ; no     ; --                   ; --               ; --                        ;
; jugadas_full:inst|Almace2:inst8|inst9                                                                                ; LCCOMB_X45_Y31_N18 ; 1       ; Async. clear ; no     ; --                   ; --               ; --                        ;
; jugadas_full:inst|Almace2:inst9|inst12                                                                               ; LCCOMB_X45_Y33_N26 ; 1       ; Async. clear ; no     ; --                   ; --               ; --                        ;
; jugadas_full:inst|Almace2:inst9|inst9                                                                                ; LCCOMB_X45_Y33_N6  ; 1       ; Async. clear ; no     ; --                   ; --               ; --                        ;
; jugadas_full:inst|lpm_counter0:inst10|lpm_counter:LPM_COUNTER_component|cntr_5mi:auto_generated|counter_comb_bita1~0 ; LCCOMB_X1_Y16_N14  ; 1       ; Clock        ; no     ; --                   ; --               ; --                        ;
; jugadas_full:inst|lpm_decode0:inst|lpm_decode:LPM_DECODE_component|decode_ucf:auto_generated|w_anode102w[3]          ; LCCOMB_X46_Y31_N26 ; 3       ; Clock        ; no     ; --                   ; --               ; --                        ;
; jugadas_full:inst|lpm_decode0:inst|lpm_decode:LPM_DECODE_component|decode_ucf:auto_generated|w_anode112w[3]          ; LCCOMB_X47_Y33_N14 ; 3       ; Clock        ; no     ; --                   ; --               ; --                        ;
; jugadas_full:inst|lpm_decode0:inst|lpm_decode:LPM_DECODE_component|decode_ucf:auto_generated|w_anode122w[3]          ; LCCOMB_X44_Y32_N14 ; 3       ; Clock        ; no     ; --                   ; --               ; --                        ;
; jugadas_full:inst|lpm_decode0:inst|lpm_decode:LPM_DECODE_component|decode_ucf:auto_generated|w_anode142w[3]          ; LCCOMB_X45_Y31_N30 ; 3       ; Clock        ; no     ; --                   ; --               ; --                        ;
; jugadas_full:inst|lpm_decode0:inst|lpm_decode:LPM_DECODE_component|decode_ucf:auto_generated|w_anode152w[3]          ; LCCOMB_X45_Y33_N14 ; 3       ; Clock        ; no     ; --                   ; --               ; --                        ;
; jugadas_full:inst|lpm_decode0:inst|lpm_decode:LPM_DECODE_component|decode_ucf:auto_generated|w_anode162w[3]          ; LCCOMB_X48_Y31_N8  ; 3       ; Clock        ; no     ; --                   ; --               ; --                        ;
; jugadas_full:inst|lpm_decode0:inst|lpm_decode:LPM_DECODE_component|decode_ucf:auto_generated|w_anode61w[3]           ; LCCOMB_X46_Y32_N20 ; 3       ; Clock        ; no     ; --                   ; --               ; --                        ;
; jugadas_full:inst|lpm_decode0:inst|lpm_decode:LPM_DECODE_component|decode_ucf:auto_generated|w_anode71w[3]           ; LCCOMB_X47_Y32_N30 ; 3       ; Clock        ; no     ; --                   ; --               ; --                        ;
; jugadas_full:inst|lpm_decode0:inst|lpm_decode:LPM_DECODE_component|decode_ucf:auto_generated|w_anode81w[3]           ; LCCOMB_X48_Y32_N26 ; 3       ; Clock        ; no     ; --                   ; --               ; --                        ;
+----------------------------------------------------------------------------------------------------------------------+--------------------+---------+--------------+--------+----------------------+------------------+---------------------------+


+----------------------------------------------------------------------------------------------------------------------------------------------+
; Global & Other Fast Signals                                                                                                                  ;
+------------+----------+---------+--------------------------------------+----------------------+------------------+---------------------------+
; Name       ; Location ; Fan-Out ; Fan-Out Using Intentional Clock Skew ; Global Resource Used ; Global Line Name ; Enable Signal Source Name ;
+------------+----------+---------+--------------------------------------+----------------------+------------------+---------------------------+
; CLK        ; PIN_E1   ; 19      ; 0                                    ; Global Clock         ; GCLK2            ; --                        ;
; Habilitado ; PIN_M2   ; 12      ; 0                                    ; Global Clock         ; GCLK4            ; --                        ;
+------------+----------+---------+--------------------------------------+----------------------+------------------+---------------------------+


+-----------------------------------------------------------------------------------------------------------------------------------+
; Non-Global High Fan-Out Signals                                                                                                   ;
+-------------------------------------------------------------------------------------------------------------------------+---------+
; Name                                                                                                                    ; Fan-Out ;
+-------------------------------------------------------------------------------------------------------------------------+---------+
; RESET_GENERAL~input                                                                                                     ; 18      ;
; Jugador~input                                                                                                           ; 18      ;
; data[1]~input                                                                                                           ; 9       ;
; data[3]~input                                                                                                           ; 9       ;
; data[0]~input                                                                                                           ; 9       ;
; data[2]~input                                                                                                           ; 9       ;
; jugadas_full:inst|Almace2:inst11|inst8                                                                                  ; 7       ;
; jugadas_full:inst|Almace2:inst5|inst8                                                                                   ; 7       ;
; jugadas_full:inst|Almace2:inst3|inst8                                                                                   ; 7       ;
; jugadas_full:inst|Almace2:inst11|inst                                                                                   ; 7       ;
; jugadas_full:inst|Almace2:inst3|inst                                                                                    ; 7       ;
; jugadas_full:inst|Almace2:inst9|inst8                                                                                   ; 6       ;
; jugadas_full:inst|Almace2:inst8|inst8                                                                                   ; 6       ;
; jugadas_full:inst|Almace2:inst4|inst8                                                                                   ; 6       ;
; jugadas_full:inst|Almace2:inst2|inst8                                                                                   ; 6       ;
; jugadas_full:inst|Almace2:inst9|inst                                                                                    ; 6       ;
; jugadas_full:inst|Almace2:inst8|inst                                                                                    ; 6       ;
; jugadas_full:inst|Almace2:inst7|inst                                                                                    ; 6       ;
; jugadas_full:inst|Almace2:inst4|inst                                                                                    ; 6       ;
; jugadas_full:inst|Almace2:inst2|inst                                                                                    ; 6       ;
; jugadas_full:inst|Almace2:inst1|inst                                                                                    ; 6       ;
; jugadas_full:inst|Almace2:inst7|inst8                                                                                   ; 5       ;
; jugadas_full:inst|Almace2:inst1|inst8                                                                                   ; 5       ;
; jugadas_full:inst|Almace2:inst5|inst                                                                                    ; 5       ;
; jugadas_full:inst|lpm_decode0:inst|lpm_decode:LPM_DECODE_component|decode_ucf:auto_generated|w_anode152w[3]             ; 3       ;
; jugadas_full:inst|lpm_decode0:inst|lpm_decode:LPM_DECODE_component|decode_ucf:auto_generated|w_anode142w[3]             ; 3       ;
; jugadas_full:inst|lpm_decode0:inst|lpm_decode:LPM_DECODE_component|decode_ucf:auto_generated|w_anode122w[3]             ; 3       ;
; jugadas_full:inst|lpm_decode0:inst|lpm_decode:LPM_DECODE_component|decode_ucf:auto_generated|w_anode112w[3]             ; 3       ;
; jugadas_full:inst|lpm_decode0:inst|lpm_decode:LPM_DECODE_component|decode_ucf:auto_generated|w_anode162w[3]             ; 3       ;
; jugadas_full:inst|lpm_decode0:inst|lpm_decode:LPM_DECODE_component|decode_ucf:auto_generated|w_anode102w[3]             ; 3       ;
; jugadas_full:inst|lpm_decode0:inst|lpm_decode:LPM_DECODE_component|decode_ucf:auto_generated|w_anode81w[3]              ; 3       ;
; jugadas_full:inst|lpm_decode0:inst|lpm_decode:LPM_DECODE_component|decode_ucf:auto_generated|w_anode71w[3]              ; 3       ;
; jugadas_full:inst|lpm_decode0:inst|lpm_decode:LPM_DECODE_component|decode_ucf:auto_generated|w_anode61w[3]              ; 3       ;
; jugadas_ganadoras:inst1|inst42                                                                                          ; 2       ;
; jugadas_ganadoras:inst1|inst43                                                                                          ; 2       ;
; jugadas_ganadoras:inst1|inst28                                                                                          ; 2       ;
; jugadas_ganadoras:inst1|inst27                                                                                          ; 2       ;
; jugadas_ganadoras:inst1|inst26                                                                                          ; 2       ;
; jugadas_ganadoras:inst1|inst25                                                                                          ; 2       ;
; jugadas_ganadoras:inst1|inst24                                                                                          ; 2       ;
; jugadas_ganadoras:inst1|inst                                                                                            ; 2       ;
; jugadas_full:inst|inst6~feeder                                                                                          ; 1       ;
; CLK~input                                                                                                               ; 1       ;
; jugadas_ganadoras:inst1|inst19~4                                                                                        ; 1       ;
; jugadas_ganadoras:inst1|inst19~3                                                                                        ; 1       ;
; jugadas_full:inst|Almace2:inst11|inst12                                                                                 ; 1       ;
; jugadas_full:inst|Almace2:inst11|inst8~0                                                                                ; 1       ;
; jugadas_full:inst|Almace2:inst9|inst12                                                                                  ; 1       ;
; jugadas_full:inst|Almace2:inst9|inst8~0                                                                                 ; 1       ;
; jugadas_full:inst|Almace2:inst8|inst12                                                                                  ; 1       ;
; jugadas_full:inst|Almace2:inst8|inst8~0                                                                                 ; 1       ;
; jugadas_full:inst|Almace2:inst7|inst12                                                                                  ; 1       ;
; jugadas_full:inst|Almace2:inst7|inst8~0                                                                                 ; 1       ;
; jugadas_full:inst|Almace2:inst5|inst12                                                                                  ; 1       ;
; jugadas_full:inst|Almace2:inst5|inst8~0                                                                                 ; 1       ;
; jugadas_full:inst|Almace2:inst4|inst12                                                                                  ; 1       ;
; jugadas_full:inst|Almace2:inst4|inst8~0                                                                                 ; 1       ;
; jugadas_full:inst|Almace2:inst3|inst12                                                                                  ; 1       ;
; jugadas_full:inst|Almace2:inst3|inst8~0                                                                                 ; 1       ;
; jugadas_full:inst|Almace2:inst2|inst12                                                                                  ; 1       ;
; jugadas_full:inst|Almace2:inst2|inst8~0                                                                                 ; 1       ;
; jugadas_full:inst|Almace2:inst1|inst12                                                                                  ; 1       ;
; jugadas_full:inst|Almace2:inst1|inst8~0                                                                                 ; 1       ;
; jugadas_full:inst|Almace2:inst11|inst9                                                                                  ; 1       ;
; jugadas_full:inst|Almace2:inst11|inst~0                                                                                 ; 1       ;
; jugadas_full:inst|Almace2:inst9|inst9                                                                                   ; 1       ;
; jugadas_full:inst|Almace2:inst9|inst~0                                                                                  ; 1       ;
; jugadas_full:inst|Almace2:inst8|inst9                                                                                   ; 1       ;
; jugadas_full:inst|Almace2:inst8|inst~0                                                                                  ; 1       ;
; jugadas_full:inst|Almace2:inst7|inst9                                                                                   ; 1       ;
; jugadas_full:inst|Almace2:inst7|inst~0                                                                                  ; 1       ;
; jugadas_full:inst|Almace2:inst5|inst9                                                                                   ; 1       ;
; jugadas_full:inst|Almace2:inst5|inst~0                                                                                  ; 1       ;
; jugadas_full:inst|Almace2:inst4|inst9                                                                                   ; 1       ;
; jugadas_full:inst|Almace2:inst4|inst~0                                                                                  ; 1       ;
; jugadas_full:inst|Almace2:inst3|inst9                                                                                   ; 1       ;
; jugadas_full:inst|Almace2:inst3|inst~0                                                                                  ; 1       ;
; jugadas_full:inst|Almace2:inst2|inst9                                                                                   ; 1       ;
; jugadas_full:inst|Almace2:inst2|inst~0                                                                                  ; 1       ;
; jugadas_full:inst|Almace2:inst1|inst9                                                                                   ; 1       ;
; jugadas_full:inst|Almace2:inst1|inst~0                                                                                  ; 1       ;
; jugadas_ganadoras:inst1|inst44                                                                                          ; 1       ;
; jugadas_full:inst|lpm_counter0:inst10|lpm_counter:LPM_COUNTER_component|cntr_5mi:auto_generated|counter_reg_bit[0]      ; 1       ;
; jugadas_full:inst|lpm_counter0:inst10|lpm_counter:LPM_COUNTER_component|cntr_5mi:auto_generated|counter_reg_bit[1]      ; 1       ;
; jugadas_ganadoras:inst1|inst23                                                                                          ; 1       ;
; jugadas_ganadoras:inst1|inst23~1                                                                                        ; 1       ;
; jugadas_ganadoras:inst1|inst23~0                                                                                        ; 1       ;
; jugadas_ganadoras:inst1|inst19~2                                                                                        ; 1       ;
; jugadas_ganadoras:inst1|inst19~1                                                                                        ; 1       ;
; jugadas_ganadoras:inst1|inst10~0                                                                                        ; 1       ;
; jugadas_ganadoras:inst1|inst19~0                                                                                        ; 1       ;
; jugadas_ganadoras:inst1|inst16~5                                                                                        ; 1       ;
; jugadas_ganadoras:inst1|inst16~4                                                                                        ; 1       ;
; jugadas_ganadoras:inst1|inst16~3                                                                                        ; 1       ;
; jugadas_ganadoras:inst1|inst16~2                                                                                        ; 1       ;
; jugadas_ganadoras:inst1|inst16~1                                                                                        ; 1       ;
; jugadas_ganadoras:inst1|inst16~0                                                                                        ; 1       ;
; jugadas_ganadoras:inst1|inst32~2                                                                                        ; 1       ;
; jugadas_ganadoras:inst1|inst32~1                                                                                        ; 1       ;
; jugadas_full:inst|Almace2:inst9|inst13                                                                                  ; 1       ;
; jugadas_full:inst|Almace2:inst8|inst13                                                                                  ; 1       ;
; jugadas_full:inst|Almace2:inst7|inst13                                                                                  ; 1       ;
; jugadas_full:inst|Almace2:inst5|inst13                                                                                  ; 1       ;
; jugadas_full:inst|Almace2:inst11|inst13                                                                                 ; 1       ;
; jugadas_ganadoras:inst1|inst32~0                                                                                        ; 1       ;
; jugadas_full:inst|Almace2:inst4|inst13                                                                                  ; 1       ;
; jugadas_full:inst|Almace2:inst3|inst13                                                                                  ; 1       ;
; jugadas_full:inst|Almace2:inst2|inst13                                                                                  ; 1       ;
; jugadas_full:inst|Almace2:inst1|inst13                                                                                  ; 1       ;
; jugadas_full:inst|inst6                                                                                                 ; 1       ;
; jugadas_full:inst|lpm_counter0:inst10|lpm_counter:LPM_COUNTER_component|cntr_5mi:auto_generated|counter_comb_bita1~0    ; 1       ;
; jugadas_full:inst|lpm_counter0:inst10|lpm_counter:LPM_COUNTER_component|cntr_5mi:auto_generated|counter_comb_bita1~COUT ; 1       ;
; jugadas_full:inst|lpm_counter0:inst10|lpm_counter:LPM_COUNTER_component|cntr_5mi:auto_generated|counter_comb_bita1      ; 1       ;
; jugadas_full:inst|lpm_counter0:inst10|lpm_counter:LPM_COUNTER_component|cntr_5mi:auto_generated|counter_comb_bita0~COUT ; 1       ;
; jugadas_full:inst|lpm_counter0:inst10|lpm_counter:LPM_COUNTER_component|cntr_5mi:auto_generated|counter_comb_bita0      ; 1       ;
+-------------------------------------------------------------------------------------------------------------------------+---------+


+------------------------------------------------------+
; Other Routing Usage Summary                          ;
+-----------------------------+------------------------+
; Other Routing Resource Type ; Usage                  ;
+-----------------------------+------------------------+
; Block interconnects         ; 164 / 71,559 ( < 1 % ) ;
; C16 interconnects           ; 3 / 2,597 ( < 1 % )    ;
; C4 interconnects            ; 75 / 46,848 ( < 1 % )  ;
; Direct links                ; 37 / 71,559 ( < 1 % )  ;
; Global clocks               ; 2 / 20 ( 10 % )        ;
; Local interconnects         ; 62 / 24,624 ( < 1 % )  ;
; R24 interconnects           ; 4 / 2,496 ( < 1 % )    ;
; R4 interconnects            ; 84 / 62,424 ( < 1 % )  ;
+-----------------------------+------------------------+


+---------------------------------------------------------------------------+
; LAB Logic Elements                                                        ;
+--------------------------------------------+------------------------------+
; Number of Logic Elements  (Average = 4.83) ; Number of LABs  (Total = 18) ;
+--------------------------------------------+------------------------------+
; 1                                          ; 5                            ;
; 2                                          ; 0                            ;
; 3                                          ; 0                            ;
; 4                                          ; 0                            ;
; 5                                          ; 4                            ;
; 6                                          ; 3                            ;
; 7                                          ; 5                            ;
; 8                                          ; 0                            ;
; 9                                          ; 1                            ;
; 10                                         ; 0                            ;
; 11                                         ; 0                            ;
; 12                                         ; 0                            ;
; 13                                         ; 0                            ;
; 14                                         ; 0                            ;
; 15                                         ; 0                            ;
; 16                                         ; 0                            ;
+--------------------------------------------+------------------------------+


+-------------------------------------------------------------------+
; LAB-wide Signals                                                  ;
+------------------------------------+------------------------------+
; LAB-wide Signals  (Average = 1.56) ; Number of LABs  (Total = 18) ;
+------------------------------------+------------------------------+
; 1 Async. clear                     ; 9                            ;
; 1 Clock                            ; 16                           ;
; 2 Async. clears                    ; 1                            ;
; 2 Clocks                           ; 2                            ;
+------------------------------------+------------------------------+


+----------------------------------------------------------------------------+
; LAB Signals Sourced                                                        ;
+---------------------------------------------+------------------------------+
; Number of Signals Sourced  (Average = 6.50) ; Number of LABs  (Total = 18) ;
+---------------------------------------------+------------------------------+
; 0                                           ; 0                            ;
; 1                                           ; 0                            ;
; 2                                           ; 5                            ;
; 3                                           ; 0                            ;
; 4                                           ; 0                            ;
; 5                                           ; 0                            ;
; 6                                           ; 0                            ;
; 7                                           ; 4                            ;
; 8                                           ; 4                            ;
; 9                                           ; 4                            ;
; 10                                          ; 0                            ;
; 11                                          ; 1                            ;
+---------------------------------------------+------------------------------+


+--------------------------------------------------------------------------------+
; LAB Signals Sourced Out                                                        ;
+-------------------------------------------------+------------------------------+
; Number of Signals Sourced Out  (Average = 2.94) ; Number of LABs  (Total = 18) ;
+-------------------------------------------------+------------------------------+
; 0                                               ; 0                            ;
; 1                                               ; 4                            ;
; 2                                               ; 3                            ;
; 3                                               ; 4                            ;
; 4                                               ; 4                            ;
; 5                                               ; 3                            ;
+-------------------------------------------------+------------------------------+


+----------------------------------------------------------------------------+
; LAB Distinct Inputs                                                        ;
+---------------------------------------------+------------------------------+
; Number of Distinct Inputs  (Average = 7.33) ; Number of LABs  (Total = 18) ;
+---------------------------------------------+------------------------------+
; 0                                           ; 0                            ;
; 1                                           ; 0                            ;
; 2                                           ; 1                            ;
; 3                                           ; 3                            ;
; 4                                           ; 2                            ;
; 5                                           ; 0                            ;
; 6                                           ; 0                            ;
; 7                                           ; 6                            ;
; 8                                           ; 0                            ;
; 9                                           ; 0                            ;
; 10                                          ; 1                            ;
; 11                                          ; 2                            ;
; 12                                          ; 2                            ;
; 13                                          ; 0                            ;
; 14                                          ; 0                            ;
; 15                                          ; 1                            ;
+---------------------------------------------+------------------------------+


+------------------------------------------+
; I/O Rules Summary                        ;
+----------------------------------+-------+
; I/O Rules Statistic              ; Total ;
+----------------------------------+-------+
; Total I/O Rules                  ; 30    ;
; Number of I/O Rules Passed       ; 9     ;
; Number of I/O Rules Failed       ; 0     ;
; Number of I/O Rules Unchecked    ; 0     ;
; Number of I/O Rules Inapplicable ; 21    ;
+----------------------------------+-------+


+-----------------------------------------------------------------------------------------------------------------------------------------------------------------------------------------------------------------------------------------------------------------------------------------------------+
; I/O Rules Details                                                                                                                                                                                                                                                                                   ;
+--------------+-----------+-----------------------------------+------------------------------------------------------------------------------------------------------+----------+--------------------------------------------------------------------------+---------------------+-------------------+
; Status       ; ID        ; Category                          ; Rule Description                                                                                     ; Severity ; Information                                                              ; Area                ; Extra Information ;
+--------------+-----------+-----------------------------------+------------------------------------------------------------------------------------------------------+----------+--------------------------------------------------------------------------+---------------------+-------------------+
; Inapplicable ; IO_000001 ; Capacity Checks                   ; Number of pins in an I/O bank should not exceed the number of locations available.                   ; Critical ; No Location assignments found.                                           ; I/O                 ;                   ;
; Inapplicable ; IO_000002 ; Capacity Checks                   ; Number of clocks in an I/O bank should not exceed the number of clocks available.                    ; Critical ; No Global Signal assignments found.                                      ; I/O                 ;                   ;
; Inapplicable ; IO_000003 ; Capacity Checks                   ; Number of pins in a Vrefgroup should not exceed the number of locations available.                   ; Critical ; No Location assignments found.                                           ; I/O                 ;                   ;
; Inapplicable ; IO_000004 ; Voltage Compatibility Checks      ; The I/O bank should support the requested VCCIO.                                                     ; Critical ; No IOBANK_VCCIO assignments found.                                       ; I/O                 ;                   ;
; Inapplicable ; IO_000005 ; Voltage Compatibility Checks      ; The I/O bank should not have competing VREF values.                                                  ; Critical ; No VREF I/O Standard assignments found.                                  ; I/O                 ;                   ;
; Pass         ; IO_000006 ; Voltage Compatibility Checks      ; The I/O bank should not have competing VCCIO values.                                                 ; Critical ; 0 such failures found.                                                   ; I/O                 ;                   ;
; Inapplicable ; IO_000007 ; Valid Location Checks             ; Checks for unavailable locations.                                                                    ; Critical ; No Location assignments found.                                           ; I/O                 ;                   ;
; Inapplicable ; IO_000008 ; Valid Location Checks             ; Checks for reserved locations.                                                                       ; Critical ; No reserved LogicLock region found.                                      ; I/O                 ;                   ;
; Pass         ; IO_000009 ; I/O Properties Checks for One I/O ; The location should support the requested I/O standard.                                              ; Critical ; 0 such failures found.                                                   ; I/O                 ;                   ;
; Pass         ; IO_000010 ; I/O Properties Checks for One I/O ; The location should support the requested I/O direction.                                             ; Critical ; 0 such failures found.                                                   ; I/O                 ;                   ;
; Inapplicable ; IO_000011 ; I/O Properties Checks for One I/O ; The location should support the requested Current Strength.                                          ; Critical ; No Current Strength assignments found.                                   ; I/O                 ;                   ;
; Pass         ; IO_000012 ; I/O Properties Checks for One I/O ; The location should support the requested On Chip Termination value.                                 ; Critical ; 0 such failures found.                                                   ; I/O                 ;                   ;
; Inapplicable ; IO_000013 ; I/O Properties Checks for One I/O ; The location should support the requested Bus Hold value.                                            ; Critical ; No Enable Bus-Hold Circuitry assignments found.                          ; I/O                 ;                   ;
; Inapplicable ; IO_000014 ; I/O Properties Checks for One I/O ; The location should support the requested Weak Pull Up value.                                        ; Critical ; No Weak Pull-Up Resistor assignments found.                              ; I/O                 ;                   ;
; Pass         ; IO_000015 ; I/O Properties Checks for One I/O ; The location should support the requested PCI Clamp Diode.                                           ; Critical ; 0 such failures found.                                                   ; I/O                 ;                   ;
; Inapplicable ; IO_000018 ; I/O Properties Checks for One I/O ; The I/O standard should support the requested Current Strength.                                      ; Critical ; No Current Strength assignments found.                                   ; I/O                 ;                   ;
; Pass         ; IO_000019 ; I/O Properties Checks for One I/O ; The I/O standard should support the requested On Chip Termination value.                             ; Critical ; 0 such failures found.                                                   ; I/O                 ;                   ;
; Pass         ; IO_000020 ; I/O Properties Checks for One I/O ; The I/O standard should support the requested PCI Clamp Diode.                                       ; Critical ; 0 such failures found.                                                   ; I/O                 ;                   ;
; Inapplicable ; IO_000021 ; I/O Properties Checks for One I/O ; The I/O standard should support the requested Weak Pull Up value.                                    ; Critical ; No Weak Pull-Up Resistor assignments found.                              ; I/O                 ;                   ;
; Inapplicable ; IO_000022 ; I/O Properties Checks for One I/O ; The I/O standard should support the requested Bus Hold value.                                        ; Critical ; No Enable Bus-Hold Circuitry assignments found.                          ; I/O                 ;                   ;
; Inapplicable ; IO_000023 ; I/O Properties Checks for One I/O ; The I/O standard should support the Open Drain value.                                                ; Critical ; No open drain assignments found.                                         ; I/O                 ;                   ;
; Pass         ; IO_000024 ; I/O Properties Checks for One I/O ; The I/O direction should support the On Chip Termination value.                                      ; Critical ; 0 such failures found.                                                   ; I/O                 ;                   ;
; Inapplicable ; IO_000026 ; I/O Properties Checks for One I/O ; On Chip Termination and Current Strength should not be used at the same time.                        ; Critical ; No Current Strength assignments found.                                   ; I/O                 ;                   ;
; Inapplicable ; IO_000027 ; I/O Properties Checks for One I/O ; Weak Pull Up and Bus Hold should not be used at the same time.                                       ; Critical ; No Enable Bus-Hold Circuitry or Weak Pull-Up Resistor assignments found. ; I/O                 ;                   ;
; Inapplicable ; IO_000045 ; I/O Properties Checks for One I/O ; The I/O standard should support the requested Slew Rate value.                                       ; Critical ; No Slew Rate assignments found.                                          ; I/O                 ;                   ;
; Inapplicable ; IO_000046 ; I/O Properties Checks for One I/O ; The location should support the requested Slew Rate value.                                           ; Critical ; No Slew Rate assignments found.                                          ; I/O                 ;                   ;
; Inapplicable ; IO_000047 ; I/O Properties Checks for One I/O ; On Chip Termination and Slew Rate should not be used at the same time.                               ; Critical ; No Slew Rate assignments found.                                          ; I/O                 ;                   ;
; Pass         ; IO_000033 ; Electromigration Checks           ; Current density for consecutive I/Os should not exceed 240mA for row I/Os and 240mA for column I/Os. ; Critical ; 0 such failures found.                                                   ; I/O                 ;                   ;
; Inapplicable ; IO_000034 ; SI Related Distance Checks        ; Single-ended outputs should be 5 LAB row(s) away from a differential I/O.                            ; High     ; No Differential I/O Standard assignments found.                          ; I/O                 ;                   ;
; Inapplicable ; IO_000042 ; SI Related SSO Limit Checks       ; No more than 20 outputs are allowed in a VREF group when VREF is being read from.                    ; High     ; No VREF I/O Standard assignments found.                                  ; I/O                 ;                   ;
; ----         ; ----      ; Disclaimer                        ; OCT rules are checked but not reported.                                                              ; None     ; ----                                                                     ; On Chip Termination ;                   ;
+--------------+-----------+-----------------------------------+------------------------------------------------------------------------------------------------------+----------+--------------------------------------------------------------------------+---------------------+-------------------+


+--------------------------------------------------------------------------------------------------------------------------------------------------------------------------------------------------------------------------------------------------------------------------------------------------------------------------------------------------------------------------------------------------------------------------------------------------------------------------+
; I/O Rules Matrix                                                                                                                                                                                                                                                                                                                                                                                                                                                         ;
+--------------------+--------------+--------------+--------------+--------------+--------------+-----------+--------------+--------------+-----------+-----------+--------------+--------------+--------------+--------------+--------------+--------------+--------------+--------------+--------------+--------------+--------------+--------------+--------------+--------------+--------------+--------------+--------------+-----------+--------------+--------------+
; Pin/Rules          ; IO_000001    ; IO_000002    ; IO_000003    ; IO_000004    ; IO_000005    ; IO_000006 ; IO_000007    ; IO_000008    ; IO_000009 ; IO_000010 ; IO_000011    ; IO_000012    ; IO_000013    ; IO_000014    ; IO_000015    ; IO_000018    ; IO_000019    ; IO_000020    ; IO_000021    ; IO_000022    ; IO_000023    ; IO_000024    ; IO_000026    ; IO_000027    ; IO_000045    ; IO_000046    ; IO_000047    ; IO_000033 ; IO_000034    ; IO_000042    ;
+--------------------+--------------+--------------+--------------+--------------+--------------+-----------+--------------+--------------+-----------+-----------+--------------+--------------+--------------+--------------+--------------+--------------+--------------+--------------+--------------+--------------+--------------+--------------+--------------+--------------+--------------+--------------+--------------+-----------+--------------+--------------+
; Total Pass         ; 0            ; 0            ; 0            ; 0            ; 0            ; 31        ; 0            ; 0            ; 31        ; 31        ; 0            ; 23           ; 0            ; 0            ; 8            ; 0            ; 23           ; 8            ; 0            ; 0            ; 0            ; 23           ; 0            ; 0            ; 0            ; 0            ; 0            ; 31        ; 0            ; 0            ;
; Total Unchecked    ; 0            ; 0            ; 0            ; 0            ; 0            ; 0         ; 0            ; 0            ; 0         ; 0         ; 0            ; 0            ; 0            ; 0            ; 0            ; 0            ; 0            ; 0            ; 0            ; 0            ; 0            ; 0            ; 0            ; 0            ; 0            ; 0            ; 0            ; 0         ; 0            ; 0            ;
; Total Inapplicable ; 31           ; 31           ; 31           ; 31           ; 31           ; 0         ; 31           ; 31           ; 0         ; 0         ; 31           ; 8            ; 31           ; 31           ; 23           ; 31           ; 8            ; 23           ; 31           ; 31           ; 31           ; 8            ; 31           ; 31           ; 31           ; 31           ; 31           ; 0         ; 31           ; 31           ;
; Total Fail         ; 0            ; 0            ; 0            ; 0            ; 0            ; 0         ; 0            ; 0            ; 0         ; 0         ; 0            ; 0            ; 0            ; 0            ; 0            ; 0            ; 0            ; 0            ; 0            ; 0            ; 0            ; 0            ; 0            ; 0            ; 0            ; 0            ; 0            ; 0         ; 0            ; 0            ;
; Fin                ; Inapplicable ; Inapplicable ; Inapplicable ; Inapplicable ; Inapplicable ; Pass      ; Inapplicable ; Inapplicable ; Pass      ; Pass      ; Inapplicable ; Pass         ; Inapplicable ; Inapplicable ; Inapplicable ; Inapplicable ; Pass         ; Inapplicable ; Inapplicable ; Inapplicable ; Inapplicable ; Pass         ; Inapplicable ; Inapplicable ; Inapplicable ; Inapplicable ; Inapplicable ; Pass      ; Inapplicable ; Inapplicable ;
; Habilitada_ocupado ; Inapplicable ; Inapplicable ; Inapplicable ; Inapplicable ; Inapplicable ; Pass      ; Inapplicable ; Inapplicable ; Pass      ; Pass      ; Inapplicable ; Pass         ; Inapplicable ; Inapplicable ; Inapplicable ; Inapplicable ; Pass         ; Inapplicable ; Inapplicable ; Inapplicable ; Inapplicable ; Pass         ; Inapplicable ; Inapplicable ; Inapplicable ; Inapplicable ; Inapplicable ; Pass      ; Inapplicable ; Inapplicable ;
; P1_LEDS[0]         ; Inapplicable ; Inapplicable ; Inapplicable ; Inapplicable ; Inapplicable ; Pass      ; Inapplicable ; Inapplicable ; Pass      ; Pass      ; Inapplicable ; Pass         ; Inapplicable ; Inapplicable ; Inapplicable ; Inapplicable ; Pass         ; Inapplicable ; Inapplicable ; Inapplicable ; Inapplicable ; Pass         ; Inapplicable ; Inapplicable ; Inapplicable ; Inapplicable ; Inapplicable ; Pass      ; Inapplicable ; Inapplicable ;
; P1_LEDS[1]         ; Inapplicable ; Inapplicable ; Inapplicable ; Inapplicable ; Inapplicable ; Pass      ; Inapplicable ; Inapplicable ; Pass      ; Pass      ; Inapplicable ; Pass         ; Inapplicable ; Inapplicable ; Inapplicable ; Inapplicable ; Pass         ; Inapplicable ; Inapplicable ; Inapplicable ; Inapplicable ; Pass         ; Inapplicable ; Inapplicable ; Inapplicable ; Inapplicable ; Inapplicable ; Pass      ; Inapplicable ; Inapplicable ;
; P1_LEDS[2]         ; Inapplicable ; Inapplicable ; Inapplicable ; Inapplicable ; Inapplicable ; Pass      ; Inapplicable ; Inapplicable ; Pass      ; Pass      ; Inapplicable ; Pass         ; Inapplicable ; Inapplicable ; Inapplicable ; Inapplicable ; Pass         ; Inapplicable ; Inapplicable ; Inapplicable ; Inapplicable ; Pass         ; Inapplicable ; Inapplicable ; Inapplicable ; Inapplicable ; Inapplicable ; Pass      ; Inapplicable ; Inapplicable ;
; P1_LEDS[3]         ; Inapplicable ; Inapplicable ; Inapplicable ; Inapplicable ; Inapplicable ; Pass      ; Inapplicable ; Inapplicable ; Pass      ; Pass      ; Inapplicable ; Pass         ; Inapplicable ; Inapplicable ; Inapplicable ; Inapplicable ; Pass         ; Inapplicable ; Inapplicable ; Inapplicable ; Inapplicable ; Pass         ; Inapplicable ; Inapplicable ; Inapplicable ; Inapplicable ; Inapplicable ; Pass      ; Inapplicable ; Inapplicable ;
; P1_LEDS[4]         ; Inapplicable ; Inapplicable ; Inapplicable ; Inapplicable ; Inapplicable ; Pass      ; Inapplicable ; Inapplicable ; Pass      ; Pass      ; Inapplicable ; Pass         ; Inapplicable ; Inapplicable ; Inapplicable ; Inapplicable ; Pass         ; Inapplicable ; Inapplicable ; Inapplicable ; Inapplicable ; Pass         ; Inapplicable ; Inapplicable ; Inapplicable ; Inapplicable ; Inapplicable ; Pass      ; Inapplicable ; Inapplicable ;
; P1_LEDS[5]         ; Inapplicable ; Inapplicable ; Inapplicable ; Inapplicable ; Inapplicable ; Pass      ; Inapplicable ; Inapplicable ; Pass      ; Pass      ; Inapplicable ; Pass         ; Inapplicable ; Inapplicable ; Inapplicable ; Inapplicable ; Pass         ; Inapplicable ; Inapplicable ; Inapplicable ; Inapplicable ; Pass         ; Inapplicable ; Inapplicable ; Inapplicable ; Inapplicable ; Inapplicable ; Pass      ; Inapplicable ; Inapplicable ;
; P1_LEDS[6]         ; Inapplicable ; Inapplicable ; Inapplicable ; Inapplicable ; Inapplicable ; Pass      ; Inapplicable ; Inapplicable ; Pass      ; Pass      ; Inapplicable ; Pass         ; Inapplicable ; Inapplicable ; Inapplicable ; Inapplicable ; Pass         ; Inapplicable ; Inapplicable ; Inapplicable ; Inapplicable ; Pass         ; Inapplicable ; Inapplicable ; Inapplicable ; Inapplicable ; Inapplicable ; Pass      ; Inapplicable ; Inapplicable ;
; P1_LEDS[7]         ; Inapplicable ; Inapplicable ; Inapplicable ; Inapplicable ; Inapplicable ; Pass      ; Inapplicable ; Inapplicable ; Pass      ; Pass      ; Inapplicable ; Pass         ; Inapplicable ; Inapplicable ; Inapplicable ; Inapplicable ; Pass         ; Inapplicable ; Inapplicable ; Inapplicable ; Inapplicable ; Pass         ; Inapplicable ; Inapplicable ; Inapplicable ; Inapplicable ; Inapplicable ; Pass      ; Inapplicable ; Inapplicable ;
; P1_LEDS[8]         ; Inapplicable ; Inapplicable ; Inapplicable ; Inapplicable ; Inapplicable ; Pass      ; Inapplicable ; Inapplicable ; Pass      ; Pass      ; Inapplicable ; Pass         ; Inapplicable ; Inapplicable ; Inapplicable ; Inapplicable ; Pass         ; Inapplicable ; Inapplicable ; Inapplicable ; Inapplicable ; Pass         ; Inapplicable ; Inapplicable ; Inapplicable ; Inapplicable ; Inapplicable ; Pass      ; Inapplicable ; Inapplicable ;
; P2_LEDS[0]         ; Inapplicable ; Inapplicable ; Inapplicable ; Inapplicable ; Inapplicable ; Pass      ; Inapplicable ; Inapplicable ; Pass      ; Pass      ; Inapplicable ; Pass         ; Inapplicable ; Inapplicable ; Inapplicable ; Inapplicable ; Pass         ; Inapplicable ; Inapplicable ; Inapplicable ; Inapplicable ; Pass         ; Inapplicable ; Inapplicable ; Inapplicable ; Inapplicable ; Inapplicable ; Pass      ; Inapplicable ; Inapplicable ;
; P2_LEDS[1]         ; Inapplicable ; Inapplicable ; Inapplicable ; Inapplicable ; Inapplicable ; Pass      ; Inapplicable ; Inapplicable ; Pass      ; Pass      ; Inapplicable ; Pass         ; Inapplicable ; Inapplicable ; Inapplicable ; Inapplicable ; Pass         ; Inapplicable ; Inapplicable ; Inapplicable ; Inapplicable ; Pass         ; Inapplicable ; Inapplicable ; Inapplicable ; Inapplicable ; Inapplicable ; Pass      ; Inapplicable ; Inapplicable ;
; P2_LEDS[2]         ; Inapplicable ; Inapplicable ; Inapplicable ; Inapplicable ; Inapplicable ; Pass      ; Inapplicable ; Inapplicable ; Pass      ; Pass      ; Inapplicable ; Pass         ; Inapplicable ; Inapplicable ; Inapplicable ; Inapplicable ; Pass         ; Inapplicable ; Inapplicable ; Inapplicable ; Inapplicable ; Pass         ; Inapplicable ; Inapplicable ; Inapplicable ; Inapplicable ; Inapplicable ; Pass      ; Inapplicable ; Inapplicable ;
; P2_LEDS[3]         ; Inapplicable ; Inapplicable ; Inapplicable ; Inapplicable ; Inapplicable ; Pass      ; Inapplicable ; Inapplicable ; Pass      ; Pass      ; Inapplicable ; Pass         ; Inapplicable ; Inapplicable ; Inapplicable ; Inapplicable ; Pass         ; Inapplicable ; Inapplicable ; Inapplicable ; Inapplicable ; Pass         ; Inapplicable ; Inapplicable ; Inapplicable ; Inapplicable ; Inapplicable ; Pass      ; Inapplicable ; Inapplicable ;
; P2_LEDS[4]         ; Inapplicable ; Inapplicable ; Inapplicable ; Inapplicable ; Inapplicable ; Pass      ; Inapplicable ; Inapplicable ; Pass      ; Pass      ; Inapplicable ; Pass         ; Inapplicable ; Inapplicable ; Inapplicable ; Inapplicable ; Pass         ; Inapplicable ; Inapplicable ; Inapplicable ; Inapplicable ; Pass         ; Inapplicable ; Inapplicable ; Inapplicable ; Inapplicable ; Inapplicable ; Pass      ; Inapplicable ; Inapplicable ;
; P2_LEDS[5]         ; Inapplicable ; Inapplicable ; Inapplicable ; Inapplicable ; Inapplicable ; Pass      ; Inapplicable ; Inapplicable ; Pass      ; Pass      ; Inapplicable ; Pass         ; Inapplicable ; Inapplicable ; Inapplicable ; Inapplicable ; Pass         ; Inapplicable ; Inapplicable ; Inapplicable ; Inapplicable ; Pass         ; Inapplicable ; Inapplicable ; Inapplicable ; Inapplicable ; Inapplicable ; Pass      ; Inapplicable ; Inapplicable ;
; P2_LEDS[6]         ; Inapplicable ; Inapplicable ; Inapplicable ; Inapplicable ; Inapplicable ; Pass      ; Inapplicable ; Inapplicable ; Pass      ; Pass      ; Inapplicable ; Pass         ; Inapplicable ; Inapplicable ; Inapplicable ; Inapplicable ; Pass         ; Inapplicable ; Inapplicable ; Inapplicable ; Inapplicable ; Pass         ; Inapplicable ; Inapplicable ; Inapplicable ; Inapplicable ; Inapplicable ; Pass      ; Inapplicable ; Inapplicable ;
; P2_LEDS[7]         ; Inapplicable ; Inapplicable ; Inapplicable ; Inapplicable ; Inapplicable ; Pass      ; Inapplicable ; Inapplicable ; Pass      ; Pass      ; Inapplicable ; Pass         ; Inapplicable ; Inapplicable ; Inapplicable ; Inapplicable ; Pass         ; Inapplicable ; Inapplicable ; Inapplicable ; Inapplicable ; Pass         ; Inapplicable ; Inapplicable ; Inapplicable ; Inapplicable ; Inapplicable ; Pass      ; Inapplicable ; Inapplicable ;
; P2_LEDS[8]         ; Inapplicable ; Inapplicable ; Inapplicable ; Inapplicable ; Inapplicable ; Pass      ; Inapplicable ; Inapplicable ; Pass      ; Pass      ; Inapplicable ; Pass         ; Inapplicable ; Inapplicable ; Inapplicable ; Inapplicable ; Pass         ; Inapplicable ; Inapplicable ; Inapplicable ; Inapplicable ; Pass         ; Inapplicable ; Inapplicable ; Inapplicable ; Inapplicable ; Inapplicable ; Pass      ; Inapplicable ; Inapplicable ;
; Ganador_jugador_1  ; Inapplicable ; Inapplicable ; Inapplicable ; Inapplicable ; Inapplicable ; Pass      ; Inapplicable ; Inapplicable ; Pass      ; Pass      ; Inapplicable ; Pass         ; Inapplicable ; Inapplicable ; Inapplicable ; Inapplicable ; Pass         ; Inapplicable ; Inapplicable ; Inapplicable ; Inapplicable ; Pass         ; Inapplicable ; Inapplicable ; Inapplicable ; Inapplicable ; Inapplicable ; Pass      ; Inapplicable ; Inapplicable ;
; Ganador_jugador_2  ; Inapplicable ; Inapplicable ; Inapplicable ; Inapplicable ; Inapplicable ; Pass      ; Inapplicable ; Inapplicable ; Pass      ; Pass      ; Inapplicable ; Pass         ; Inapplicable ; Inapplicable ; Inapplicable ; Inapplicable ; Pass         ; Inapplicable ; Inapplicable ; Inapplicable ; Inapplicable ; Pass         ; Inapplicable ; Inapplicable ; Inapplicable ; Inapplicable ; Inapplicable ; Pass      ; Inapplicable ; Inapplicable ;
; Empate             ; Inapplicable ; Inapplicable ; Inapplicable ; Inapplicable ; Inapplicable ; Pass      ; Inapplicable ; Inapplicable ; Pass      ; Pass      ; Inapplicable ; Pass         ; Inapplicable ; Inapplicable ; Inapplicable ; Inapplicable ; Pass         ; Inapplicable ; Inapplicable ; Inapplicable ; Inapplicable ; Pass         ; Inapplicable ; Inapplicable ; Inapplicable ; Inapplicable ; Inapplicable ; Pass      ; Inapplicable ; Inapplicable ;
; Habilitado         ; Inapplicable ; Inapplicable ; Inapplicable ; Inapplicable ; Inapplicable ; Pass      ; Inapplicable ; Inapplicable ; Pass      ; Pass      ; Inapplicable ; Inapplicable ; Inapplicable ; Inapplicable ; Pass         ; Inapplicable ; Inapplicable ; Pass         ; Inapplicable ; Inapplicable ; Inapplicable ; Inapplicable ; Inapplicable ; Inapplicable ; Inapplicable ; Inapplicable ; Inapplicable ; Pass      ; Inapplicable ; Inapplicable ;
; Jugador            ; Inapplicable ; Inapplicable ; Inapplicable ; Inapplicable ; Inapplicable ; Pass      ; Inapplicable ; Inapplicable ; Pass      ; Pass      ; Inapplicable ; Inapplicable ; Inapplicable ; Inapplicable ; Pass         ; Inapplicable ; Inapplicable ; Pass         ; Inapplicable ; Inapplicable ; Inapplicable ; Inapplicable ; Inapplicable ; Inapplicable ; Inapplicable ; Inapplicable ; Inapplicable ; Pass      ; Inapplicable ; Inapplicable ;
; CLK                ; Inapplicable ; Inapplicable ; Inapplicable ; Inapplicable ; Inapplicable ; Pass      ; Inapplicable ; Inapplicable ; Pass      ; Pass      ; Inapplicable ; Inapplicable ; Inapplicable ; Inapplicable ; Pass         ; Inapplicable ; Inapplicable ; Pass         ; Inapplicable ; Inapplicable ; Inapplicable ; Inapplicable ; Inapplicable ; Inapplicable ; Inapplicable ; Inapplicable ; Inapplicable ; Pass      ; Inapplicable ; Inapplicable ;
; RESET_GENERAL      ; Inapplicable ; Inapplicable ; Inapplicable ; Inapplicable ; Inapplicable ; Pass      ; Inapplicable ; Inapplicable ; Pass      ; Pass      ; Inapplicable ; Inapplicable ; Inapplicable ; Inapplicable ; Pass         ; Inapplicable ; Inapplicable ; Pass         ; Inapplicable ; Inapplicable ; Inapplicable ; Inapplicable ; Inapplicable ; Inapplicable ; Inapplicable ; Inapplicable ; Inapplicable ; Pass      ; Inapplicable ; Inapplicable ;
; data[2]            ; Inapplicable ; Inapplicable ; Inapplicable ; Inapplicable ; Inapplicable ; Pass      ; Inapplicable ; Inapplicable ; Pass      ; Pass      ; Inapplicable ; Inapplicable ; Inapplicable ; Inapplicable ; Pass         ; Inapplicable ; Inapplicable ; Pass         ; Inapplicable ; Inapplicable ; Inapplicable ; Inapplicable ; Inapplicable ; Inapplicable ; Inapplicable ; Inapplicable ; Inapplicable ; Pass      ; Inapplicable ; Inapplicable ;
; data[0]            ; Inapplicable ; Inapplicable ; Inapplicable ; Inapplicable ; Inapplicable ; Pass      ; Inapplicable ; Inapplicable ; Pass      ; Pass      ; Inapplicable ; Inapplicable ; Inapplicable ; Inapplicable ; Pass         ; Inapplicable ; Inapplicable ; Pass         ; Inapplicable ; Inapplicable ; Inapplicable ; Inapplicable ; Inapplicable ; Inapplicable ; Inapplicable ; Inapplicable ; Inapplicable ; Pass      ; Inapplicable ; Inapplicable ;
; data[3]            ; Inapplicable ; Inapplicable ; Inapplicable ; Inapplicable ; Inapplicable ; Pass      ; Inapplicable ; Inapplicable ; Pass      ; Pass      ; Inapplicable ; Inapplicable ; Inapplicable ; Inapplicable ; Pass         ; Inapplicable ; Inapplicable ; Pass         ; Inapplicable ; Inapplicable ; Inapplicable ; Inapplicable ; Inapplicable ; Inapplicable ; Inapplicable ; Inapplicable ; Inapplicable ; Pass      ; Inapplicable ; Inapplicable ;
; data[1]            ; Inapplicable ; Inapplicable ; Inapplicable ; Inapplicable ; Inapplicable ; Pass      ; Inapplicable ; Inapplicable ; Pass      ; Pass      ; Inapplicable ; Inapplicable ; Inapplicable ; Inapplicable ; Pass         ; Inapplicable ; Inapplicable ; Pass         ; Inapplicable ; Inapplicable ; Inapplicable ; Inapplicable ; Inapplicable ; Inapplicable ; Inapplicable ; Inapplicable ; Inapplicable ; Pass      ; Inapplicable ; Inapplicable ;
+--------------------+--------------+--------------+--------------+--------------+--------------+-----------+--------------+--------------+-----------+-----------+--------------+--------------+--------------+--------------+--------------+--------------+--------------+--------------+--------------+--------------+--------------+--------------+--------------+--------------+--------------+--------------+--------------+-----------+--------------+--------------+


+---------------------------------------------------------------------------------------------+
; Fitter Device Options                                                                       ;
+------------------------------------------------------------------+--------------------------+
; Option                                                           ; Setting                  ;
+------------------------------------------------------------------+--------------------------+
; Enable user-supplied start-up clock (CLKUSR)                     ; Off                      ;
; Enable device-wide reset (DEV_CLRn)                              ; Off                      ;
; Enable device-wide output enable (DEV_OE)                        ; Off                      ;
; Enable INIT_DONE output                                          ; Off                      ;
; Configuration scheme                                             ; Active Serial            ;
; Error detection CRC                                              ; Off                      ;
; Enable open drain on CRC_ERROR pin                               ; Off                      ;
; Enable input tri-state on active configuration pins in user mode ; Off                      ;
; Configuration Voltage Level                                      ; Auto                     ;
; Force Configuration Voltage Level                                ; Off                      ;
; nCEO                                                             ; As output driving ground ;
; Data[0]                                                          ; As input tri-stated      ;
; Data[1]/ASDO                                                     ; As input tri-stated      ;
; Data[7..2]                                                       ; Unreserved               ;
; FLASH_nCE/nCSO                                                   ; As input tri-stated      ;
; Other Active Parallel pins                                       ; Unreserved               ;
; DCLK                                                             ; As output driving ground ;
; Base pin-out file on sameframe device                            ; Off                      ;
+------------------------------------------------------------------+--------------------------+


+------------------------------------+
; Operating Settings and Conditions  ;
+---------------------------+--------+
; Setting                   ; Value  ;
+---------------------------+--------+
; Nominal Core Voltage      ; 1.20 V ;
; Low Junction Temperature  ; 0 °C   ;
; High Junction Temperature ; 85 °C  ;
+---------------------------+--------+


+------------------------------------------------------------+
; Estimated Delay Added for Hold Timing Summary              ;
+-----------------+----------------------+-------------------+
; Source Clock(s) ; Destination Clock(s) ; Delay Added in ns ;
+-----------------+----------------------+-------------------+
; I/O             ; CLK                  ; 1.6               ;
; I/O             ; data[0]              ; 1.5               ;
; CLK             ; CLK                  ; 1.5               ;
+-----------------+----------------------+-------------------+
Note: For more information on problematic transfers, consider running the Fitter again with the Optimize hold timing option (Settings Menu) turned off.
This will disable optimization of problematic paths and expose them for further analysis using either the TimeQuest Timing Analyzer or the Classic Timing Analyzer.


+-------------------------------------------------------------------------------------------------------------------------------------------------------------------------------------------------------------------------------------------------------------+
; Estimated Delay Added for Hold Timing Details                                                                                                                                                                                                               ;
+--------------------------------------------------------------------------------------------------------------------+--------------------------------------------------------------------------------------------------------------------+-------------------+
; Source Register                                                                                                    ; Destination Register                                                                                               ; Delay Added in ns ;
+--------------------------------------------------------------------------------------------------------------------+--------------------------------------------------------------------------------------------------------------------+-------------------+
; jugadas_full:inst|lpm_counter0:inst10|lpm_counter:LPM_COUNTER_component|cntr_5mi:auto_generated|counter_reg_bit[0] ; jugadas_full:inst|lpm_counter0:inst10|lpm_counter:LPM_COUNTER_component|cntr_5mi:auto_generated|counter_reg_bit[0] ; 1.490             ;
; jugadas_full:inst|Almace2:inst11|inst8                                                                             ; Habilitada_ocupado                                                                                                 ; 0.462             ;
; data[0]                                                                                                            ; jugadas_full:inst|Almace2:inst11|inst13                                                                            ; 0.458             ;
; data[2]                                                                                                            ; Habilitada_ocupado                                                                                                 ; 0.432             ;
; data[3]                                                                                                            ; Habilitada_ocupado                                                                                                 ; 0.432             ;
; data[1]                                                                                                            ; Habilitada_ocupado                                                                                                 ; 0.432             ;
; jugadas_full:inst|Almace2:inst11|inst                                                                              ; Habilitada_ocupado                                                                                                 ; 0.284             ;
; jugadas_full:inst|Almace2:inst3|inst8                                                                              ; Habilitada_ocupado                                                                                                 ; 0.225             ;
; jugadas_full:inst|Almace2:inst3|inst                                                                               ; Habilitada_ocupado                                                                                                 ; 0.220             ;
; jugadas_full:inst|Almace2:inst2|inst8                                                                              ; jugadas_full:inst|Almace2:inst2|inst8                                                                              ; 0.098             ;
; Jugador                                                                                                            ; jugadas_full:inst|Almace2:inst2|inst8                                                                              ; 0.098             ;
; jugadas_full:inst|Almace2:inst8|inst                                                                               ; jugadas_full:inst|Almace2:inst8|inst                                                                               ; 0.053             ;
; jugadas_full:inst|Almace2:inst5|inst8                                                                              ; Habilitada_ocupado                                                                                                 ; 0.033             ;
; jugadas_full:inst|Almace2:inst5|inst                                                                               ; Habilitada_ocupado                                                                                                 ; 0.030             ;
+--------------------------------------------------------------------------------------------------------------------+--------------------------------------------------------------------------------------------------------------------+-------------------+
Note: This table only shows the top 14 path(s) that have the largest delay added for hold.


+-----------------+
; Fitter Messages ;
+-----------------+
Warning (20028): Parallel compilation is not licensed and has been disabled
Info (119006): Selected device EP4CE22F17C6 for design "jugadas"
Info (21077): Core supply voltage is 1.2V
Info (21077): Low junction temperature is 0 degrees C
Info (21077): High junction temperature is 85 degrees C
Info (171003): Fitter is performing an Auto Fit compilation, which may decrease Fitter effort to reduce compilation time
Warning (292013): Feature LogicLock is only available with a valid subscription license. You can purchase a software subscription to gain full access to this feature.
Info (176444): Device migration not selected. If you intend to use device migration later, you may need to change the pin assignments as they may be incompatible with other devices
    Info (176445): Device EP4CE10F17C6 is compatible
    Info (176445): Device EP4CE6F17C6 is compatible
    Info (176445): Device EP4CE15F17C6 is compatible
Info (169124): Fitter converted 5 user pins into dedicated programming pins
    Info (169125): Pin ~ALTERA_ASDO_DATA1~ is reserved at location C1
    Info (169125): Pin ~ALTERA_FLASH_nCE_nCSO~ is reserved at location D2
    Info (169125): Pin ~ALTERA_DCLK~ is reserved at location H1
    Info (169125): Pin ~ALTERA_DATA0~ is reserved at location H2
    Info (169125): Pin ~ALTERA_nCEO~ is reserved at location F16
Warning (15714): Some pins have incomplete I/O assignments. Refer to the I/O Assignment Warnings report for details
Critical Warning (169085): No exact pin location assignment(s) for 31 pins of 31 total pins
    Info (169086): Pin Fin not assigned to an exact location on the device
    Info (169086): Pin Habilitada_ocupado not assigned to an exact location on the device
    Info (169086): Pin P1_LEDS[0] not assigned to an exact location on the device
    Info (169086): Pin P1_LEDS[1] not assigned to an exact location on the device
    Info (169086): Pin P1_LEDS[2] not assigned to an exact location on the device
    Info (169086): Pin P1_LEDS[3] not assigned to an exact location on the device
    Info (169086): Pin P1_LEDS[4] not assigned to an exact location on the device
    Info (169086): Pin P1_LEDS[5] not assigned to an exact location on the device
    Info (169086): Pin P1_LEDS[6] not assigned to an exact location on the device
    Info (169086): Pin P1_LEDS[7] not assigned to an exact location on the device
    Info (169086): Pin P1_LEDS[8] not assigned to an exact location on the device
    Info (169086): Pin P2_LEDS[0] not assigned to an exact location on the device
    Info (169086): Pin P2_LEDS[1] not assigned to an exact location on the device
    Info (169086): Pin P2_LEDS[2] not assigned to an exact location on the device
    Info (169086): Pin P2_LEDS[3] not assigned to an exact location on the device
    Info (169086): Pin P2_LEDS[4] not assigned to an exact location on the device
    Info (169086): Pin P2_LEDS[5] not assigned to an exact location on the device
    Info (169086): Pin P2_LEDS[6] not assigned to an exact location on the device
    Info (169086): Pin P2_LEDS[7] not assigned to an exact location on the device
    Info (169086): Pin P2_LEDS[8] not assigned to an exact location on the device
    Info (169086): Pin Ganador_jugador_1 not assigned to an exact location on the device
    Info (169086): Pin Ganador_jugador_2 not assigned to an exact location on the device
    Info (169086): Pin Empate not assigned to an exact location on the device
    Info (169086): Pin Habilitado not assigned to an exact location on the device
    Info (169086): Pin Jugador not assigned to an exact location on the device
    Info (169086): Pin CLK not assigned to an exact location on the device
    Info (169086): Pin RESET_GENERAL not assigned to an exact location on the device
    Info (169086): Pin data[2] not assigned to an exact location on the device
    Info (169086): Pin data[0] not assigned to an exact location on the device
    Info (169086): Pin data[3] not assigned to an exact location on the device
    Info (169086): Pin data[1] not assigned to an exact location on the device
Critical Warning (332012): Synopsys Design Constraints File file not found: 'jugadas.sdc'. A Synopsys Design Constraints File is required by the TimeQuest Timing Analyzer to get proper timing constraints. Without it, the Compiler will not properly optimize the design.
Info (332144): No user constrained base clocks found in the design
Info (332097): The following timing edges are non-unate.  TimeQuest will assume pos-unate behavior for these edges in the clock network.
    Info (332098): Cell: inst|inst10|LPM_COUNTER_component|auto_generated|counter_comb_bita0  from: dataa  to: combout
    Info (332098): Cell: inst|inst10|LPM_COUNTER_component|auto_generated|counter_comb_bita1  from: cin  to: combout
Info (332143): No user constrained clock uncertainty found in the design. Calling "derive_clock_uncertainty"
Info (332123): Deriving Clock Uncertainty. Please refer to report_sdc in TimeQuest to see clock uncertainties.
Info (332130): Timing requirements not specified -- quality metrics such as performance may be sacrificed to reduce compilation time.
Info (176353): Automatically promoted node CLK~input (placed in PIN E1 (CLK1, DIFFCLK_0n))
    Info (176355): Automatically promoted destinations to use location or clock signal Global Clock CLKCTRL_G2
    Info (176356): Following destination nodes may be non-global or may not use global or regional clocks
        Info (176357): Destination node jugadas_full:inst|lpm_counter0:inst10|lpm_counter:LPM_COUNTER_component|cntr_5mi:auto_generated|counter_reg_bit[1]
Info (176353): Automatically promoted node Habilitado~input (placed in PIN M2 (CLK2, DIFFCLK_1p))
    Info (176355): Automatically promoted destinations to use location or clock signal Global Clock CLKCTRL_G4
Info (176233): Starting register packing
Info (176235): Finished register packing
    Extra Info (176219): No registers were packed into other blocks
Info (176214): Statistics of I/O pins that need to be placed that use the same VCCIO and VREF, before I/O pin placement
    Info (176211): Number of I/O pins in group: 29 (unused VREF, 2.5V VCCIO, 6 input, 23 output, 0 bidirectional)
        Info (176212): I/O standards used: 2.5 V.
Info (176215): I/O bank details before I/O pin placement
    Info (176214): Statistics of I/O banks
        Info (176213): I/O bank number 1 does not use VREF pins and has undetermined VCCIO pins. 5 total pin(s) used --  9 pins available
        Info (176213): I/O bank number 2 does not use VREF pins and has undetermined VCCIO pins. 1 total pin(s) used --  15 pins available
        Info (176213): I/O bank number 3 does not use VREF pins and has undetermined VCCIO pins. 0 total pin(s) used --  25 pins available
        Info (176213): I/O bank number 4 does not use VREF pins and has undetermined VCCIO pins. 0 total pin(s) used --  20 pins available
        Info (176213): I/O bank number 5 does not use VREF pins and has undetermined VCCIO pins. 0 total pin(s) used --  18 pins available
        Info (176213): I/O bank number 6 does not use VREF pins and has undetermined VCCIO pins. 1 total pin(s) used --  12 pins available
        Info (176213): I/O bank number 7 does not use VREF pins and has undetermined VCCIO pins. 0 total pin(s) used --  24 pins available
        Info (176213): I/O bank number 8 does not use VREF pins and has undetermined VCCIO pins. 0 total pin(s) used --  24 pins available
Info (171121): Fitter preparation operations ending: elapsed time is 00:00:02
Info (170189): Fitter placement preparation operations beginning
Info (170190): Fitter placement preparation operations ending: elapsed time is 00:00:00
Info (170191): Fitter placement operations beginning
Info (170137): Fitter placement was successful
Info (170192): Fitter placement operations ending: elapsed time is 00:00:01
Info (170193): Fitter routing operations beginning
Info (170195): Router estimated average interconnect usage is 0% of the available device resources
    Info (170196): Router estimated peak interconnect usage is 1% of the available device resources in the region that extends from location X43_Y23 to location X53_Y34
Info (170194): Fitter routing operations ending: elapsed time is 00:00:02
Info (170199): The Fitter performed an Auto Fit compilation.  Optimizations were skipped to reduce compilation time.
    Info (170201): Optimizations that may affect the design's routability were skipped
Info (11888): Total time spent on timing analysis during the Fitter is 0.27 seconds.
Info (334003): Started post-fitting delay annotation
Info (334004): Delay annotation completed successfully
Info (334003): Started post-fitting delay annotation
Info (334004): Delay annotation completed successfully
Info (11218): Fitter post-fit operations ending: elapsed time is 00:00:02
Info (144001): Generated suppressed messages file C:/Users/toni/Desktop/Proyecto_tateti/TaTeTi/almacenamiento de jugada/output_files/jugadas.fit.smsg
Info: Quartus II 64-Bit Fitter was successful. 0 errors, 5 warnings
    Info: Peak virtual memory: 4938 megabytes
    Info: Processing ended: Thu Nov 27 15:41:43 2025
    Info: Elapsed time: 00:00:13
    Info: Total CPU time (on all processors): 00:00:13


+----------------------------+
; Fitter Suppressed Messages ;
+----------------------------+
The suppressed messages can be found in C:/Users/toni/Desktop/Proyecto_tateti/TaTeTi/almacenamiento de jugada/output_files/jugadas.fit.smsg.


