Fitter report for OutputLuces
Thu Nov 06 17:40:48 2025
Quartus II 64-Bit Version 13.0.1 Build 232 06/12/2013 Service Pack 1 SJ Web Edition


---------------------
; Table of Contents ;
---------------------
  1. Legal Notice
  2. Fitter Summary
  3. Fitter Settings
  4. Parallel Compilation
  5. I/O Assignment Warnings
  6. Incremental Compilation Preservation Summary
  7. Incremental Compilation Partition Settings
  8. Incremental Compilation Placement Preservation
  9. Pin-Out File
 10. Fitter Resource Usage Summary
 11. Fitter Partition Statistics
 12. Input Pins
 13. Output Pins
 14. Dual Purpose and Dedicated Pins
 15. I/O Bank Usage
 16. All Package Pins
 17. PLL Summary
 18. PLL Usage
 19. Fitter Resource Utilization by Entity
 20. Delay Chain Summary
 21. Pad To Core Delay Chain Fanout
 22. Control Signals
 23. Global & Other Fast Signals
 24. Non-Global High Fan-Out Signals
 25. Other Routing Usage Summary
 26. LAB Logic Elements
 27. LAB-wide Signals
 28. LAB Signals Sourced
 29. LAB Signals Sourced Out
 30. LAB Distinct Inputs
 31. I/O Rules Summary
 32. I/O Rules Details
 33. I/O Rules Matrix
 34. Fitter Device Options
 35. Operating Settings and Conditions
 36. Fitter Messages
 37. Fitter Suppressed Messages



----------------
; Legal Notice ;
----------------
Copyright (C) 1991-2013 Altera Corporation
Your use of Altera Corporation's design tools, logic functions 
and other software and tools, and its AMPP partner logic 
functions, and any output files from any of the foregoing 
(including device programming or simulation files), and any 
associated documentation or information are expressly subject 
to the terms and conditions of the Altera Program License 
Subscription Agreement, Altera MegaCore Function License 
Agreement, or other applicable license agreement, including, 
without limitation, that your use is for the sole purpose of 
programming logic devices manufactured by Altera and sold by 
Altera or its authorized distributors.  Please refer to the 
applicable agreement for further details.



+--------------------------------------------------------------------------------------+
; Fitter Summary                                                                       ;
+------------------------------------+-------------------------------------------------+
; Fitter Status                      ; Successful - Thu Nov 06 17:40:48 2025           ;
; Quartus II 64-Bit Version          ; 13.0.1 Build 232 06/12/2013 SP 1 SJ Web Edition ;
; Revision Name                      ; OutputLuces                                     ;
; Top-level Entity Name              ; OutputLuces                                     ;
; Family                             ; Cyclone IV GX                                   ;
; Device                             ; EP4CGX150DF31I7                                 ;
; Timing Models                      ; Final                                           ;
; Total logic elements               ; 11 / 149,760 ( < 1 % )                          ;
;     Total combinational functions  ; 11 / 149,760 ( < 1 % )                          ;
;     Dedicated logic registers      ; 5 / 149,760 ( < 1 % )                           ;
; Total registers                    ; 5                                               ;
; Total pins                         ; 387 / 508 ( 76 % )                              ;
; Total virtual pins                 ; 0                                               ;
; Total memory bits                  ; 0 / 6,635,520 ( 0 % )                           ;
; Embedded Multiplier 9-bit elements ; 0 / 720 ( 0 % )                                 ;
; Total GXB Receiver Channel PCS     ; 0 / 8 ( 0 % )                                   ;
; Total GXB Receiver Channel PMA     ; 0 / 8 ( 0 % )                                   ;
; Total GXB Transmitter Channel PCS  ; 0 / 8 ( 0 % )                                   ;
; Total GXB Transmitter Channel PMA  ; 0 / 8 ( 0 % )                                   ;
; Total PLLs                         ; 1 / 8 ( 13 % )                                  ;
+------------------------------------+-------------------------------------------------+


+------------------------------------------------------------------------------------------------------------------------------------------------------------+
; Fitter Settings                                                                                                                                            ;
+----------------------------------------------------------------------------+---------------------------------------+---------------------------------------+
; Option                                                                     ; Setting                               ; Default Value                         ;
+----------------------------------------------------------------------------+---------------------------------------+---------------------------------------+
; Device                                                                     ; EP4CGX150DF31I7                       ;                                       ;
; Minimum Core Junction Temperature                                          ; -40                                   ;                                       ;
; Maximum Core Junction Temperature                                          ; 100                                   ;                                       ;
; Fit Attempts to Skip                                                       ; 0                                     ; 0.0                                   ;
; Device I/O Standard                                                        ; 2.5 V                                 ;                                       ;
; Use smart compilation                                                      ; Off                                   ; Off                                   ;
; Enable parallel Assembler and TimeQuest Timing Analyzer during compilation ; On                                    ; On                                    ;
; Enable compact report table                                                ; Off                                   ; Off                                   ;
; Auto Merge PLLs                                                            ; On                                    ; On                                    ;
; Router Timing Optimization Level                                           ; Normal                                ; Normal                                ;
; Perform Clocking Topology Analysis During Routing                          ; Off                                   ; Off                                   ;
; Placement Effort Multiplier                                                ; 1.0                                   ; 1.0                                   ;
; Router Effort Multiplier                                                   ; 1.0                                   ; 1.0                                   ;
; Optimize Hold Timing                                                       ; All Paths                             ; All Paths                             ;
; Optimize Multi-Corner Timing                                               ; On                                    ; On                                    ;
; PowerPlay Power Optimization                                               ; Normal compilation                    ; Normal compilation                    ;
; SSN Optimization                                                           ; Off                                   ; Off                                   ;
; Optimize Timing                                                            ; Normal compilation                    ; Normal compilation                    ;
; Optimize Timing for ECOs                                                   ; Off                                   ; Off                                   ;
; Regenerate full fit report during ECO compiles                             ; Off                                   ; Off                                   ;
; Optimize IOC Register Placement for Timing                                 ; Normal                                ; Normal                                ;
; Limit to One Fitting Attempt                                               ; Off                                   ; Off                                   ;
; Final Placement Optimizations                                              ; Automatically                         ; Automatically                         ;
; Fitter Aggressive Routability Optimizations                                ; Automatically                         ; Automatically                         ;
; Fitter Initial Placement Seed                                              ; 1                                     ; 1                                     ;
; PCI I/O                                                                    ; Off                                   ; Off                                   ;
; Weak Pull-Up Resistor                                                      ; Off                                   ; Off                                   ;
; Enable Bus-Hold Circuitry                                                  ; Off                                   ; Off                                   ;
; Auto Packed Registers                                                      ; Auto                                  ; Auto                                  ;
; Auto Delay Chains                                                          ; On                                    ; On                                    ;
; Auto Delay Chains for High Fanout Input Pins                               ; Off                                   ; Off                                   ;
; Allow Single-ended Buffer for Differential-XSTL Input                      ; Off                                   ; Off                                   ;
; Treat Bidirectional Pin as Output Pin                                      ; Off                                   ; Off                                   ;
; Perform Physical Synthesis for Combinational Logic for Fitting             ; Off                                   ; Off                                   ;
; Perform Physical Synthesis for Combinational Logic for Performance         ; Off                                   ; Off                                   ;
; Perform Register Duplication for Performance                               ; Off                                   ; Off                                   ;
; Perform Logic to Memory Mapping for Fitting                                ; Off                                   ; Off                                   ;
; Perform Register Retiming for Performance                                  ; Off                                   ; Off                                   ;
; Perform Asynchronous Signal Pipelining                                     ; Off                                   ; Off                                   ;
; Fitter Effort                                                              ; Auto Fit                              ; Auto Fit                              ;
; Physical Synthesis Effort Level                                            ; Normal                                ; Normal                                ;
; Logic Cell Insertion - Logic Duplication                                   ; Auto                                  ; Auto                                  ;
; Auto Register Duplication                                                  ; Auto                                  ; Auto                                  ;
; Auto Global Clock                                                          ; On                                    ; On                                    ;
; Auto Global Register Control Signals                                       ; On                                    ; On                                    ;
; Generate GXB Reconfig MIF                                                  ; Off                                   ; Off                                   ;
; Reserve all unused pins                                                    ; As input tri-stated with weak pull-up ; As input tri-stated with weak pull-up ;
; Synchronizer Identification                                                ; Off                                   ; Off                                   ;
; Enable Beneficial Skew Optimization                                        ; On                                    ; On                                    ;
; Optimize Design for Metastability                                          ; On                                    ; On                                    ;
; Active Serial clock source                                                 ; FREQ_40MHz                            ; FREQ_40MHz                            ;
; Force Fitter to Avoid Periphery Placement Warnings                         ; Off                                   ; Off                                   ;
; Enable input tri-state on active configuration pins in user mode           ; Off                                   ; Off                                   ;
+----------------------------------------------------------------------------+---------------------------------------+---------------------------------------+


Parallel compilation was disabled, but you have multiple processors available. Enable parallel compilation to reduce compilation time.
+-------------------------------------+
; Parallel Compilation                ;
+----------------------------+--------+
; Processors                 ; Number ;
+----------------------------+--------+
; Number detected on machine ; 8      ;
; Maximum allowed            ; 1      ;
+----------------------------+--------+


+---------------------------------------------------+
; I/O Assignment Warnings                           ;
+------------+--------------------------------------+
; Pin Name   ; Reason                               ;
+------------+--------------------------------------+
; SalidaLeds ; Missing drive strength and slew rate ;
+------------+--------------------------------------+


+----------------------------------------------+
; Incremental Compilation Preservation Summary ;
+---------------------+------------------------+
; Type                ; Value                  ;
+---------------------+------------------------+
; Placement (by node) ;                        ;
;     -- Requested    ; 0 / 805 ( 0.00 % )     ;
;     -- Achieved     ; 0 / 805 ( 0.00 % )     ;
;                     ;                        ;
; Routing (by net)    ;                        ;
;     -- Requested    ; 0 / 0 ( 0.00 % )       ;
;     -- Achieved     ; 0 / 0 ( 0.00 % )       ;
+---------------------+------------------------+


+----------------------------------------------------------------------------------------------------------------------------------------------------------------------------------------+
; Incremental Compilation Partition Settings                                                                                                                                             ;
+--------------------------------+----------------+-------------------+-------------------------+------------------------+------------------------------+--------------------------------+
; Partition Name                 ; Partition Type ; Netlist Type Used ; Preservation Level Used ; Netlist Type Requested ; Preservation Level Requested ; Contents                       ;
+--------------------------------+----------------+-------------------+-------------------------+------------------------+------------------------------+--------------------------------+
; Top                            ; User-created   ; Source File       ; N/A                     ; Source File            ; N/A                          ;                                ;
; hard_block:auto_generated_inst ; Auto-generated ; Source File       ; N/A                     ; Source File            ; N/A                          ; hard_block:auto_generated_inst ;
+--------------------------------+----------------+-------------------+-------------------------+------------------------+------------------------------+--------------------------------+


+------------------------------------------------------------------------------------------------------------+
; Incremental Compilation Placement Preservation                                                             ;
+--------------------------------+---------+-------------------+-------------------------+-------------------+
; Partition Name                 ; # Nodes ; # Preserved Nodes ; Preservation Level Used ; Netlist Type Used ;
+--------------------------------+---------+-------------------+-------------------------+-------------------+
; Top                            ; 792     ; 0                 ; N/A                     ; Source File       ;
; hard_block:auto_generated_inst ; 13      ; 0                 ; N/A                     ; Source File       ;
+--------------------------------+---------+-------------------+-------------------------+-------------------+


+--------------+
; Pin-Out File ;
+--------------+
The pin-out file can be found in C:/altera/13.0sp1/TaTeTi/OutputLuces/output_files/OutputLuces.pin.


+----------------------------------------------------------------------+
; Fitter Resource Usage Summary                                        ;
+---------------------------------------------+------------------------+
; Resource                                    ; Usage                  ;
+---------------------------------------------+------------------------+
; Total logic elements                        ; 11 / 149,760 ( < 1 % ) ;
;     -- Combinational with no register       ; 6                      ;
;     -- Register only                        ; 0                      ;
;     -- Combinational with a register        ; 5                      ;
;                                             ;                        ;
; Logic element usage by number of LUT inputs ;                        ;
;     -- 4 input functions                    ; 1                      ;
;     -- 3 input functions                    ; 3                      ;
;     -- <=2 input functions                  ; 7                      ;
;     -- Register only                        ; 0                      ;
;                                             ;                        ;
; Logic elements by mode                      ;                        ;
;     -- normal mode                          ; 6                      ;
;     -- arithmetic mode                      ; 5                      ;
;                                             ;                        ;
; Total registers*                            ; 5 / 152,165 ( < 1 % )  ;
;     -- Dedicated logic registers            ; 5 / 149,760 ( < 1 % )  ;
;     -- I/O registers                        ; 0 / 2,405 ( 0 % )      ;
;                                             ;                        ;
; Total LABs:  partially or completely used   ; 1 / 9,360 ( < 1 % )    ;
; Virtual pins                                ; 0                      ;
; I/O pins                                    ; 387 / 508 ( 76 % )     ;
;     -- Clock pins                           ; 4 / 10 ( 40 % )        ;
;     -- Dedicated input pins                 ; 0 / 25 ( 0 % )         ;
;                                             ;                        ;
; Global signals                              ; 4                      ;
; M9Ks                                        ; 0 / 720 ( 0 % )        ;
; Total block memory bits                     ; 0 / 6,635,520 ( 0 % )  ;
; Total block memory implementation bits      ; 0 / 6,635,520 ( 0 % )  ;
; Embedded Multiplier 9-bit elements          ; 0 / 720 ( 0 % )        ;
; PLLs                                        ; 1 / 8 ( 13 % )         ;
; Global clocks                               ; 4 / 30 ( 13 % )        ;
; JTAGs                                       ; 0 / 1 ( 0 % )          ;
; CRC blocks                                  ; 0 / 1 ( 0 % )          ;
; ASMI blocks                                 ; 0 / 1 ( 0 % )          ;
; GXB Receiver channel PCSs                   ; 0 / 8 ( 0 % )          ;
; GXB Receiver channel PMAs                   ; 0 / 8 ( 0 % )          ;
; GXB Transmitter channel PCSs                ; 0 / 8 ( 0 % )          ;
; GXB Transmitter channel PMAs                ; 0 / 8 ( 0 % )          ;
; Impedance control blocks                    ; 0 / 3 ( 0 % )          ;
; Average interconnect usage (total/H/V)      ; 0% / 0% / 0%           ;
; Peak interconnect usage (total/H/V)         ; 0% / 0% / 0%           ;
; Maximum fan-out                             ; 7                      ;
; Highest non-global fan-out                  ; 7                      ;
; Total fan-out                               ; 447                    ;
; Average fan-out                             ; 0.56                   ;
+---------------------------------------------+------------------------+
*  Register count does not include registers inside RAM blocks or DSP blocks.



+------------------------------------------------------------------------------------------------------+
; Fitter Partition Statistics                                                                          ;
+---------------------------------------------+-----------------------+--------------------------------+
; Statistic                                   ; Top                   ; hard_block:auto_generated_inst ;
+---------------------------------------------+-----------------------+--------------------------------+
; Difficulty Clustering Region                ; Low                   ; Low                            ;
;                                             ;                       ;                                ;
; Total logic elements                        ; 11 / 149760 ( < 1 % ) ; 0 / 149760 ( 0 % )             ;
;     -- Combinational with no register       ; 6                     ; 0                              ;
;     -- Register only                        ; 0                     ; 0                              ;
;     -- Combinational with a register        ; 5                     ; 0                              ;
;                                             ;                       ;                                ;
; Logic element usage by number of LUT inputs ;                       ;                                ;
;     -- 4 input functions                    ; 1                     ; 0                              ;
;     -- 3 input functions                    ; 3                     ; 0                              ;
;     -- <=2 input functions                  ; 7                     ; 0                              ;
;     -- Register only                        ; 0                     ; 0                              ;
;                                             ;                       ;                                ;
; Logic elements by mode                      ;                       ;                                ;
;     -- normal mode                          ; 6                     ; 0                              ;
;     -- arithmetic mode                      ; 5                     ; 0                              ;
;                                             ;                       ;                                ;
; Total registers                             ; 5                     ; 0                              ;
;     -- Dedicated logic registers            ; 5 / 149760 ( < 1 % )  ; 0 / 149760 ( 0 % )             ;
;                                             ;                       ;                                ;
; Total LABs:  partially or completely used   ; 1 / 9360 ( < 1 % )    ; 0 / 9360 ( 0 % )               ;
;                                             ;                       ;                                ;
; Virtual pins                                ; 0                     ; 0                              ;
; I/O pins                                    ; 387                   ; 0                              ;
; Embedded Multiplier 9-bit elements          ; 0 / 720 ( 0 % )       ; 0 / 720 ( 0 % )                ;
; Total memory bits                           ; 0                     ; 0                              ;
; Total RAM block bits                        ; 0                     ; 0                              ;
; PLL                                         ; 0 / 8 ( 0 % )         ; 1 / 8 ( 12 % )                 ;
; Clock control block                         ; 2 / 38 ( 5 % )        ; 2 / 38 ( 5 % )                 ;
;                                             ;                       ;                                ;
; Connections                                 ;                       ;                                ;
;     -- Input Connections                    ; 4                     ; 1                              ;
;     -- Registered Input Connections         ; 0                     ; 0                              ;
;     -- Output Connections                   ; 1                     ; 4                              ;
;     -- Registered Output Connections        ; 0                     ; 0                              ;
;                                             ;                       ;                                ;
; Internal Connections                        ;                       ;                                ;
;     -- Total Connections                    ; 439                   ; 13                             ;
;     -- Registered Connections               ; 10                    ; 0                              ;
;                                             ;                       ;                                ;
; External Connections                        ;                       ;                                ;
;     -- Top                                  ; 0                     ; 5                              ;
;     -- hard_block:auto_generated_inst       ; 5                     ; 0                              ;
;                                             ;                       ;                                ;
; Partition Interface                         ;                       ;                                ;
;     -- Input Ports                          ; 386                   ; 1                              ;
;     -- Output Ports                         ; 1                     ; 3                              ;
;     -- Bidir Ports                          ; 0                     ; 0                              ;
;                                             ;                       ;                                ;
; Registered Ports                            ;                       ;                                ;
;     -- Registered Input Ports               ; 0                     ; 0                              ;
;     -- Registered Output Ports              ; 0                     ; 0                              ;
;                                             ;                       ;                                ;
; Port Connectivity                           ;                       ;                                ;
;     -- Input Ports driven by GND            ; 0                     ; 0                              ;
;     -- Output Ports driven by GND           ; 0                     ; 0                              ;
;     -- Input Ports driven by VCC            ; 0                     ; 0                              ;
;     -- Output Ports driven by VCC           ; 0                     ; 0                              ;
;     -- Input Ports with no Source           ; 0                     ; 0                              ;
;     -- Output Ports with no Source          ; 0                     ; 0                              ;
;     -- Input Ports with no Fanout           ; 0                     ; 0                              ;
;     -- Output Ports with no Fanout          ; 0                     ; 0                              ;
+---------------------------------------------+-----------------------+--------------------------------+


+------------------------------------------------------------------------------------------------------------------------------------------------------------------------------------------------------------------------------------------------------------------------------------------------+
; Input Pins                                                                                                                                                                                                                                                                                     ;
+-------------+-------+----------+--------------+--------------+--------------+-----------------------+--------------------+--------+----------------+---------------+-----------------+----------+--------------+--------------+-------------+---------------------------+----------------------+
; Name        ; Pin # ; I/O Bank ; X coordinate ; Y coordinate ; Z coordinate ; Combinational Fan-Out ; Registered Fan-Out ; Global ; Input Register ; Power Up High ; PCI I/O Enabled ; Bus Hold ; Weak Pull Up ; I/O Standard ; Termination ; Termination Control Block ; Location assigned by ;
+-------------+-------+----------+--------------+--------------+--------------+-----------------------+--------------------+--------+----------------+---------------+-----------------+----------+--------------+--------------+-------------+---------------------------+----------------------+
; Celda10[0]  ; AK12  ; 3        ; 50           ; 0            ; 14           ; 0                     ; 0                  ; no     ; no             ; no            ; yes             ; no       ; Off          ; 2.5 V        ; Off         ; --                        ; Fitter               ;
; Celda10[10] ; AA21  ; 4        ; 108          ; 0            ; 7            ; 0                     ; 0                  ; no     ; no             ; no            ; yes             ; no       ; Off          ; 2.5 V        ; Off         ; --                        ; Fitter               ;
; Celda10[11] ; AE19  ; 4        ; 75           ; 0            ; 21           ; 0                     ; 0                  ; no     ; no             ; no            ; yes             ; no       ; Off          ; 2.5 V        ; Off         ; --                        ; Fitter               ;
; Celda10[12] ; G11   ; 8        ; 30           ; 91           ; 0            ; 0                     ; 0                  ; no     ; no             ; no            ; yes             ; no       ; Off          ; 2.5 V        ; Off         ; --                        ; Fitter               ;
; Celda10[13] ; D12   ; 8        ; 37           ; 91           ; 21           ; 0                     ; 0                  ; no     ; no             ; no            ; yes             ; no       ; Off          ; 2.5 V        ; Off         ; --                        ; Fitter               ;
; Celda10[14] ; AK14  ; 3        ; 53           ; 0            ; 0            ; 0                     ; 0                  ; no     ; no             ; no            ; yes             ; no       ; Off          ; 2.5 V        ; Off         ; --                        ; Fitter               ;
; Celda10[15] ; J26   ; 6        ; 117          ; 73           ; 7            ; 0                     ; 0                  ; no     ; no             ; no            ; yes             ; no       ; Off          ; 2.5 V        ; Off         ; --                        ; Fitter               ;
; Celda10[16] ; AJ22  ; 4        ; 82           ; 0            ; 14           ; 0                     ; 0                  ; no     ; no             ; no            ; yes             ; no       ; Off          ; 2.5 V        ; Off         ; --                        ; Fitter               ;
; Celda10[17] ; AG8   ; 3        ; 37           ; 0            ; 21           ; 0                     ; 0                  ; no     ; no             ; no            ; yes             ; no       ; Off          ; 2.5 V        ; Off         ; --                        ; Fitter               ;
; Celda10[18] ; D9    ; 8        ; 17           ; 91           ; 7            ; 0                     ; 0                  ; no     ; no             ; no            ; yes             ; no       ; Off          ; 2.5 V        ; Off         ; --                        ; Fitter               ;
; Celda10[19] ; D25   ; 7        ; 95           ; 91           ; 7            ; 0                     ; 0                  ; no     ; no             ; no            ; yes             ; no       ; Off          ; 2.5 V        ; Off         ; --                        ; Fitter               ;
; Celda10[1]  ; C4    ; 8        ; 28           ; 91           ; 21           ; 0                     ; 0                  ; no     ; no             ; no            ; yes             ; no       ; Off          ; 2.5 V        ; Off         ; --                        ; Fitter               ;
; Celda10[20] ; Y19   ; 4        ; 86           ; 0            ; 21           ; 0                     ; 0                  ; no     ; no             ; no            ; yes             ; no       ; Off          ; 2.5 V        ; Off         ; --                        ; Fitter               ;
; Celda10[21] ; AB27  ; 5        ; 117          ; 24           ; 0            ; 0                     ; 0                  ; no     ; no             ; no            ; yes             ; no       ; Off          ; 2.5 V        ; Off         ; --                        ; Fitter               ;
; Celda10[22] ; G24   ; 7        ; 111          ; 91           ; 0            ; 0                     ; 0                  ; no     ; no             ; no            ; yes             ; no       ; Off          ; 2.5 V        ; Off         ; --                        ; Fitter               ;
; Celda10[23] ; B9    ; 8        ; 34           ; 91           ; 21           ; 0                     ; 0                  ; no     ; no             ; no            ; yes             ; no       ; Off          ; 2.5 V        ; Off         ; --                        ; Fitter               ;
; Celda10[2]  ; AG30  ; 5        ; 117          ; 17           ; 0            ; 0                     ; 0                  ; no     ; no             ; no            ; yes             ; no       ; Off          ; 2.5 V        ; Off         ; --                        ; Fitter               ;
; Celda10[3]  ; AC25  ; 5        ; 117          ; 6            ; 0            ; 0                     ; 0                  ; no     ; no             ; no            ; yes             ; no       ; Off          ; 2.5 V        ; Off         ; --                        ; Fitter               ;
; Celda10[4]  ; AA15  ; 3        ; 46           ; 0            ; 21           ; 0                     ; 0                  ; no     ; no             ; no            ; yes             ; no       ; Off          ; 2.5 V        ; Off         ; --                        ; Fitter               ;
; Celda10[5]  ; AD24  ; 4        ; 115          ; 0            ; 7            ; 0                     ; 0                  ; no     ; no             ; no            ; yes             ; no       ; Off          ; 2.5 V        ; Off         ; --                        ; Fitter               ;
; Celda10[6]  ; K21   ; 7        ; 111          ; 91           ; 21           ; 0                     ; 0                  ; no     ; no             ; no            ; yes             ; no       ; Off          ; 2.5 V        ; Off         ; --                        ; Fitter               ;
; Celda10[7]  ; D11   ; 8        ; 32           ; 91           ; 21           ; 0                     ; 0                  ; no     ; no             ; no            ; yes             ; no       ; Off          ; 2.5 V        ; Off         ; --                        ; Fitter               ;
; Celda10[8]  ; F6    ; 8        ; 5            ; 91           ; 7            ; 0                     ; 0                  ; no     ; no             ; no            ; yes             ; no       ; Off          ; 2.5 V        ; Off         ; --                        ; Fitter               ;
; Celda10[9]  ; N25   ; 6        ; 117          ; 57           ; 7            ; 0                     ; 0                  ; no     ; no             ; no            ; yes             ; no       ; Off          ; 2.5 V        ; Off         ; --                        ; Fitter               ;
; Celda11[0]  ; AF13  ; 3        ; 28           ; 0            ; 14           ; 0                     ; 0                  ; no     ; no             ; no            ; yes             ; no       ; Off          ; 2.5 V        ; Off         ; --                        ; Fitter               ;
; Celda11[10] ; AF24  ; 4        ; 115          ; 0            ; 21           ; 0                     ; 0                  ; no     ; no             ; no            ; yes             ; no       ; Off          ; 2.5 V        ; Off         ; --                        ; Fitter               ;
; Celda11[11] ; C22   ; 7        ; 82           ; 91           ; 7            ; 0                     ; 0                  ; no     ; no             ; no            ; yes             ; no       ; Off          ; 2.5 V        ; Off         ; --                        ; Fitter               ;
; Celda11[12] ; G25   ; 7        ; 115          ; 91           ; 0            ; 0                     ; 0                  ; no     ; no             ; no            ; yes             ; no       ; Off          ; 2.5 V        ; Off         ; --                        ; Fitter               ;
; Celda11[13] ; AE23  ; 4        ; 113          ; 0            ; 21           ; 0                     ; 0                  ; no     ; no             ; no            ; yes             ; no       ; Off          ; 2.5 V        ; Off         ; --                        ; Fitter               ;
; Celda11[14] ; AG3   ; 3        ; 12           ; 0            ; 0            ; 0                     ; 0                  ; no     ; no             ; no            ; yes             ; no       ; Off          ; 2.5 V        ; Off         ; --                        ; Fitter               ;
; Celda11[15] ; G7    ; 8        ; 3            ; 91           ; 0            ; 0                     ; 0                  ; no     ; no             ; no            ; yes             ; no       ; Off          ; 2.5 V        ; Off         ; --                        ; Fitter               ;
; Celda11[16] ; R30   ; 6        ; 117          ; 51           ; 0            ; 0                     ; 0                  ; no     ; no             ; no            ; yes             ; no       ; Off          ; 2.5 V        ; Off         ; --                        ; Fitter               ;
; Celda11[17] ; AD10  ; 3        ; 15           ; 0            ; 0            ; 0                     ; 0                  ; no     ; no             ; no            ; yes             ; no       ; Off          ; 2.5 V        ; Off         ; --                        ; Fitter               ;
; Celda11[18] ; C27   ; 7        ; 115          ; 91           ; 14           ; 0                     ; 0                  ; no     ; no             ; no            ; yes             ; no       ; Off          ; 2.5 V        ; Off         ; --                        ; Fitter               ;
; Celda11[19] ; N26   ; 6        ; 117          ; 53           ; 7            ; 0                     ; 0                  ; no     ; no             ; no            ; yes             ; no       ; Off          ; 2.5 V        ; Off         ; --                        ; Fitter               ;
; Celda11[1]  ; AA26  ; 5        ; 117          ; 14           ; 0            ; 0                     ; 0                  ; no     ; no             ; no            ; yes             ; no       ; Off          ; 2.5 V        ; Off         ; --                        ; Fitter               ;
; Celda11[20] ; AE3   ; 3        ; 10           ; 0            ; 0            ; 0                     ; 0                  ; no     ; no             ; no            ; yes             ; no       ; Off          ; 2.5 V        ; Off         ; --                        ; Fitter               ;
; Celda11[21] ; AH5   ; 3        ; 19           ; 0            ; 0            ; 0                     ; 0                  ; no     ; no             ; no            ; yes             ; no       ; Off          ; 2.5 V        ; Off         ; --                        ; Fitter               ;
; Celda11[22] ; AH20  ; 4        ; 84           ; 0            ; 21           ; 0                     ; 0                  ; no     ; no             ; no            ; yes             ; no       ; Off          ; 2.5 V        ; Off         ; --                        ; Fitter               ;
; Celda11[23] ; F25   ; 7        ; 115          ; 91           ; 7            ; 0                     ; 0                  ; no     ; no             ; no            ; yes             ; no       ; Off          ; 2.5 V        ; Off         ; --                        ; Fitter               ;
; Celda11[2]  ; C7    ; 8        ; 24           ; 91           ; 0            ; 0                     ; 0                  ; no     ; no             ; no            ; yes             ; no       ; Off          ; 2.5 V        ; Off         ; --                        ; Fitter               ;
; Celda11[3]  ; E12   ; 8        ; 28           ; 91           ; 7            ; 0                     ; 0                  ; no     ; no             ; no            ; yes             ; no       ; Off          ; 2.5 V        ; Off         ; --                        ; Fitter               ;
; Celda11[4]  ; B28   ; 7        ; 104          ; 91           ; 7            ; 0                     ; 0                  ; no     ; no             ; no            ; yes             ; no       ; Off          ; 2.5 V        ; Off         ; --                        ; Fitter               ;
; Celda11[5]  ; C11   ; 8        ; 32           ; 91           ; 14           ; 0                     ; 0                  ; no     ; no             ; no            ; yes             ; no       ; Off          ; 2.5 V        ; Off         ; --                        ; Fitter               ;
; Celda11[6]  ; AG11  ; 3        ; 32           ; 0            ; 14           ; 0                     ; 0                  ; no     ; no             ; no            ; yes             ; no       ; Off          ; 2.5 V        ; Off         ; --                        ; Fitter               ;
; Celda11[7]  ; Y22   ; 5        ; 117          ; 22           ; 7            ; 0                     ; 0                  ; no     ; no             ; no            ; yes             ; no       ; Off          ; 2.5 V        ; Off         ; --                        ; Fitter               ;
; Celda11[8]  ; AK24  ; 4        ; 92           ; 0            ; 14           ; 0                     ; 0                  ; no     ; no             ; no            ; yes             ; no       ; Off          ; 2.5 V        ; Off         ; --                        ; Fitter               ;
; Celda11[9]  ; AE27  ; 5        ; 117          ; 18           ; 0            ; 0                     ; 0                  ; no     ; no             ; no            ; yes             ; no       ; Off          ; 2.5 V        ; Off         ; --                        ; Fitter               ;
; Celda12[0]  ; AH26  ; 4        ; 108          ; 0            ; 14           ; 0                     ; 0                  ; no     ; no             ; no            ; yes             ; no       ; Off          ; 2.5 V        ; Off         ; --                        ; Fitter               ;
; Celda12[10] ; V29   ; 5        ; 117          ; 46           ; 14           ; 0                     ; 0                  ; no     ; no             ; no            ; yes             ; no       ; Off          ; 2.5 V        ; Off         ; --                        ; Fitter               ;
; Celda12[11] ; V30   ; 5        ; 117          ; 46           ; 21           ; 0                     ; 0                  ; no     ; no             ; no            ; yes             ; no       ; Off          ; 2.5 V        ; Off         ; --                        ; Fitter               ;
; Celda12[12] ; W26   ; 5        ; 117          ; 35           ; 0            ; 0                     ; 0                  ; no     ; no             ; no            ; yes             ; no       ; Off          ; 2.5 V        ; Off         ; --                        ; Fitter               ;
; Celda12[13] ; AF18  ; 4        ; 66           ; 0            ; 7            ; 0                     ; 0                  ; no     ; no             ; no            ; yes             ; no       ; Off          ; 2.5 V        ; Off         ; --                        ; Fitter               ;
; Celda12[14] ; D3    ; 8        ; 19           ; 91           ; 7            ; 0                     ; 0                  ; no     ; no             ; no            ; yes             ; no       ; Off          ; 2.5 V        ; Off         ; --                        ; Fitter               ;
; Celda12[15] ; AG23  ; 4        ; 95           ; 0            ; 14           ; 0                     ; 0                  ; no     ; no             ; no            ; yes             ; no       ; Off          ; 2.5 V        ; Off         ; --                        ; Fitter               ;
; Celda12[16] ; C8    ; 8        ; 17           ; 91           ; 14           ; 0                     ; 0                  ; no     ; no             ; no            ; yes             ; no       ; Off          ; 2.5 V        ; Off         ; --                        ; Fitter               ;
; Celda12[17] ; A6    ; 8        ; 30           ; 91           ; 14           ; 0                     ; 0                  ; no     ; no             ; no            ; yes             ; no       ; Off          ; 2.5 V        ; Off         ; --                        ; Fitter               ;
; Celda12[18] ; AE5   ; 3        ; 5            ; 0            ; 0            ; 0                     ; 0                  ; no     ; no             ; no            ; yes             ; no       ; Off          ; 2.5 V        ; Off         ; --                        ; Fitter               ;
; Celda12[19] ; E30   ; 6        ; 117          ; 69           ; 7            ; 0                     ; 0                  ; no     ; no             ; no            ; yes             ; no       ; Off          ; 2.5 V        ; Off         ; --                        ; Fitter               ;
; Celda12[1]  ; AJ9   ; 3        ; 44           ; 0            ; 21           ; 0                     ; 0                  ; no     ; no             ; no            ; yes             ; no       ; Off          ; 2.5 V        ; Off         ; --                        ; Fitter               ;
; Celda12[20] ; AH15  ; 3        ; 53           ; 0            ; 21           ; 0                     ; 0                  ; no     ; no             ; no            ; yes             ; no       ; Off          ; 2.5 V        ; Off         ; --                        ; Fitter               ;
; Celda12[21] ; AG15  ; 3        ; 48           ; 0            ; 14           ; 0                     ; 0                  ; no     ; no             ; no            ; yes             ; no       ; Off          ; 2.5 V        ; Off         ; --                        ; Fitter               ;
; Celda12[22] ; AH27  ; 4        ; 111          ; 0            ; 7            ; 0                     ; 0                  ; no     ; no             ; no            ; yes             ; no       ; Off          ; 2.5 V        ; Off         ; --                        ; Fitter               ;
; Celda12[23] ; E9    ; 8        ; 15           ; 91           ; 0            ; 0                     ; 0                  ; no     ; no             ; no            ; yes             ; no       ; Off          ; 2.5 V        ; Off         ; --                        ; Fitter               ;
; Celda12[2]  ; AK20  ; 4        ; 77           ; 0            ; 0            ; 0                     ; 0                  ; no     ; no             ; no            ; yes             ; no       ; Off          ; 2.5 V        ; Off         ; --                        ; Fitter               ;
; Celda12[3]  ; W29   ; 5        ; 117          ; 39           ; 7            ; 0                     ; 0                  ; no     ; no             ; no            ; yes             ; no       ; Off          ; 2.5 V        ; Off         ; --                        ; Fitter               ;
; Celda12[4]  ; F20   ; 7        ; 84           ; 91           ; 0            ; 0                     ; 0                  ; no     ; no             ; no            ; yes             ; no       ; Off          ; 2.5 V        ; Off         ; --                        ; Fitter               ;
; Celda12[5]  ; AK16  ; 4        ; 57           ; 0            ; 0            ; 0                     ; 0                  ; no     ; no             ; no            ; yes             ; no       ; Off          ; 2.5 V        ; Off         ; --                        ; Fitter               ;
; Celda12[6]  ; AJ16  ; 4        ; 57           ; 0            ; 7            ; 0                     ; 0                  ; no     ; no             ; no            ; yes             ; no       ; Off          ; 2.5 V        ; Off         ; --                        ; Fitter               ;
; Celda12[7]  ; C28   ; 7        ; 113          ; 91           ; 14           ; 0                     ; 0                  ; no     ; no             ; no            ; yes             ; no       ; Off          ; 2.5 V        ; Off         ; --                        ; Fitter               ;
; Celda12[8]  ; AB17  ; 4        ; 66           ; 0            ; 21           ; 0                     ; 0                  ; no     ; no             ; no            ; yes             ; no       ; Off          ; 2.5 V        ; Off         ; --                        ; Fitter               ;
; Celda12[9]  ; C12   ; 8        ; 37           ; 91           ; 14           ; 0                     ; 0                  ; no     ; no             ; no            ; yes             ; no       ; Off          ; 2.5 V        ; Off         ; --                        ; Fitter               ;
; Celda13[0]  ; AK15  ; 4        ; 63           ; 0            ; 14           ; 0                     ; 0                  ; no     ; no             ; no            ; yes             ; no       ; Off          ; 2.5 V        ; Off         ; --                        ; Fitter               ;
; Celda13[10] ; D18   ; 7        ; 68           ; 91           ; 7            ; 0                     ; 0                  ; no     ; no             ; no            ; yes             ; no       ; Off          ; 2.5 V        ; Off         ; --                        ; Fitter               ;
; Celda13[11] ; AG9   ; 3        ; 26           ; 0            ; 7            ; 0                     ; 0                  ; no     ; no             ; no            ; yes             ; no       ; Off          ; 2.5 V        ; Off         ; --                        ; Fitter               ;
; Celda13[12] ; AF27  ; 5        ; 117          ; 15           ; 0            ; 0                     ; 0                  ; no     ; no             ; no            ; yes             ; no       ; Off          ; 2.5 V        ; Off         ; --                        ; Fitter               ;
; Celda13[13] ; C6    ; 8        ; 26           ; 91           ; 14           ; 0                     ; 0                  ; no     ; no             ; no            ; yes             ; no       ; Off          ; 2.5 V        ; Off         ; --                        ; Fitter               ;
; Celda13[14] ; AA28  ; 5        ; 117          ; 29           ; 7            ; 0                     ; 0                  ; no     ; no             ; no            ; yes             ; no       ; Off          ; 2.5 V        ; Off         ; --                        ; Fitter               ;
; Celda13[15] ; AH13  ; 3        ; 34           ; 0            ; 0            ; 0                     ; 0                  ; no     ; no             ; no            ; yes             ; no       ; Off          ; 2.5 V        ; Off         ; --                        ; Fitter               ;
; Celda13[16] ; H25   ; 6        ; 117          ; 79           ; 7            ; 0                     ; 0                  ; no     ; no             ; no            ; yes             ; no       ; Off          ; 2.5 V        ; Off         ; --                        ; Fitter               ;
; Celda13[17] ; A14   ; 8        ; 50           ; 91           ; 21           ; 0                     ; 0                  ; no     ; no             ; no            ; yes             ; no       ; Off          ; 2.5 V        ; Off         ; --                        ; Fitter               ;
; Celda13[18] ; N29   ; 6        ; 117          ; 54           ; 7            ; 0                     ; 0                  ; no     ; no             ; no            ; yes             ; no       ; Off          ; 2.5 V        ; Off         ; --                        ; Fitter               ;
; Celda13[19] ; AJ15  ; 4        ; 63           ; 0            ; 21           ; 0                     ; 0                  ; no     ; no             ; no            ; yes             ; no       ; Off          ; 2.5 V        ; Off         ; --                        ; Fitter               ;
; Celda13[1]  ; C10   ; 8        ; 39           ; 91           ; 21           ; 0                     ; 0                  ; no     ; no             ; no            ; yes             ; no       ; Off          ; 2.5 V        ; Off         ; --                        ; Fitter               ;
; Celda13[20] ; T25   ; 5        ; 117          ; 34           ; 0            ; 0                     ; 0                  ; no     ; no             ; no            ; yes             ; no       ; Off          ; 2.5 V        ; Off         ; --                        ; Fitter               ;
; Celda13[21] ; F18   ; 7        ; 66           ; 91           ; 0            ; 0                     ; 0                  ; no     ; no             ; no            ; yes             ; no       ; Off          ; 2.5 V        ; Off         ; --                        ; Fitter               ;
; Celda13[22] ; K19   ; 7        ; 63           ; 91           ; 21           ; 0                     ; 0                  ; no     ; no             ; no            ; yes             ; no       ; Off          ; 2.5 V        ; Off         ; --                        ; Fitter               ;
; Celda13[23] ; AJ7   ; 3        ; 41           ; 0            ; 7            ; 0                     ; 0                  ; no     ; no             ; no            ; yes             ; no       ; Off          ; 2.5 V        ; Off         ; --                        ; Fitter               ;
; Celda13[2]  ; K30   ; 6        ; 117          ; 60           ; 7            ; 0                     ; 0                  ; no     ; no             ; no            ; yes             ; no       ; Off          ; 2.5 V        ; Off         ; --                        ; Fitter               ;
; Celda13[3]  ; C14   ; 8        ; 41           ; 91           ; 0            ; 0                     ; 0                  ; no     ; no             ; no            ; yes             ; no       ; Off          ; 2.5 V        ; Off         ; --                        ; Fitter               ;
; Celda13[4]  ; AH8   ; 3        ; 37           ; 0            ; 14           ; 0                     ; 0                  ; no     ; no             ; no            ; yes             ; no       ; Off          ; 2.5 V        ; Off         ; --                        ; Fitter               ;
; Celda13[5]  ; L25   ; 6        ; 117          ; 68           ; 0            ; 0                     ; 0                  ; no     ; no             ; no            ; yes             ; no       ; Off          ; 2.5 V        ; Off         ; --                        ; Fitter               ;
; Celda13[6]  ; AB13  ; 3        ; 37           ; 0            ; 0            ; 0                     ; 0                  ; no     ; no             ; no            ; yes             ; no       ; Off          ; 2.5 V        ; Off         ; --                        ; Fitter               ;
; Celda13[7]  ; AG25  ; 4        ; 113          ; 0            ; 14           ; 0                     ; 0                  ; no     ; no             ; no            ; yes             ; no       ; Off          ; 2.5 V        ; Off         ; --                        ; Fitter               ;
; Celda13[8]  ; AB14  ; 3        ; 46           ; 0            ; 14           ; 0                     ; 0                  ; no     ; no             ; no            ; yes             ; no       ; Off          ; 2.5 V        ; Off         ; --                        ; Fitter               ;
; Celda13[9]  ; AD23  ; 4        ; 111          ; 0            ; 0            ; 0                     ; 0                  ; no     ; no             ; no            ; yes             ; no       ; Off          ; 2.5 V        ; Off         ; --                        ; Fitter               ;
; Celda14[0]  ; AH18  ; 4        ; 68           ; 0            ; 14           ; 0                     ; 0                  ; no     ; no             ; no            ; yes             ; no       ; Off          ; 2.5 V        ; Off         ; --                        ; Fitter               ;
; Celda14[10] ; AH6   ; 3        ; 21           ; 0            ; 0            ; 0                     ; 0                  ; no     ; no             ; no            ; yes             ; no       ; Off          ; 2.5 V        ; Off         ; --                        ; Fitter               ;
; Celda14[11] ; P27   ; 6        ; 117          ; 52           ; 0            ; 0                     ; 0                  ; no     ; no             ; no            ; yes             ; no       ; Off          ; 2.5 V        ; Off         ; --                        ; Fitter               ;
; Celda14[12] ; AH12  ; 3        ; 32           ; 0            ; 0            ; 0                     ; 0                  ; no     ; no             ; no            ; yes             ; no       ; Off          ; 2.5 V        ; Off         ; --                        ; Fitter               ;
; Celda14[13] ; AK22  ; 4        ; 82           ; 0            ; 7            ; 0                     ; 0                  ; no     ; no             ; no            ; yes             ; no       ; Off          ; 2.5 V        ; Off         ; --                        ; Fitter               ;
; Celda14[14] ; E18   ; 7        ; 77           ; 91           ; 14           ; 0                     ; 0                  ; no     ; no             ; no            ; yes             ; no       ; Off          ; 2.5 V        ; Off         ; --                        ; Fitter               ;
; Celda14[15] ; A17   ; 7        ; 66           ; 91           ; 14           ; 0                     ; 0                  ; no     ; no             ; no            ; yes             ; no       ; Off          ; 2.5 V        ; Off         ; --                        ; Fitter               ;
; Celda14[16] ; D16   ; 8        ; 53           ; 91           ; 21           ; 0                     ; 0                  ; no     ; no             ; no            ; yes             ; no       ; Off          ; 2.5 V        ; Off         ; --                        ; Fitter               ;
; Celda14[17] ; AC16  ; 3        ; 48           ; 0            ; 7            ; 0                     ; 0                  ; no     ; no             ; no            ; yes             ; no       ; Off          ; 2.5 V        ; Off         ; --                        ; Fitter               ;
; Celda14[18] ; F8    ; 8        ; 3            ; 91           ; 7            ; 0                     ; 0                  ; no     ; no             ; no            ; yes             ; no       ; Off          ; 2.5 V        ; Off         ; --                        ; Fitter               ;
; Celda14[19] ; F14   ; 8        ; 46           ; 91           ; 7            ; 0                     ; 0                  ; no     ; no             ; no            ; yes             ; no       ; Off          ; 2.5 V        ; Off         ; --                        ; Fitter               ;
; Celda14[1]  ; B24   ; 7        ; 90           ; 91           ; 14           ; 0                     ; 0                  ; no     ; no             ; no            ; yes             ; no       ; Off          ; 2.5 V        ; Off         ; --                        ; Fitter               ;
; Celda14[20] ; H9    ; 8        ; 8            ; 91           ; 7            ; 0                     ; 0                  ; no     ; no             ; no            ; yes             ; no       ; Off          ; 2.5 V        ; Off         ; --                        ; Fitter               ;
; Celda14[21] ; B10   ; 8        ; 39           ; 91           ; 14           ; 0                     ; 0                  ; no     ; no             ; no            ; yes             ; no       ; Off          ; 2.5 V        ; Off         ; --                        ; Fitter               ;
; Celda14[22] ; E24   ; 7        ; 99           ; 91           ; 7            ; 0                     ; 0                  ; no     ; no             ; no            ; yes             ; no       ; Off          ; 2.5 V        ; Off         ; --                        ; Fitter               ;
; Celda14[23] ; AG28  ; 4        ; 113          ; 0            ; 7            ; 0                     ; 0                  ; no     ; no             ; no            ; yes             ; no       ; Off          ; 2.5 V        ; Off         ; --                        ; Fitter               ;
; Celda14[2]  ; AH29  ; 5        ; 117          ; 13           ; 7            ; 0                     ; 0                  ; no     ; no             ; no            ; yes             ; no       ; Off          ; 2.5 V        ; Off         ; --                        ; Fitter               ;
; Celda14[3]  ; V27   ; 5        ; 117          ; 41           ; 7            ; 0                     ; 0                  ; no     ; no             ; no            ; yes             ; no       ; Off          ; 2.5 V        ; Off         ; --                        ; Fitter               ;
; Celda14[4]  ; D6    ; 8        ; 24           ; 91           ; 7            ; 0                     ; 0                  ; no     ; no             ; no            ; yes             ; no       ; Off          ; 2.5 V        ; Off         ; --                        ; Fitter               ;
; Celda14[5]  ; A18   ; 7        ; 66           ; 91           ; 21           ; 0                     ; 0                  ; no     ; no             ; no            ; yes             ; no       ; Off          ; 2.5 V        ; Off         ; --                        ; Fitter               ;
; Celda14[6]  ; AD26  ; 5        ; 117          ; 5            ; 0            ; 0                     ; 0                  ; no     ; no             ; no            ; yes             ; no       ; Off          ; 2.5 V        ; Off         ; --                        ; Fitter               ;
; Celda14[7]  ; A11   ; 8        ; 44           ; 91           ; 21           ; 0                     ; 0                  ; no     ; no             ; no            ; yes             ; no       ; Off          ; 2.5 V        ; Off         ; --                        ; Fitter               ;
; Celda14[8]  ; AA22  ; 5        ; 117          ; 22           ; 0            ; 0                     ; 0                  ; no     ; no             ; no            ; yes             ; no       ; Off          ; 2.5 V        ; Off         ; --                        ; Fitter               ;
; Celda14[9]  ; C25   ; 7        ; 95           ; 91           ; 0            ; 0                     ; 0                  ; no     ; no             ; no            ; yes             ; no       ; Off          ; 2.5 V        ; Off         ; --                        ; Fitter               ;
; Celda15[0]  ; AF25  ; 4        ; 115          ; 0            ; 14           ; 0                     ; 0                  ; no     ; no             ; no            ; yes             ; no       ; Off          ; 2.5 V        ; Off         ; --                        ; Fitter               ;
; Celda15[10] ; A20   ; 7        ; 75           ; 91           ; 0            ; 0                     ; 0                  ; no     ; no             ; no            ; yes             ; no       ; Off          ; 2.5 V        ; Off         ; --                        ; Fitter               ;
; Celda15[11] ; AH4   ; 3        ; 17           ; 0            ; 0            ; 0                     ; 0                  ; no     ; no             ; no            ; yes             ; no       ; Off          ; 2.5 V        ; Off         ; --                        ; Fitter               ;
; Celda15[12] ; T21   ; 5        ; 117          ; 32           ; 0            ; 0                     ; 0                  ; no     ; no             ; no            ; yes             ; no       ; Off          ; 2.5 V        ; Off         ; --                        ; Fitter               ;
; Celda15[13] ; AK27  ; 4        ; 97           ; 0            ; 7            ; 0                     ; 0                  ; no     ; no             ; no            ; yes             ; no       ; Off          ; 2.5 V        ; Off         ; --                        ; Fitter               ;
; Celda15[14] ; AK25  ; 4        ; 92           ; 0            ; 0            ; 0                     ; 0                  ; no     ; no             ; no            ; yes             ; no       ; Off          ; 2.5 V        ; Off         ; --                        ; Fitter               ;
; Celda15[15] ; AH3   ; 3        ; 15           ; 0            ; 21           ; 0                     ; 0                  ; no     ; no             ; no            ; yes             ; no       ; Off          ; 2.5 V        ; Off         ; --                        ; Fitter               ;
; Celda15[16] ; AH23  ; 4        ; 95           ; 0            ; 7            ; 0                     ; 0                  ; no     ; no             ; no            ; yes             ; no       ; Off          ; 2.5 V        ; Off         ; --                        ; Fitter               ;
; Celda15[17] ; AD22  ; 4        ; 90           ; 0            ; 7            ; 0                     ; 0                  ; no     ; no             ; no            ; yes             ; no       ; Off          ; 2.5 V        ; Off         ; --                        ; Fitter               ;
; Celda15[18] ; F29   ; 6        ; 117          ; 81           ; 7            ; 0                     ; 0                  ; no     ; no             ; no            ; yes             ; no       ; Off          ; 2.5 V        ; Off         ; --                        ; Fitter               ;
; Celda15[19] ; AG16  ; 4        ; 61           ; 0            ; 0            ; 0                     ; 0                  ; no     ; no             ; no            ; yes             ; no       ; Off          ; 2.5 V        ; Off         ; --                        ; Fitter               ;
; Celda15[1]  ; M28   ; 6        ; 117          ; 59           ; 0            ; 0                     ; 0                  ; no     ; no             ; no            ; yes             ; no       ; Off          ; 2.5 V        ; Off         ; --                        ; Fitter               ;
; Celda15[20] ; B7    ; 8        ; 34           ; 91           ; 7            ; 0                     ; 0                  ; no     ; no             ; no            ; yes             ; no       ; Off          ; 2.5 V        ; Off         ; --                        ; Fitter               ;
; Celda15[21] ; AG26  ; 4        ; 108          ; 0            ; 21           ; 0                     ; 0                  ; no     ; no             ; no            ; yes             ; no       ; Off          ; 2.5 V        ; Off         ; --                        ; Fitter               ;
; Celda15[22] ; B19   ; 7        ; 75           ; 91           ; 7            ; 0                     ; 0                  ; no     ; no             ; no            ; yes             ; no       ; Off          ; 2.5 V        ; Off         ; --                        ; Fitter               ;
; Celda15[23] ; AJ21  ; 4        ; 84           ; 0            ; 7            ; 0                     ; 0                  ; no     ; no             ; no            ; yes             ; no       ; Off          ; 2.5 V        ; Off         ; --                        ; Fitter               ;
; Celda15[2]  ; B13   ; 8        ; 48           ; 91           ; 14           ; 0                     ; 0                  ; no     ; no             ; no            ; yes             ; no       ; Off          ; 2.5 V        ; Off         ; --                        ; Fitter               ;
; Celda15[3]  ; AB25  ; 5        ; 117          ; 7            ; 0            ; 0                     ; 0                  ; no     ; no             ; no            ; yes             ; no       ; Off          ; 2.5 V        ; Off         ; --                        ; Fitter               ;
; Celda15[4]  ; D15   ; 8        ; 44           ; 91           ; 7            ; 0                     ; 0                  ; no     ; no             ; no            ; yes             ; no       ; Off          ; 2.5 V        ; Off         ; --                        ; Fitter               ;
; Celda15[5]  ; Y20   ; 4        ; 106          ; 0            ; 7            ; 0                     ; 0                  ; no     ; no             ; no            ; yes             ; no       ; Off          ; 2.5 V        ; Off         ; --                        ; Fitter               ;
; Celda15[6]  ; AF22  ; 4        ; 88           ; 0            ; 0            ; 0                     ; 0                  ; no     ; no             ; no            ; yes             ; no       ; Off          ; 2.5 V        ; Off         ; --                        ; Fitter               ;
; Celda15[7]  ; M25   ; 6        ; 117          ; 58           ; 0            ; 0                     ; 0                  ; no     ; no             ; no            ; yes             ; no       ; Off          ; 2.5 V        ; Off         ; --                        ; Fitter               ;
; Celda15[8]  ; D17   ; 7        ; 63           ; 91           ; 7            ; 0                     ; 0                  ; no     ; no             ; no            ; yes             ; no       ; Off          ; 2.5 V        ; Off         ; --                        ; Fitter               ;
; Celda15[9]  ; AC27  ; 5        ; 117          ; 23           ; 0            ; 0                     ; 0                  ; no     ; no             ; no            ; yes             ; no       ; Off          ; 2.5 V        ; Off         ; --                        ; Fitter               ;
; Celda16[0]  ; J9    ; 8        ; 8            ; 91           ; 14           ; 0                     ; 0                  ; no     ; no             ; no            ; yes             ; no       ; Off          ; 2.5 V        ; Off         ; --                        ; Fitter               ;
; Celda16[10] ; AJ6   ; 3        ; 24           ; 0            ; 14           ; 0                     ; 0                  ; no     ; no             ; no            ; yes             ; no       ; Off          ; 2.5 V        ; Off         ; --                        ; Fitter               ;
; Celda16[11] ; C18   ; 7        ; 68           ; 91           ; 0            ; 0                     ; 0                  ; no     ; no             ; no            ; yes             ; no       ; Off          ; 2.5 V        ; Off         ; --                        ; Fitter               ;
; Celda16[12] ; G13   ; 8        ; 50           ; 91           ; 0            ; 0                     ; 0                  ; no     ; no             ; no            ; yes             ; no       ; Off          ; 2.5 V        ; Off         ; --                        ; Fitter               ;
; Celda16[13] ; U27   ; 5        ; 117          ; 42           ; 7            ; 0                     ; 0                  ; no     ; no             ; no            ; yes             ; no       ; Off          ; 2.5 V        ; Off         ; --                        ; Fitter               ;
; Celda16[14] ; AE11  ; 3        ; 15           ; 0            ; 14           ; 0                     ; 0                  ; no     ; no             ; no            ; yes             ; no       ; Off          ; 2.5 V        ; Off         ; --                        ; Fitter               ;
; Celda16[15] ; AF28  ; 5        ; 117          ; 15           ; 7            ; 0                     ; 0                  ; no     ; no             ; no            ; yes             ; no       ; Off          ; 2.5 V        ; Off         ; --                        ; Fitter               ;
; Celda16[16] ; F11   ; 8        ; 28           ; 91           ; 14           ; 0                     ; 0                  ; no     ; no             ; no            ; yes             ; no       ; Off          ; 2.5 V        ; Off         ; --                        ; Fitter               ;
; Celda16[17] ; AF15  ; 3        ; 48           ; 0            ; 21           ; 0                     ; 0                  ; no     ; no             ; no            ; yes             ; no       ; Off          ; 2.5 V        ; Off         ; --                        ; Fitter               ;
; Celda16[18] ; C13   ; 8        ; 41           ; 91           ; 14           ; 0                     ; 0                  ; no     ; no             ; no            ; yes             ; no       ; Off          ; 2.5 V        ; Off         ; --                        ; Fitter               ;
; Celda16[19] ; AB16  ; 3        ; 39           ; 0            ; 0            ; 0                     ; 0                  ; no     ; no             ; no            ; yes             ; no       ; Off          ; 2.5 V        ; Off         ; --                        ; Fitter               ;
; Celda16[1]  ; C17   ; 7        ; 63           ; 91           ; 0            ; 0                     ; 0                  ; no     ; no             ; no            ; yes             ; no       ; Off          ; 2.5 V        ; Off         ; --                        ; Fitter               ;
; Celda16[20] ; D1    ; 8        ; 12           ; 91           ; 0            ; 0                     ; 0                  ; no     ; no             ; no            ; yes             ; no       ; Off          ; 2.5 V        ; Off         ; --                        ; Fitter               ;
; Celda16[21] ; AG10  ; 3        ; 28           ; 0            ; 7            ; 0                     ; 0                  ; no     ; no             ; no            ; yes             ; no       ; Off          ; 2.5 V        ; Off         ; --                        ; Fitter               ;
; Celda16[22] ; AJ27  ; 4        ; 99           ; 0            ; 7            ; 0                     ; 0                  ; no     ; no             ; no            ; yes             ; no       ; Off          ; 2.5 V        ; Off         ; --                        ; Fitter               ;
; Celda16[23] ; E25   ; 7        ; 113          ; 91           ; 7            ; 0                     ; 0                  ; no     ; no             ; no            ; yes             ; no       ; Off          ; 2.5 V        ; Off         ; --                        ; Fitter               ;
; Celda16[2]  ; G14   ; 8        ; 50           ; 91           ; 7            ; 0                     ; 0                  ; no     ; no             ; no            ; yes             ; no       ; Off          ; 2.5 V        ; Off         ; --                        ; Fitter               ;
; Celda16[3]  ; AH22  ; 4        ; 88           ; 0            ; 14           ; 0                     ; 0                  ; no     ; no             ; no            ; yes             ; no       ; Off          ; 2.5 V        ; Off         ; --                        ; Fitter               ;
; Celda16[4]  ; AG12  ; 3        ; 32           ; 0            ; 7            ; 0                     ; 0                  ; no     ; no             ; no            ; yes             ; no       ; Off          ; 2.5 V        ; Off         ; --                        ; Fitter               ;
; Celda16[5]  ; AD16  ; 4        ; 63           ; 0            ; 7            ; 0                     ; 0                  ; no     ; no             ; no            ; yes             ; no       ; Off          ; 2.5 V        ; Off         ; --                        ; Fitter               ;
; Celda16[6]  ; AH11  ; 3        ; 30           ; 0            ; 7            ; 0                     ; 0                  ; no     ; no             ; no            ; yes             ; no       ; Off          ; 2.5 V        ; Off         ; --                        ; Fitter               ;
; Celda16[7]  ; Y17   ; 4        ; 61           ; 0            ; 21           ; 0                     ; 0                  ; no     ; no             ; no            ; yes             ; no       ; Off          ; 2.5 V        ; Off         ; --                        ; Fitter               ;
; Celda16[8]  ; E13   ; 8        ; 39           ; 91           ; 0            ; 0                     ; 0                  ; no     ; no             ; no            ; yes             ; no       ; Off          ; 2.5 V        ; Off         ; --                        ; Fitter               ;
; Celda16[9]  ; B6    ; 8        ; 32           ; 91           ; 7            ; 0                     ; 0                  ; no     ; no             ; no            ; yes             ; no       ; Off          ; 2.5 V        ; Off         ; --                        ; Fitter               ;
; Celda5[0]   ; AG4   ; 3        ; 10           ; 0            ; 7            ; 0                     ; 0                  ; no     ; no             ; no            ; yes             ; no       ; Off          ; 2.5 V        ; Off         ; --                        ; Fitter               ;
; Celda5[10]  ; J29   ; 6        ; 117          ; 62           ; 0            ; 0                     ; 0                  ; no     ; no             ; no            ; yes             ; no       ; Off          ; 2.5 V        ; Off         ; --                        ; Fitter               ;
; Celda5[11]  ; D5    ; 8        ; 21           ; 91           ; 0            ; 0                     ; 0                  ; no     ; no             ; no            ; yes             ; no       ; Off          ; 2.5 V        ; Off         ; --                        ; Fitter               ;
; Celda5[12]  ; G21   ; 7        ; 106          ; 91           ; 0            ; 0                     ; 0                  ; no     ; no             ; no            ; yes             ; no       ; Off          ; 2.5 V        ; Off         ; --                        ; Fitter               ;
; Celda5[13]  ; E21   ; 7        ; 92           ; 91           ; 7            ; 0                     ; 0                  ; no     ; no             ; no            ; yes             ; no       ; Off          ; 2.5 V        ; Off         ; --                        ; Fitter               ;
; Celda5[14]  ; AK29  ; 4        ; 106          ; 0            ; 14           ; 0                     ; 0                  ; no     ; no             ; no            ; yes             ; no       ; Off          ; 2.5 V        ; Off         ; --                        ; Fitter               ;
; Celda5[15]  ; F21   ; 7        ; 84           ; 91           ; 7            ; 0                     ; 0                  ; no     ; no             ; no            ; yes             ; no       ; Off          ; 2.5 V        ; Off         ; --                        ; Fitter               ;
; Celda5[16]  ; F24   ; 7        ; 113          ; 91           ; 0            ; 0                     ; 0                  ; no     ; no             ; no            ; yes             ; no       ; Off          ; 2.5 V        ; Off         ; --                        ; Fitter               ;
; Celda5[17]  ; P30   ; 6        ; 117          ; 51           ; 7            ; 0                     ; 0                  ; no     ; no             ; no            ; yes             ; no       ; Off          ; 2.5 V        ; Off         ; --                        ; Fitter               ;
; Celda5[18]  ; N21   ; 6        ; 117          ; 65           ; 7            ; 0                     ; 0                  ; no     ; no             ; no            ; yes             ; no       ; Off          ; 2.5 V        ; Off         ; --                        ; Fitter               ;
; Celda5[19]  ; AE13  ; 3        ; 28           ; 0            ; 21           ; 0                     ; 0                  ; no     ; no             ; no            ; yes             ; no       ; Off          ; 2.5 V        ; Off         ; --                        ; Fitter               ;
; Celda5[1]   ; AC28  ; 5        ; 117          ; 23           ; 7            ; 0                     ; 0                  ; no     ; no             ; no            ; yes             ; no       ; Off          ; 2.5 V        ; Off         ; --                        ; Fitter               ;
; Celda5[20]  ; AH17  ; 4        ; 70           ; 0            ; 21           ; 0                     ; 0                  ; no     ; no             ; no            ; yes             ; no       ; Off          ; 2.5 V        ; Off         ; --                        ; Fitter               ;
; Celda5[21]  ; AF12  ; 3        ; 26           ; 0            ; 14           ; 0                     ; 0                  ; no     ; no             ; no            ; yes             ; no       ; Off          ; 2.5 V        ; Off         ; --                        ; Fitter               ;
; Celda5[22]  ; AE16  ; 4        ; 63           ; 0            ; 0            ; 0                     ; 0                  ; no     ; no             ; no            ; yes             ; no       ; Off          ; 2.5 V        ; Off         ; --                        ; Fitter               ;
; Celda5[23]  ; A8    ; 8        ; 34           ; 91           ; 0            ; 0                     ; 0                  ; no     ; no             ; no            ; yes             ; no       ; Off          ; 2.5 V        ; Off         ; --                        ; Fitter               ;
; Celda5[2]   ; AK10  ; 3        ; 44           ; 0            ; 0            ; 0                     ; 0                  ; no     ; no             ; no            ; yes             ; no       ; Off          ; 2.5 V        ; Off         ; --                        ; Fitter               ;
; Celda5[3]   ; A12   ; 8        ; 46           ; 91           ; 14           ; 0                     ; 0                  ; no     ; no             ; no            ; yes             ; no       ; Off          ; 2.5 V        ; Off         ; --                        ; Fitter               ;
; Celda5[4]   ; AA13  ; 3        ; 37           ; 0            ; 7            ; 0                     ; 0                  ; no     ; no             ; no            ; yes             ; no       ; Off          ; 2.5 V        ; Off         ; --                        ; Fitter               ;
; Celda5[5]   ; AK4   ; 3        ; 21           ; 0            ; 7            ; 0                     ; 0                  ; no     ; no             ; no            ; yes             ; no       ; Off          ; 2.5 V        ; Off         ; --                        ; Fitter               ;
; Celda5[6]   ; AF19  ; 4        ; 75           ; 0            ; 0            ; 0                     ; 0                  ; no     ; no             ; no            ; yes             ; no       ; Off          ; 2.5 V        ; Off         ; --                        ; Fitter               ;
; Celda5[7]   ; E16   ; 8        ; 48           ; 91           ; 0            ; 0                     ; 0                  ; no     ; no             ; no            ; yes             ; no       ; Off          ; 2.5 V        ; Off         ; --                        ; Fitter               ;
; Celda5[8]   ; C19   ; 7        ; 72           ; 91           ; 0            ; 0                     ; 0                  ; no     ; no             ; no            ; yes             ; no       ; Off          ; 2.5 V        ; Off         ; --                        ; Fitter               ;
; Celda5[9]   ; D27   ; 7        ; 115          ; 91           ; 21           ; 0                     ; 0                  ; no     ; no             ; no            ; yes             ; no       ; Off          ; 2.5 V        ; Off         ; --                        ; Fitter               ;
; Celda6[0]   ; AJ25  ; 4        ; 99           ; 0            ; 14           ; 0                     ; 0                  ; no     ; no             ; no            ; yes             ; no       ; Off          ; 2.5 V        ; Off         ; --                        ; Fitter               ;
; Celda6[10]  ; AK7   ; 3        ; 41           ; 0            ; 0            ; 0                     ; 0                  ; no     ; no             ; no            ; yes             ; no       ; Off          ; 2.5 V        ; Off         ; --                        ; Fitter               ;
; Celda6[11]  ; AK8   ; 3        ; 44           ; 0            ; 14           ; 0                     ; 0                  ; no     ; no             ; no            ; yes             ; no       ; Off          ; 2.5 V        ; Off         ; --                        ; Fitter               ;
; Celda6[12]  ; AH14  ; 3        ; 41           ; 0            ; 14           ; 0                     ; 0                  ; no     ; no             ; no            ; yes             ; no       ; Off          ; 2.5 V        ; Off         ; --                        ; Fitter               ;
; Celda6[13]  ; AE22  ; 4        ; 90           ; 0            ; 0            ; 0                     ; 0                  ; no     ; no             ; no            ; yes             ; no       ; Off          ; 2.5 V        ; Off         ; --                        ; Fitter               ;
; Celda6[14]  ; AG21  ; 4        ; 84           ; 0            ; 0            ; 0                     ; 0                  ; no     ; no             ; no            ; yes             ; no       ; Off          ; 2.5 V        ; Off         ; --                        ; Fitter               ;
; Celda6[15]  ; AF7   ; 3        ; 3            ; 0            ; 7            ; 0                     ; 0                  ; no     ; no             ; no            ; yes             ; no       ; Off          ; 2.5 V        ; Off         ; --                        ; Fitter               ;
; Celda6[16]  ; A21   ; 7        ; 79           ; 91           ; 0            ; 0                     ; 0                  ; no     ; no             ; no            ; yes             ; no       ; Off          ; 2.5 V        ; Off         ; --                        ; Fitter               ;
; Celda6[17]  ; AE26  ; 5        ; 117          ; 8            ; 0            ; 0                     ; 0                  ; no     ; no             ; no            ; yes             ; no       ; Off          ; 2.5 V        ; Off         ; --                        ; Fitter               ;
; Celda6[18]  ; R24   ; 6        ; 117          ; 55           ; 7            ; 0                     ; 0                  ; no     ; no             ; no            ; yes             ; no       ; Off          ; 2.5 V        ; Off         ; --                        ; Fitter               ;
; Celda6[19]  ; AH21  ; 4        ; 84           ; 0            ; 14           ; 0                     ; 0                  ; no     ; no             ; no            ; yes             ; no       ; Off          ; 2.5 V        ; Off         ; --                        ; Fitter               ;
; Celda6[1]   ; AH2   ; 3        ; 17           ; 0            ; 14           ; 0                     ; 0                  ; no     ; no             ; no            ; yes             ; no       ; Off          ; 2.5 V        ; Off         ; --                        ; Fitter               ;
; Celda6[20]  ; A26   ; 7        ; 97           ; 91           ; 7            ; 0                     ; 0                  ; no     ; no             ; no            ; yes             ; no       ; Off          ; 2.5 V        ; Off         ; --                        ; Fitter               ;
; Celda6[21]  ; AG6   ; 3        ; 3            ; 0            ; 0            ; 0                     ; 0                  ; no     ; no             ; no            ; yes             ; no       ; Off          ; 2.5 V        ; Off         ; --                        ; Fitter               ;
; Celda6[22]  ; AE25  ; 5        ; 117          ; 10           ; 7            ; 0                     ; 0                  ; no     ; no             ; no            ; yes             ; no       ; Off          ; 2.5 V        ; Off         ; --                        ; Fitter               ;
; Celda6[23]  ; AG19  ; 4        ; 77           ; 0            ; 21           ; 0                     ; 0                  ; no     ; no             ; no            ; yes             ; no       ; Off          ; 2.5 V        ; Off         ; --                        ; Fitter               ;
; Celda6[2]   ; D10   ; 8        ; 19           ; 91           ; 14           ; 0                     ; 0                  ; no     ; no             ; no            ; yes             ; no       ; Off          ; 2.5 V        ; Off         ; --                        ; Fitter               ;
; Celda6[3]   ; D26   ; 7        ; 99           ; 91           ; 21           ; 0                     ; 0                  ; no     ; no             ; no            ; yes             ; no       ; Off          ; 2.5 V        ; Off         ; --                        ; Fitter               ;
; Celda6[4]   ; AJ3   ; 3        ; 17           ; 0            ; 7            ; 0                     ; 0                  ; no     ; no             ; no            ; yes             ; no       ; Off          ; 2.5 V        ; Off         ; --                        ; Fitter               ;
; Celda6[5]   ; L27   ; 6        ; 117          ; 66           ; 0            ; 0                     ; 0                  ; no     ; no             ; no            ; yes             ; no       ; Off          ; 2.5 V        ; Off         ; --                        ; Fitter               ;
; Celda6[6]   ; F5    ; 8        ; 8            ; 91           ; 0            ; 0                     ; 0                  ; no     ; no             ; no            ; yes             ; no       ; Off          ; 2.5 V        ; Off         ; --                        ; Fitter               ;
; Celda6[7]   ; F12   ; 8        ; 37           ; 91           ; 0            ; 0                     ; 0                  ; no     ; no             ; no            ; yes             ; no       ; Off          ; 2.5 V        ; Off         ; --                        ; Fitter               ;
; Celda6[8]   ; F30   ; 6        ; 117          ; 69           ; 0            ; 0                     ; 0                  ; no     ; no             ; no            ; yes             ; no       ; Off          ; 2.5 V        ; Off         ; --                        ; Fitter               ;
; Celda6[9]   ; T23   ; 5        ; 117          ; 43           ; 0            ; 0                     ; 0                  ; no     ; no             ; no            ; yes             ; no       ; Off          ; 2.5 V        ; Off         ; --                        ; Fitter               ;
; Celda7[0]   ; P21   ; 6        ; 117          ; 65           ; 0            ; 0                     ; 0                  ; no     ; no             ; no            ; yes             ; no       ; Off          ; 2.5 V        ; Off         ; --                        ; Fitter               ;
; Celda7[10]  ; D4    ; 8        ; 26           ; 91           ; 0            ; 0                     ; 0                  ; no     ; no             ; no            ; yes             ; no       ; Off          ; 2.5 V        ; Off         ; --                        ; Fitter               ;
; Celda7[11]  ; K27   ; 6        ; 117          ; 72           ; 7            ; 0                     ; 0                  ; no     ; no             ; no            ; yes             ; no       ; Off          ; 2.5 V        ; Off         ; --                        ; Fitter               ;
; Celda7[12]  ; F23   ; 7        ; 108          ; 91           ; 0            ; 0                     ; 0                  ; no     ; no             ; no            ; yes             ; no       ; Off          ; 2.5 V        ; Off         ; --                        ; Fitter               ;
; Celda7[13]  ; E7    ; 8        ; 28           ; 91           ; 0            ; 0                     ; 0                  ; no     ; no             ; no            ; yes             ; no       ; Off          ; 2.5 V        ; Off         ; --                        ; Fitter               ;
; Celda7[14]  ; R29   ; 6        ; 117          ; 48           ; 7            ; 0                     ; 0                  ; no     ; no             ; no            ; yes             ; no       ; Off          ; 2.5 V        ; Off         ; --                        ; Fitter               ;
; Celda7[15]  ; A16   ; 7        ; 61           ; 91           ; 0            ; 0                     ; 0                  ; no     ; no             ; no            ; yes             ; no       ; Off          ; 2.5 V        ; Off         ; --                        ; Fitter               ;
; Celda7[16]  ; AD29  ; 5        ; 117          ; 26           ; 0            ; 0                     ; 0                  ; no     ; no             ; no            ; yes             ; no       ; Off          ; 2.5 V        ; Off         ; --                        ; Fitter               ;
; Celda7[17]  ; D22   ; 7        ; 95           ; 91           ; 14           ; 0                     ; 0                  ; no     ; no             ; no            ; yes             ; no       ; Off          ; 2.5 V        ; Off         ; --                        ; Fitter               ;
; Celda7[18]  ; H30   ; 6        ; 117          ; 61           ; 0            ; 0                     ; 0                  ; no     ; no             ; no            ; yes             ; no       ; Off          ; 2.5 V        ; Off         ; --                        ; Fitter               ;
; Celda7[19]  ; V21   ; 5        ; 117          ; 28           ; 7            ; 0                     ; 0                  ; no     ; no             ; no            ; yes             ; no       ; Off          ; 2.5 V        ; Off         ; --                        ; Fitter               ;
; Celda7[1]   ; F27   ; 6        ; 117          ; 86           ; 7            ; 0                     ; 0                  ; no     ; no             ; no            ; yes             ; no       ; Off          ; 2.5 V        ; Off         ; --                        ; Fitter               ;
; Celda7[20]  ; J30   ; 6        ; 117          ; 62           ; 7            ; 0                     ; 0                  ; no     ; no             ; no            ; yes             ; no       ; Off          ; 2.5 V        ; Off         ; --                        ; Fitter               ;
; Celda7[21]  ; E3    ; 8        ; 12           ; 91           ; 7            ; 0                     ; 0                  ; no     ; no             ; no            ; yes             ; no       ; Off          ; 2.5 V        ; Off         ; --                        ; Fitter               ;
; Celda7[22]  ; AK28  ; 4        ; 99           ; 0            ; 0            ; 0                     ; 0                  ; no     ; no             ; no            ; yes             ; no       ; Off          ; 2.5 V        ; Off         ; --                        ; Fitter               ;
; Celda7[23]  ; G16   ; 7        ; 68           ; 91           ; 14           ; 0                     ; 0                  ; no     ; no             ; no            ; yes             ; no       ; Off          ; 2.5 V        ; Off         ; --                        ; Fitter               ;
; Celda7[2]   ; V25   ; 5        ; 117          ; 34           ; 7            ; 0                     ; 0                  ; no     ; no             ; no            ; yes             ; no       ; Off          ; 2.5 V        ; Off         ; --                        ; Fitter               ;
; Celda7[3]   ; K24   ; 6        ; 117          ; 78           ; 0            ; 0                     ; 0                  ; no     ; no             ; no            ; yes             ; no       ; Off          ; 2.5 V        ; Off         ; --                        ; Fitter               ;
; Celda7[4]   ; A27   ; 7        ; 101          ; 91           ; 0            ; 0                     ; 0                  ; no     ; no             ; no            ; yes             ; no       ; Off          ; 2.5 V        ; Off         ; --                        ; Fitter               ;
; Celda7[5]   ; AE6   ; 3        ; 3            ; 0            ; 21           ; 0                     ; 0                  ; no     ; no             ; no            ; yes             ; no       ; Off          ; 2.5 V        ; Off         ; --                        ; Fitter               ;
; Celda7[6]   ; C5    ; 8        ; 26           ; 91           ; 7            ; 0                     ; 0                  ; no     ; no             ; no            ; yes             ; no       ; Off          ; 2.5 V        ; Off         ; --                        ; Fitter               ;
; Celda7[7]   ; AF10  ; 3        ; 8            ; 0            ; 7            ; 0                     ; 0                  ; no     ; no             ; no            ; yes             ; no       ; Off          ; 2.5 V        ; Off         ; --                        ; Fitter               ;
; Celda7[8]   ; AA27  ; 5        ; 117          ; 14           ; 7            ; 0                     ; 0                  ; no     ; no             ; no            ; yes             ; no       ; Off          ; 2.5 V        ; Off         ; --                        ; Fitter               ;
; Celda7[9]   ; G6    ; 8        ; 5            ; 91           ; 14           ; 0                     ; 0                  ; no     ; no             ; no            ; yes             ; no       ; Off          ; 2.5 V        ; Off         ; --                        ; Fitter               ;
; Celda8[0]   ; A13   ; 8        ; 50           ; 91           ; 14           ; 0                     ; 0                  ; no     ; no             ; no            ; yes             ; no       ; Off          ; 2.5 V        ; Off         ; --                        ; Fitter               ;
; Celda8[10]  ; AA12  ; 3        ; 34           ; 0            ; 21           ; 0                     ; 0                  ; no     ; no             ; no            ; yes             ; no       ; Off          ; 2.5 V        ; Off         ; --                        ; Fitter               ;
; Celda8[11]  ; Y30   ; 5        ; 117          ; 31           ; 0            ; 0                     ; 0                  ; no     ; no             ; no            ; yes             ; no       ; Off          ; 2.5 V        ; Off         ; --                        ; Fitter               ;
; Celda8[12]  ; AD25  ; 5        ; 117          ; 5            ; 7            ; 0                     ; 0                  ; no     ; no             ; no            ; yes             ; no       ; Off          ; 2.5 V        ; Off         ; --                        ; Fitter               ;
; Celda8[13]  ; P28   ; 6        ; 117          ; 52           ; 7            ; 0                     ; 0                  ; no     ; no             ; no            ; yes             ; no       ; Off          ; 2.5 V        ; Off         ; --                        ; Fitter               ;
; Celda8[14]  ; AJ18  ; 4        ; 68           ; 0            ; 7            ; 0                     ; 0                  ; no     ; no             ; no            ; yes             ; no       ; Off          ; 2.5 V        ; Off         ; --                        ; Fitter               ;
; Celda8[15]  ; AA17  ; 4        ; 61           ; 0            ; 14           ; 0                     ; 0                  ; no     ; no             ; no            ; yes             ; no       ; Off          ; 2.5 V        ; Off         ; --                        ; Fitter               ;
; Celda8[16]  ; AG27  ; 4        ; 111          ; 0            ; 14           ; 0                     ; 0                  ; no     ; no             ; no            ; yes             ; no       ; Off          ; 2.5 V        ; Off         ; --                        ; Fitter               ;
; Celda8[17]  ; AG20  ; 4        ; 82           ; 0            ; 0            ; 0                     ; 0                  ; no     ; no             ; no            ; yes             ; no       ; Off          ; 2.5 V        ; Off         ; --                        ; Fitter               ;
; Celda8[18]  ; AA18  ; 4        ; 77           ; 0            ; 7            ; 0                     ; 0                  ; no     ; no             ; no            ; yes             ; no       ; Off          ; 2.5 V        ; Off         ; --                        ; Fitter               ;
; Celda8[19]  ; AA20  ; 4        ; 86           ; 0            ; 14           ; 0                     ; 0                  ; no     ; no             ; no            ; yes             ; no       ; Off          ; 2.5 V        ; Off         ; --                        ; Fitter               ;
; Celda8[1]   ; AB26  ; 5        ; 117          ; 6            ; 7            ; 0                     ; 0                  ; no     ; no             ; no            ; yes             ; no       ; Off          ; 2.5 V        ; Off         ; --                        ; Fitter               ;
; Celda8[20]  ; W25   ; 5        ; 117          ; 36           ; 7            ; 0                     ; 0                  ; no     ; no             ; no            ; yes             ; no       ; Off          ; 2.5 V        ; Off         ; --                        ; Fitter               ;
; Celda8[21]  ; C26   ; 7        ; 99           ; 91           ; 14           ; 0                     ; 0                  ; no     ; no             ; no            ; yes             ; no       ; Off          ; 2.5 V        ; Off         ; --                        ; Fitter               ;
; Celda8[22]  ; A28   ; 7        ; 104          ; 91           ; 0            ; 0                     ; 0                  ; no     ; no             ; no            ; yes             ; no       ; Off          ; 2.5 V        ; Off         ; --                        ; Fitter               ;
; Celda8[23]  ; T28   ; 6        ; 117          ; 48           ; 0            ; 0                     ; 0                  ; no     ; no             ; no            ; yes             ; no       ; Off          ; 2.5 V        ; Off         ; --                        ; Fitter               ;
; Celda8[2]   ; F19   ; 7        ; 92           ; 91           ; 14           ; 0                     ; 0                  ; no     ; no             ; no            ; yes             ; no       ; Off          ; 2.5 V        ; Off         ; --                        ; Fitter               ;
; Celda8[3]   ; C20   ; 7        ; 77           ; 91           ; 0            ; 0                     ; 0                  ; no     ; no             ; no            ; yes             ; no       ; Off          ; 2.5 V        ; Off         ; --                        ; Fitter               ;
; Celda8[4]   ; F7    ; 8        ; 5            ; 91           ; 21           ; 0                     ; 0                  ; no     ; no             ; no            ; yes             ; no       ; Off          ; 2.5 V        ; Off         ; --                        ; Fitter               ;
; Celda8[5]   ; AE4   ; 3        ; 5            ; 0            ; 7            ; 0                     ; 0                  ; no     ; no             ; no            ; yes             ; no       ; Off          ; 2.5 V        ; Off         ; --                        ; Fitter               ;
; Celda8[6]   ; B30   ; 7        ; 108          ; 91           ; 21           ; 0                     ; 0                  ; no     ; no             ; no            ; yes             ; no       ; Off          ; 2.5 V        ; Off         ; --                        ; Fitter               ;
; Celda8[7]   ; AB21  ; 4        ; 104          ; 0            ; 7            ; 0                     ; 0                  ; no     ; no             ; no            ; yes             ; no       ; Off          ; 2.5 V        ; Off         ; --                        ; Fitter               ;
; Celda8[8]   ; K28   ; 6        ; 117          ; 64           ; 0            ; 0                     ; 0                  ; no     ; no             ; no            ; yes             ; no       ; Off          ; 2.5 V        ; Off         ; --                        ; Fitter               ;
; Celda8[9]   ; E27   ; 6        ; 117          ; 83           ; 0            ; 0                     ; 0                  ; no     ; no             ; no            ; yes             ; no       ; Off          ; 2.5 V        ; Off         ; --                        ; Fitter               ;
; Celda9[0]   ; K17   ; 7        ; 61           ; 91           ; 14           ; 0                     ; 0                  ; no     ; no             ; no            ; yes             ; no       ; Off          ; 2.5 V        ; Off         ; --                        ; Fitter               ;
; Celda9[10]  ; AK23  ; 4        ; 92           ; 0            ; 21           ; 0                     ; 0                  ; no     ; no             ; no            ; yes             ; no       ; Off          ; 2.5 V        ; Off         ; --                        ; Fitter               ;
; Celda9[11]  ; R25   ; 6        ; 117          ; 49           ; 0            ; 0                     ; 0                  ; no     ; no             ; no            ; yes             ; no       ; Off          ; 2.5 V        ; Off         ; --                        ; Fitter               ;
; Celda9[12]  ; A23   ; 7        ; 86           ; 91           ; 7            ; 0                     ; 0                  ; no     ; no             ; no            ; yes             ; no       ; Off          ; 2.5 V        ; Off         ; --                        ; Fitter               ;
; Celda9[13]  ; D19   ; 7        ; 72           ; 91           ; 7            ; 0                     ; 0                  ; no     ; no             ; no            ; yes             ; no       ; Off          ; 2.5 V        ; Off         ; --                        ; Fitter               ;
; Celda9[14]  ; U21   ; 5        ; 117          ; 33           ; 7            ; 0                     ; 0                  ; no     ; no             ; no            ; yes             ; no       ; Off          ; 2.5 V        ; Off         ; --                        ; Fitter               ;
; Celda9[15]  ; AB30  ; 5        ; 117          ; 27           ; 7            ; 0                     ; 0                  ; no     ; no             ; no            ; yes             ; no       ; Off          ; 2.5 V        ; Off         ; --                        ; Fitter               ;
; Celda9[16]  ; C15   ; 8        ; 44           ; 91           ; 0            ; 0                     ; 0                  ; no     ; no             ; no            ; yes             ; no       ; Off          ; 2.5 V        ; Off         ; --                        ; Fitter               ;
; Celda9[17]  ; AK19  ; 4        ; 70           ; 0            ; 7            ; 0                     ; 0                  ; no     ; no             ; no            ; yes             ; no       ; Off          ; 2.5 V        ; Off         ; --                        ; Fitter               ;
; Celda9[18]  ; R26   ; 6        ; 117          ; 49           ; 7            ; 0                     ; 0                  ; no     ; no             ; no            ; yes             ; no       ; Off          ; 2.5 V        ; Off         ; --                        ; Fitter               ;
; Celda9[19]  ; D14   ; 8        ; 41           ; 91           ; 7            ; 0                     ; 0                  ; no     ; no             ; no            ; yes             ; no       ; Off          ; 2.5 V        ; Off         ; --                        ; Fitter               ;
; Celda9[1]   ; H27   ; 6        ; 117          ; 80           ; 7            ; 0                     ; 0                  ; no     ; no             ; no            ; yes             ; no       ; Off          ; 2.5 V        ; Off         ; --                        ; Fitter               ;
; Celda9[20]  ; AK3   ; 3        ; 21           ; 0            ; 14           ; 0                     ; 0                  ; no     ; no             ; no            ; yes             ; no       ; Off          ; 2.5 V        ; Off         ; --                        ; Fitter               ;
; Celda9[21]  ; G20   ; 7        ; 92           ; 91           ; 21           ; 0                     ; 0                  ; no     ; no             ; no            ; yes             ; no       ; Off          ; 2.5 V        ; Off         ; --                        ; Fitter               ;
; Celda9[22]  ; C2    ; 8        ; 15           ; 91           ; 14           ; 0                     ; 0                  ; no     ; no             ; no            ; yes             ; no       ; Off          ; 2.5 V        ; Off         ; --                        ; Fitter               ;
; Celda9[23]  ; D24   ; 7        ; 99           ; 91           ; 0            ; 0                     ; 0                  ; no     ; no             ; no            ; yes             ; no       ; Off          ; 2.5 V        ; Off         ; --                        ; Fitter               ;
; Celda9[2]   ; F10   ; 8        ; 21           ; 91           ; 14           ; 0                     ; 0                  ; no     ; no             ; no            ; yes             ; no       ; Off          ; 2.5 V        ; Off         ; --                        ; Fitter               ;
; Celda9[3]   ; AK21  ; 4        ; 82           ; 0            ; 21           ; 0                     ; 0                  ; no     ; no             ; no            ; yes             ; no       ; Off          ; 2.5 V        ; Off         ; --                        ; Fitter               ;
; Celda9[4]   ; G15   ; 8        ; 53           ; 91           ; 7            ; 0                     ; 0                  ; no     ; no             ; no            ; yes             ; no       ; Off          ; 2.5 V        ; Off         ; --                        ; Fitter               ;
; Celda9[5]   ; AG13  ; 3        ; 34           ; 0            ; 7            ; 0                     ; 0                  ; no     ; no             ; no            ; yes             ; no       ; Off          ; 2.5 V        ; Off         ; --                        ; Fitter               ;
; Celda9[6]   ; D21   ; 7        ; 92           ; 91           ; 0            ; 0                     ; 0                  ; no     ; no             ; no            ; yes             ; no       ; Off          ; 2.5 V        ; Off         ; --                        ; Fitter               ;
; Celda9[7]   ; AF6   ; 3        ; 3            ; 0            ; 14           ; 0                     ; 0                  ; no     ; no             ; no            ; yes             ; no       ; Off          ; 2.5 V        ; Off         ; --                        ; Fitter               ;
; Celda9[8]   ; AH9   ; 3        ; 26           ; 0            ; 0            ; 0                     ; 0                  ; no     ; no             ; no            ; yes             ; no       ; Off          ; 2.5 V        ; Off         ; --                        ; Fitter               ;
; Celda9[9]   ; AG5   ; 3        ; 19           ; 0            ; 7            ; 0                     ; 0                  ; no     ; no             ; no            ; yes             ; no       ; Off          ; 2.5 V        ; Off         ; --                        ; Fitter               ;
; CeldaA[0]   ; K22   ; 7        ; 111          ; 91           ; 14           ; 0                     ; 0                  ; no     ; no             ; no            ; yes             ; no       ; Off          ; 2.5 V        ; Off         ; --                        ; Fitter               ;
; CeldaA[10]  ; AJ4   ; 3        ; 19           ; 0            ; 14           ; 0                     ; 0                  ; no     ; no             ; no            ; yes             ; no       ; Off          ; 2.5 V        ; Off         ; --                        ; Fitter               ;
; CeldaA[11]  ; Y28   ; 5        ; 117          ; 28           ; 0            ; 0                     ; 0                  ; no     ; no             ; no            ; yes             ; no       ; Off          ; 2.5 V        ; Off         ; --                        ; Fitter               ;
; CeldaA[12]  ; E10   ; 8        ; 19           ; 91           ; 21           ; 0                     ; 0                  ; no     ; no             ; no            ; yes             ; no       ; Off          ; 2.5 V        ; Off         ; --                        ; Fitter               ;
; CeldaA[13]  ; AH10  ; 3        ; 28           ; 0            ; 0            ; 0                     ; 0                  ; no     ; no             ; no            ; yes             ; no       ; Off          ; 2.5 V        ; Off         ; --                        ; Fitter               ;
; CeldaA[14]  ; B27   ; 7        ; 101          ; 91           ; 7            ; 0                     ; 0                  ; no     ; no             ; no            ; yes             ; no       ; Off          ; 2.5 V        ; Off         ; --                        ; Fitter               ;
; CeldaA[15]  ; F9    ; 8        ; 15           ; 91           ; 7            ; 0                     ; 0                  ; no     ; no             ; no            ; yes             ; no       ; Off          ; 2.5 V        ; Off         ; --                        ; Fitter               ;
; CeldaA[16]  ; AE8   ; 3        ; 1            ; 0            ; 14           ; 0                     ; 0                  ; no     ; no             ; no            ; yes             ; no       ; Off          ; 2.5 V        ; Off         ; --                        ; Fitter               ;
; CeldaA[17]  ; G10   ; 8        ; 21           ; 91           ; 21           ; 0                     ; 0                  ; no     ; no             ; no            ; yes             ; no       ; Off          ; 2.5 V        ; Off         ; --                        ; Fitter               ;
; CeldaA[18]  ; AF30  ; 5        ; 117          ; 17           ; 7            ; 0                     ; 0                  ; no     ; no             ; no            ; yes             ; no       ; Off          ; 2.5 V        ; Off         ; --                        ; Fitter               ;
; CeldaA[19]  ; AK17  ; 4        ; 66           ; 0            ; 0            ; 0                     ; 0                  ; no     ; no             ; no            ; yes             ; no       ; Off          ; 2.5 V        ; Off         ; --                        ; Fitter               ;
; CeldaA[1]   ; U25   ; 5        ; 117          ; 35           ; 7            ; 0                     ; 0                  ; no     ; no             ; no            ; yes             ; no       ; Off          ; 2.5 V        ; Off         ; --                        ; Fitter               ;
; CeldaA[20]  ; R27   ; 6        ; 117          ; 50           ; 0            ; 0                     ; 0                  ; no     ; no             ; no            ; yes             ; no       ; Off          ; 2.5 V        ; Off         ; --                        ; Fitter               ;
; CeldaA[21]  ; C3    ; 8        ; 19           ; 91           ; 0            ; 0                     ; 0                  ; no     ; no             ; no            ; yes             ; no       ; Off          ; 2.5 V        ; Off         ; --                        ; Fitter               ;
; CeldaA[22]  ; AD28  ; 5        ; 117          ; 21           ; 7            ; 0                     ; 0                  ; no     ; no             ; no            ; yes             ; no       ; Off          ; 2.5 V        ; Off         ; --                        ; Fitter               ;
; CeldaA[23]  ; AH24  ; 4        ; 104          ; 0            ; 14           ; 0                     ; 0                  ; no     ; no             ; no            ; yes             ; no       ; Off          ; 2.5 V        ; Off         ; --                        ; Fitter               ;
; CeldaA[2]   ; AG24  ; 4        ; 104          ; 0            ; 21           ; 0                     ; 0                  ; no     ; no             ; no            ; yes             ; no       ; Off          ; 2.5 V        ; Off         ; --                        ; Fitter               ;
; CeldaA[3]   ; N24   ; 6        ; 117          ; 59           ; 7            ; 0                     ; 0                  ; no     ; no             ; no            ; yes             ; no       ; Off          ; 2.5 V        ; Off         ; --                        ; Fitter               ;
; CeldaA[4]   ; A29   ; 7        ; 108          ; 91           ; 14           ; 0                     ; 0                  ; no     ; no             ; no            ; yes             ; no       ; Off          ; 2.5 V        ; Off         ; --                        ; Fitter               ;
; CeldaA[5]   ; AH28  ; 4        ; 113          ; 0            ; 0            ; 0                     ; 0                  ; no     ; no             ; no            ; yes             ; no       ; Off          ; 2.5 V        ; Off         ; --                        ; Fitter               ;
; CeldaA[6]   ; AE21  ; 4        ; 86           ; 0            ; 0            ; 0                     ; 0                  ; no     ; no             ; no            ; yes             ; no       ; Off          ; 2.5 V        ; Off         ; --                        ; Fitter               ;
; CeldaA[7]   ; D23   ; 7        ; 88           ; 91           ; 7            ; 0                     ; 0                  ; no     ; no             ; no            ; yes             ; no       ; Off          ; 2.5 V        ; Off         ; --                        ; Fitter               ;
; CeldaA[8]   ; AF3   ; 3        ; 12           ; 0            ; 7            ; 0                     ; 0                  ; no     ; no             ; no            ; yes             ; no       ; Off          ; 2.5 V        ; Off         ; --                        ; Fitter               ;
; CeldaA[9]   ; A9    ; 8        ; 34           ; 91           ; 14           ; 0                     ; 0                  ; no     ; no             ; no            ; yes             ; no       ; Off          ; 2.5 V        ; Off         ; --                        ; Fitter               ;
; CeldaB[0]   ; N27   ; 6        ; 117          ; 56           ; 7            ; 0                     ; 0                  ; no     ; no             ; no            ; yes             ; no       ; Off          ; 2.5 V        ; Off         ; --                        ; Fitter               ;
; CeldaB[10]  ; AF4   ; 3        ; 8            ; 0            ; 0            ; 0                     ; 0                  ; no     ; no             ; no            ; yes             ; no       ; Off          ; 2.5 V        ; Off         ; --                        ; Fitter               ;
; CeldaB[11]  ; G22   ; 7        ; 106          ; 91           ; 14           ; 0                     ; 0                  ; no     ; no             ; no            ; yes             ; no       ; Off          ; 2.5 V        ; Off         ; --                        ; Fitter               ;
; CeldaB[12]  ; D13   ; 8        ; 41           ; 91           ; 21           ; 0                     ; 0                  ; no     ; no             ; no            ; yes             ; no       ; Off          ; 2.5 V        ; Off         ; --                        ; Fitter               ;
; CeldaB[13]  ; C30   ; 6        ; 117          ; 77           ; 7            ; 0                     ; 0                  ; no     ; no             ; no            ; yes             ; no       ; Off          ; 2.5 V        ; Off         ; --                        ; Fitter               ;
; CeldaB[14]  ; G12   ; 8        ; 37           ; 91           ; 7            ; 0                     ; 0                  ; no     ; no             ; no            ; yes             ; no       ; Off          ; 2.5 V        ; Off         ; --                        ; Fitter               ;
; CeldaB[15]  ; C16   ; 8        ; 53           ; 91           ; 14           ; 0                     ; 0                  ; no     ; no             ; no            ; yes             ; no       ; Off          ; 2.5 V        ; Off         ; --                        ; Fitter               ;
; CeldaB[16]  ; AE15  ; 3        ; 46           ; 0            ; 0            ; 0                     ; 0                  ; no     ; no             ; no            ; yes             ; no       ; Off          ; 2.5 V        ; Off         ; --                        ; Fitter               ;
; CeldaB[17]  ; F13   ; 8        ; 39           ; 91           ; 7            ; 0                     ; 0                  ; no     ; no             ; no            ; yes             ; no       ; Off          ; 2.5 V        ; Off         ; --                        ; Fitter               ;
; CeldaB[18]  ; T27   ; 5        ; 117          ; 44           ; 7            ; 0                     ; 0                  ; no     ; no             ; no            ; yes             ; no       ; Off          ; 2.5 V        ; Off         ; --                        ; Fitter               ;
; CeldaB[19]  ; AH19  ; 4        ; 75           ; 0            ; 7            ; 0                     ; 0                  ; no     ; no             ; no            ; yes             ; no       ; Off          ; 2.5 V        ; Off         ; --                        ; Fitter               ;
; CeldaB[1]   ; AE9   ; 3        ; 5            ; 0            ; 21           ; 0                     ; 0                  ; no     ; no             ; no            ; yes             ; no       ; Off          ; 2.5 V        ; Off         ; --                        ; Fitter               ;
; CeldaB[20]  ; C9    ; 8        ; 17           ; 91           ; 0            ; 0                     ; 0                  ; no     ; no             ; no            ; yes             ; no       ; Off          ; 2.5 V        ; Off         ; --                        ; Fitter               ;
; CeldaB[21]  ; AK9   ; 3        ; 44           ; 0            ; 7            ; 0                     ; 0                  ; no     ; no             ; no            ; yes             ; no       ; Off          ; 2.5 V        ; Off         ; --                        ; Fitter               ;
; CeldaB[22]  ; E15   ; 8        ; 46           ; 91           ; 0            ; 0                     ; 0                  ; no     ; no             ; no            ; yes             ; no       ; Off          ; 2.5 V        ; Off         ; --                        ; Fitter               ;
; CeldaB[23]  ; G28   ; 6        ; 117          ; 70           ; 0            ; 0                     ; 0                  ; no     ; no             ; no            ; yes             ; no       ; Off          ; 2.5 V        ; Off         ; --                        ; Fitter               ;
; CeldaB[2]   ; A25   ; 7        ; 97           ; 91           ; 0            ; 0                     ; 0                  ; no     ; no             ; no            ; yes             ; no       ; Off          ; 2.5 V        ; Off         ; --                        ; Fitter               ;
; CeldaB[3]   ; C23   ; 7        ; 88           ; 91           ; 0            ; 0                     ; 0                  ; no     ; no             ; no            ; yes             ; no       ; Off          ; 2.5 V        ; Off         ; --                        ; Fitter               ;
; CeldaB[4]   ; B18   ; 7        ; 70           ; 91           ; 7            ; 0                     ; 0                  ; no     ; no             ; no            ; yes             ; no       ; Off          ; 2.5 V        ; Off         ; --                        ; Fitter               ;
; CeldaB[5]   ; AE17  ; 4        ; 66           ; 0            ; 14           ; 0                     ; 0                  ; no     ; no             ; no            ; yes             ; no       ; Off          ; 2.5 V        ; Off         ; --                        ; Fitter               ;
; CeldaB[6]   ; A7    ; 8        ; 32           ; 91           ; 0            ; 0                     ; 0                  ; no     ; no             ; no            ; yes             ; no       ; Off          ; 2.5 V        ; Off         ; --                        ; Fitter               ;
; CeldaB[7]   ; A4    ; 8        ; 3            ; 91           ; 21           ; 0                     ; 0                  ; no     ; no             ; no            ; yes             ; no       ; Off          ; 2.5 V        ; Off         ; --                        ; Fitter               ;
; CeldaB[8]   ; B25   ; 7        ; 90           ; 91           ; 7            ; 0                     ; 0                  ; no     ; no             ; no            ; yes             ; no       ; Off          ; 2.5 V        ; Off         ; --                        ; Fitter               ;
; CeldaB[9]   ; AJ28  ; 4        ; 104          ; 0            ; 0            ; 0                     ; 0                  ; no     ; no             ; no            ; yes             ; no       ; Off          ; 2.5 V        ; Off         ; --                        ; Fitter               ;
; CeldaC[0]   ; E28   ; 6        ; 117          ; 83           ; 7            ; 0                     ; 0                  ; no     ; no             ; no            ; yes             ; no       ; Off          ; 2.5 V        ; Off         ; --                        ; Fitter               ;
; CeldaC[10]  ; Y21   ; 4        ; 106          ; 0            ; 0            ; 0                     ; 0                  ; no     ; no             ; no            ; yes             ; no       ; Off          ; 2.5 V        ; Off         ; --                        ; Fitter               ;
; CeldaC[11]  ; AF21  ; 4        ; 88           ; 0            ; 7            ; 0                     ; 0                  ; no     ; no             ; no            ; yes             ; no       ; Off          ; 2.5 V        ; Off         ; --                        ; Fitter               ;
; CeldaC[12]  ; AG29  ; 5        ; 117          ; 11           ; 0            ; 0                     ; 0                  ; no     ; no             ; no            ; yes             ; no       ; Off          ; 2.5 V        ; Off         ; --                        ; Fitter               ;
; CeldaC[13]  ; B22   ; 7        ; 82           ; 91           ; 0            ; 0                     ; 0                  ; no     ; no             ; no            ; yes             ; no       ; Off          ; 2.5 V        ; Off         ; --                        ; Fitter               ;
; CeldaC[14]  ; R28   ; 6        ; 117          ; 50           ; 7            ; 0                     ; 0                  ; no     ; no             ; no            ; yes             ; no       ; Off          ; 2.5 V        ; Off         ; --                        ; Fitter               ;
; CeldaC[15]  ; AH7   ; 3        ; 39           ; 0            ; 14           ; 0                     ; 0                  ; no     ; no             ; no            ; yes             ; no       ; Off          ; 2.5 V        ; Off         ; --                        ; Fitter               ;
; CeldaC[16]  ; F15   ; 8        ; 48           ; 91           ; 7            ; 0                     ; 0                  ; no     ; no             ; no            ; yes             ; no       ; Off          ; 2.5 V        ; Off         ; --                        ; Fitter               ;
; CeldaC[17]  ; AJ24  ; 4        ; 92           ; 0            ; 7            ; 0                     ; 0                  ; no     ; no             ; no            ; yes             ; no       ; Off          ; 2.5 V        ; Off         ; --                        ; Fitter               ;
; CeldaC[18]  ; G29   ; 6        ; 117          ; 70           ; 7            ; 0                     ; 0                  ; no     ; no             ; no            ; yes             ; no       ; Off          ; 2.5 V        ; Off         ; --                        ; Fitter               ;
; CeldaC[19]  ; AK13  ; 3        ; 50           ; 0            ; 0            ; 0                     ; 0                  ; no     ; no             ; no            ; yes             ; no       ; Off          ; 2.5 V        ; Off         ; --                        ; Fitter               ;
; CeldaC[1]   ; A19   ; 7        ; 70           ; 91           ; 0            ; 0                     ; 0                  ; no     ; no             ; no            ; yes             ; no       ; Off          ; 2.5 V        ; Off         ; --                        ; Fitter               ;
; CeldaC[20]  ; AE20  ; 4        ; 86           ; 0            ; 7            ; 0                     ; 0                  ; no     ; no             ; no            ; yes             ; no       ; Off          ; 2.5 V        ; Off         ; --                        ; Fitter               ;
; CeldaC[21]  ; AD9   ; 3        ; 15           ; 0            ; 7            ; 0                     ; 0                  ; no     ; no             ; no            ; yes             ; no       ; Off          ; 2.5 V        ; Off         ; --                        ; Fitter               ;
; CeldaC[22]  ; AE14  ; 3        ; 46           ; 0            ; 7            ; 0                     ; 0                  ; no     ; no             ; no            ; yes             ; no       ; Off          ; 2.5 V        ; Off         ; --                        ; Fitter               ;
; CeldaC[23]  ; E6    ; 8        ; 21           ; 91           ; 7            ; 0                     ; 0                  ; no     ; no             ; no            ; yes             ; no       ; Off          ; 2.5 V        ; Off         ; --                        ; Fitter               ;
; CeldaC[2]   ; D8    ; 8        ; 5            ; 91           ; 0            ; 0                     ; 0                  ; no     ; no             ; no            ; yes             ; no       ; Off          ; 2.5 V        ; Off         ; --                        ; Fitter               ;
; CeldaC[3]   ; AE10  ; 3        ; 8            ; 0            ; 14           ; 0                     ; 0                  ; no     ; no             ; no            ; yes             ; no       ; Off          ; 2.5 V        ; Off         ; --                        ; Fitter               ;
; CeldaC[4]   ; G17   ; 7        ; 79           ; 91           ; 21           ; 0                     ; 0                  ; no     ; no             ; no            ; yes             ; no       ; Off          ; 2.5 V        ; Off         ; --                        ; Fitter               ;
; CeldaC[5]   ; AG18  ; 4        ; 75           ; 0            ; 14           ; 0                     ; 0                  ; no     ; no             ; no            ; yes             ; no       ; Off          ; 2.5 V        ; Off         ; --                        ; Fitter               ;
; CeldaC[6]   ; AJ10  ; 3        ; 30           ; 0            ; 0            ; 0                     ; 0                  ; no     ; no             ; no            ; yes             ; no       ; Off          ; 2.5 V        ; Off         ; --                        ; Fitter               ;
; CeldaC[7]   ; AK6   ; 3        ; 24           ; 0            ; 0            ; 0                     ; 0                  ; no     ; no             ; no            ; yes             ; no       ; Off          ; 2.5 V        ; Off         ; --                        ; Fitter               ;
; CeldaC[8]   ; AE18  ; 4        ; 70           ; 0            ; 0            ; 0                     ; 0                  ; no     ; no             ; no            ; yes             ; no       ; Off          ; 2.5 V        ; Off         ; --                        ; Fitter               ;
; CeldaC[9]   ; D7    ; 8        ; 30           ; 91           ; 21           ; 0                     ; 0                  ; no     ; no             ; no            ; yes             ; no       ; Off          ; 2.5 V        ; Off         ; --                        ; Fitter               ;
; CeldaD[0]   ; AE29  ; 5        ; 117          ; 19           ; 0            ; 0                     ; 0                  ; no     ; no             ; no            ; yes             ; no       ; Off          ; 2.5 V        ; Off         ; --                        ; Fitter               ;
; CeldaD[10]  ; AJ19  ; 4        ; 70           ; 0            ; 14           ; 0                     ; 0                  ; no     ; no             ; no            ; yes             ; no       ; Off          ; 2.5 V        ; Off         ; --                        ; Fitter               ;
; CeldaD[11]  ; F26   ; 6        ; 117          ; 86           ; 0            ; 0                     ; 0                  ; no     ; no             ; no            ; yes             ; no       ; Off          ; 2.5 V        ; Off         ; --                        ; Fitter               ;
; CeldaD[12]  ; A10   ; 8        ; 44           ; 91           ; 14           ; 0                     ; 0                  ; no     ; no             ; no            ; yes             ; no       ; Off          ; 2.5 V        ; Off         ; --                        ; Fitter               ;
; CeldaD[13]  ; A22   ; 7        ; 86           ; 91           ; 0            ; 0                     ; 0                  ; no     ; no             ; no            ; yes             ; no       ; Off          ; 2.5 V        ; Off         ; --                        ; Fitter               ;
; CeldaD[14]  ; F17   ; 7        ; 79           ; 91           ; 14           ; 0                     ; 0                  ; no     ; no             ; no            ; yes             ; no       ; Off          ; 2.5 V        ; Off         ; --                        ; Fitter               ;
; CeldaD[15]  ; H24   ; 7        ; 111          ; 91           ; 7            ; 0                     ; 0                  ; no     ; no             ; no            ; yes             ; no       ; Off          ; 2.5 V        ; Off         ; --                        ; Fitter               ;
; CeldaD[16]  ; K29   ; 6        ; 117          ; 64           ; 7            ; 0                     ; 0                  ; no     ; no             ; no            ; yes             ; no       ; Off          ; 2.5 V        ; Off         ; --                        ; Fitter               ;
; CeldaD[17]  ; AK11  ; 3        ; 48           ; 0            ; 0            ; 0                     ; 0                  ; no     ; no             ; no            ; yes             ; no       ; Off          ; 2.5 V        ; Off         ; --                        ; Fitter               ;
; CeldaD[18]  ; AB22  ; 4        ; 108          ; 0            ; 0            ; 0                     ; 0                  ; no     ; no             ; no            ; yes             ; no       ; Off          ; 2.5 V        ; Off         ; --                        ; Fitter               ;
; CeldaD[19]  ; AB29  ; 5        ; 117          ; 31           ; 7            ; 0                     ; 0                  ; no     ; no             ; no            ; yes             ; no       ; Off          ; 2.5 V        ; Off         ; --                        ; Fitter               ;
; CeldaD[1]   ; F22   ; 7        ; 106          ; 91           ; 7            ; 0                     ; 0                  ; no     ; no             ; no            ; yes             ; no       ; Off          ; 2.5 V        ; Off         ; --                        ; Fitter               ;
; CeldaD[20]  ; AE12  ; 3        ; 26           ; 0            ; 21           ; 0                     ; 0                  ; no     ; no             ; no            ; yes             ; no       ; Off          ; 2.5 V        ; Off         ; --                        ; Fitter               ;
; CeldaD[21]  ; AA16  ; 3        ; 39           ; 0            ; 7            ; 0                     ; 0                  ; no     ; no             ; no            ; yes             ; no       ; Off          ; 2.5 V        ; Off         ; --                        ; Fitter               ;
; CeldaD[22]  ; V26   ; 5        ; 117          ; 33           ; 0            ; 0                     ; 0                  ; no     ; no             ; no            ; yes             ; no       ; Off          ; 2.5 V        ; Off         ; --                        ; Fitter               ;
; CeldaD[23]  ; AG14  ; 3        ; 41           ; 0            ; 21           ; 0                     ; 0                  ; no     ; no             ; no            ; yes             ; no       ; Off          ; 2.5 V        ; Off         ; --                        ; Fitter               ;
; CeldaD[2]   ; D29   ; 6        ; 117          ; 74           ; 0            ; 0                     ; 0                  ; no     ; no             ; no            ; yes             ; no       ; Off          ; 2.5 V        ; Off         ; --                        ; Fitter               ;
; CeldaD[3]   ; M29   ; 6        ; 117          ; 58           ; 7            ; 0                     ; 0                  ; no     ; no             ; no            ; yes             ; no       ; Off          ; 2.5 V        ; Off         ; --                        ; Fitter               ;
; CeldaD[4]   ; AK26  ; 4        ; 95           ; 0            ; 0            ; 0                     ; 0                  ; no     ; no             ; no            ; yes             ; no       ; Off          ; 2.5 V        ; Off         ; --                        ; Fitter               ;
; CeldaD[5]   ; B16   ; 7        ; 61           ; 91           ; 7            ; 0                     ; 0                  ; no     ; no             ; no            ; yes             ; no       ; Off          ; 2.5 V        ; Off         ; --                        ; Fitter               ;
; CeldaD[6]   ; K18   ; 7        ; 63           ; 91           ; 14           ; 0                     ; 0                  ; no     ; no             ; no            ; yes             ; no       ; Off          ; 2.5 V        ; Off         ; --                        ; Fitter               ;
; CeldaD[7]   ; G23   ; 7        ; 108          ; 91           ; 7            ; 0                     ; 0                  ; no     ; no             ; no            ; yes             ; no       ; Off          ; 2.5 V        ; Off         ; --                        ; Fitter               ;
; CeldaD[8]   ; AD6   ; 3        ; 1            ; 0            ; 7            ; 0                     ; 0                  ; no     ; no             ; no            ; yes             ; no       ; Off          ; 2.5 V        ; Off         ; --                        ; Fitter               ;
; CeldaD[9]   ; AD27  ; 5        ; 117          ; 21           ; 0            ; 0                     ; 0                  ; no     ; no             ; no            ; yes             ; no       ; Off          ; 2.5 V        ; Off         ; --                        ; Fitter               ;
; ClkMain     ; V12   ; 3B       ; 7            ; 0            ; 7            ; 1                     ; 0                  ; no     ; no             ; no            ; yes             ; no       ; Off          ; 2.5 V        ; Off         ; --                        ; Fitter               ;
; NuevoInput  ; W15   ; 3A       ; 57           ; 0            ; 14           ; 5                     ; 0                  ; yes    ; no             ; no            ; yes             ; no       ; Off          ; 2.5 V        ; Off         ; --                        ; Fitter               ;
+-------------+-------+----------+--------------+--------------+--------------+-----------------------+--------------------+--------+----------------+---------------+-----------------+----------+--------------+--------------+-------------+---------------------------+----------------------+


+-------------------------------------------------------------------------------------------------------------------------------------------------------------------------------------------------------------------------------------------------------------------------------------------------------------------------------------------------------------------------------------------------------------------------------------------------------------+
; Output Pins                                                                                                                                                                                                                                                                                                                                                                                                                                                 ;
+------------+-------+----------+--------------+--------------+--------------+-----------------+------------------------+---------------+-----------+-----------------+------------+---------------+----------+--------------+--------------+------------------+-----------------------------------+---------------------------+----------------------------+-----------------------------+----------------------+----------------------+---------------------+
; Name       ; Pin # ; I/O Bank ; X coordinate ; Y coordinate ; Z coordinate ; Output Register ; Output Enable Register ; Power Up High ; Slew Rate ; PCI I/O Enabled ; Open Drain ; TRI Primitive ; Bus Hold ; Weak Pull Up ; I/O Standard ; Current Strength ; Termination                       ; Termination Control Block ; Output Buffer Pre-emphasis ; Voltage Output Differential ; Location assigned by ; Output Enable Source ; Output Enable Group ;
+------------+-------+----------+--------------+--------------+--------------+-----------------+------------------------+---------------+-----------+-----------------+------------+---------------+----------+--------------+--------------+------------------+-----------------------------------+---------------------------+----------------------------+-----------------------------+----------------------+----------------------+---------------------+
; SalidaLeds ; AJ13  ; 3        ; 53           ; 0            ; 7            ; no              ; no                     ; no            ; 2         ; no              ; no         ; no            ; no       ; Off          ; 2.5 V        ; Default          ; Series 50 Ohm without Calibration ; --                        ; no                         ; no                          ; Fitter               ; -                    ; -                   ;
+------------+-------+----------+--------------+--------------+--------------+-----------------+------------------------+---------------+-----------+-----------------+------------+---------------+----------+--------------+--------------+------------------+-----------------------------------+---------------------------+----------------------------+-----------------------------+----------------------+----------------------+---------------------+


+---------------------------------------------------------------------------------------------------------------+
; Dual Purpose and Dedicated Pins                                                                               ;
+----------+-----------------------+--------------------------+---------------------+---------------------------+
; Location ; Pin Name              ; Reserved As              ; User Signal Name    ; Pin Type                  ;
+----------+-----------------------+--------------------------+---------------------+---------------------------+
; AC8      ; MSEL3                 ; -                        ; -                   ; Dedicated Programming Pin ;
; AC7      ; MSEL2                 ; -                        ; -                   ; Dedicated Programming Pin ;
; AD8      ; MSEL1                 ; -                        ; -                   ; Dedicated Programming Pin ;
; AD7      ; MSEL0                 ; -                        ; -                   ; Dedicated Programming Pin ;
; AB9      ; CONF_DONE             ; -                        ; -                   ; Dedicated Programming Pin ;
; AJ1      ; nSTATUS               ; -                        ; -                   ; Dedicated Programming Pin ;
; AE8      ; INIT_DONE             ; Use as regular IO        ; CeldaA[16]          ; Dual Purpose Pin          ;
; AD6      ; DIFFIO_B1p, CRC_ERROR ; Use as regular IO        ; CeldaD[8]           ; Dual Purpose Pin          ;
; AE7      ; DIFFIO_B1n, NCEO      ; Use as programming pin   ; ~ALTERA_NCEO~       ; Dual Purpose Pin          ;
; AE4      ; DIFFIO_B2p, DATA5     ; Use as regular IO        ; Celda8[5]           ; Dual Purpose Pin          ;
; AE5      ; DIFFIO_B2n, DATA6     ; Use as regular IO        ; Celda12[18]         ; Dual Purpose Pin          ;
; AE10     ; DIFFIO_B3p, DATA7     ; Use as regular IO        ; CeldaC[3]           ; Dual Purpose Pin          ;
; AF28     ; DIFFIO_R55n, DEV_OE   ; Use as regular IO        ; Celda16[15]         ; Dual Purpose Pin          ;
; AF27     ; DIFFIO_R55p, DEV_CLRn ; Use as regular IO        ; Celda13[12]         ; Dual Purpose Pin          ;
; C2       ; DIFFIO_T4n, DATA4     ; Use as regular IO        ; Celda9[22]          ; Dual Purpose Pin          ;
; D1       ; DIFFIO_T4p, DATA3     ; Use as regular IO        ; Celda16[20]         ; Dual Purpose Pin          ;
; H9       ; DIFFIO_T1n, DATA2     ; Use as regular IO        ; Celda14[20]         ; Dual Purpose Pin          ;
; A4       ; CLKUSR                ; Use as regular IO        ; CeldaB[7]           ; Dual Purpose Pin          ;
; A3       ; DATA0                 ; As input tri-stated      ; ~ALTERA_DATA0~      ; Dual Purpose Pin          ;
; G9       ; DATA1, ASDO           ; As input tri-stated      ; ~ALTERA_ASDO_DATA1~ ; Dual Purpose Pin          ;
; B4       ; NCSO                  ; As input tri-stated      ; ~ALTERA_NCSO~       ; Dual Purpose Pin          ;
; B3       ; DCLK                  ; As output driving ground ; ~ALTERA_DCLK~       ; Dual Purpose Pin          ;
; B1       ; nCONFIG               ; -                        ; -                   ; Dedicated Programming Pin ;
; C1       ; nCE                   ; -                        ; -                   ; Dedicated Programming Pin ;
+----------+-----------------------+--------------------------+---------------------+---------------------------+


+-------------------------------------------------------------------------------+
; I/O Bank Usage                                                                ;
+----------+------------------+---------------+--------------+------------------+
; I/O Bank ; Usage            ; VCCIO Voltage ; VREF Voltage ; VCCCLKIN Voltage ;
+----------+------------------+---------------+--------------+------------------+
; QL1      ; 0 / 16 ( 0 % )   ; --            ; --           ; --               ;
; QL0      ; 0 / 16 ( 0 % )   ; --            ; --           ; --               ;
; 3        ; 76 / 82 ( 93 % ) ; 2.5V          ; --           ; --               ;
; 3B       ; 1 / 4 ( 25 % )   ; --            ; --           ; 2.5V             ;
; 3A       ; 1 / 2 ( 50 % )   ; --            ; --           ; 2.5V             ;
; 4        ; 75 / 82 ( 91 % ) ; 2.5V          ; --           ; --               ;
; 5        ; 46 / 66 ( 70 % ) ; 2.5V          ; --           ; --               ;
; 6        ; 45 / 69 ( 65 % ) ; 2.5V          ; --           ; --               ;
; 7        ; 69 / 80 ( 86 % ) ; 2.5V          ; --           ; --               ;
; 8A       ; 0 / 2 ( 0 % )    ; --            ; --           ; 2.5V             ;
; 8        ; 75 / 81 ( 93 % ) ; 2.5V          ; --           ; --               ;
; 8B       ; 0 / 4 ( 0 % )    ; --            ; --           ; 2.5V             ;
; 9        ; 4 / 4 ( 100 % )  ; 2.5V          ; --           ; --               ;
+----------+------------------+---------------+--------------+------------------+


+-------------------------------------------------------------------------------------------------------------------------------------------------------------------------------------+
; All Package Pins                                                                                                                                                                    ;
+----------+------------+----------+-------------------------------------------------------+--------+--------------+---------+------------+-----------------+----------+--------------+
; Location ; Pad Number ; I/O Bank ; Pin Name/Usage                                        ; Dir.   ; I/O Standard ; Voltage ; I/O Type   ; User Assignment ; Bus Hold ; Weak Pull Up ;
+----------+------------+----------+-------------------------------------------------------+--------+--------------+---------+------------+-----------------+----------+--------------+
; A2       ;            ;          ; NC                                                    ;        ;              ;         ; --         ;                 ; --       ; --           ;
; A3       ; 510        ; 9        ; ~ALTERA_DATA0~ / RESERVED_INPUT_WITH_WEAK_PULLUP      ; input  ; 2.5 V        ;         ; Column I/O ; N               ; no       ; On           ;
; A4       ; 505        ; 8        ; CeldaB[7]                                             ; input  ; 2.5 V        ;         ; Column I/O ; N               ; no       ; Off          ;
; A5       ; 465        ; 8        ; RESERVED_INPUT_WITH_WEAK_PULLUP                       ;        ;              ;         ; Column I/O ;                 ; no       ; On           ;
; A6       ; 466        ; 8        ; Celda12[17]                                           ; input  ; 2.5 V        ;         ; Column I/O ; N               ; no       ; Off          ;
; A7       ; 460        ; 8        ; CeldaB[6]                                             ; input  ; 2.5 V        ;         ; Column I/O ; N               ; no       ; Off          ;
; A8       ; 456        ; 8        ; Celda5[23]                                            ; input  ; 2.5 V        ;         ; Column I/O ; N               ; no       ; Off          ;
; A9       ; 458        ; 8        ; CeldaA[9]                                             ; input  ; 2.5 V        ;         ; Column I/O ; N               ; no       ; Off          ;
; A10      ; 442        ; 8        ; CeldaD[12]                                            ; input  ; 2.5 V        ;         ; Column I/O ; N               ; no       ; Off          ;
; A11      ; 443        ; 8        ; Celda14[7]                                            ; input  ; 2.5 V        ;         ; Column I/O ; N               ; no       ; Off          ;
; A12      ; 438        ; 8        ; Celda5[3]                                             ; input  ; 2.5 V        ;         ; Column I/O ; N               ; no       ; Off          ;
; A13      ; 431        ; 8        ; Celda8[0]                                             ; input  ; 2.5 V        ;         ; Column I/O ; N               ; no       ; Off          ;
; A14      ; 432        ; 8        ; Celda13[17]                                           ; input  ; 2.5 V        ;         ; Column I/O ; N               ; no       ; Off          ;
; A15      ; 421        ; 7        ; GND+                                                  ;        ;              ;         ; Column I/O ;                 ; --       ; --           ;
; A16      ; 418        ; 7        ; Celda7[15]                                            ; input  ; 2.5 V        ;         ; Column I/O ; N               ; no       ; Off          ;
; A17      ; 412        ; 7        ; Celda14[15]                                           ; input  ; 2.5 V        ;         ; Column I/O ; N               ; no       ; Off          ;
; A18      ; 413        ; 7        ; Celda14[5]                                            ; input  ; 2.5 V        ;         ; Column I/O ; N               ; no       ; Off          ;
; A19      ; 405        ; 7        ; CeldaC[1]                                             ; input  ; 2.5 V        ;         ; Column I/O ; N               ; no       ; Off          ;
; A20      ; 401        ; 7        ; Celda15[10]                                           ; input  ; 2.5 V        ;         ; Column I/O ; N               ; no       ; Off          ;
; A21      ; 393        ; 7        ; Celda6[16]                                            ; input  ; 2.5 V        ;         ; Column I/O ; N               ; no       ; Off          ;
; A22      ; 386        ; 7        ; CeldaD[13]                                            ; input  ; 2.5 V        ;         ; Column I/O ; N               ; no       ; Off          ;
; A23      ; 387        ; 7        ; Celda9[12]                                            ; input  ; 2.5 V        ;         ; Column I/O ; N               ; no       ; Off          ;
; A24      ; 380        ; 7        ; RESERVED_INPUT_WITH_WEAK_PULLUP                       ;        ;              ;         ; Column I/O ;                 ; no       ; On           ;
; A25      ; 370        ; 7        ; CeldaB[2]                                             ; input  ; 2.5 V        ;         ; Column I/O ; N               ; no       ; Off          ;
; A26      ; 371        ; 7        ; Celda6[20]                                            ; input  ; 2.5 V        ;         ; Column I/O ; N               ; no       ; Off          ;
; A27      ; 364        ; 7        ; Celda7[4]                                             ; input  ; 2.5 V        ;         ; Column I/O ; N               ; no       ; Off          ;
; A28      ; 362        ; 7        ; Celda8[22]                                            ; input  ; 2.5 V        ;         ; Column I/O ; N               ; no       ; Off          ;
; A29      ; 357        ; 7        ; CeldaA[4]                                             ; input  ; 2.5 V        ;         ; Column I/O ; N               ; no       ; Off          ;
; AA1      ; 27         ; QL0      ; GXB_GND*                                              ;        ;              ;         ; --         ;                 ; --       ; --           ;
; AA2      ; 26         ; QL0      ; GXB_GND*                                              ;        ;              ;         ; --         ;                 ; --       ; --           ;
; AA3      ;            ;          ; GND                                                   ; gnd    ;              ;         ; --         ;                 ; --       ; --           ;
; AA4      ;            ;          ; GND                                                   ; gnd    ;              ;         ; --         ;                 ; --       ; --           ;
; AA5      ;            ;          ; GND                                                   ; gnd    ;              ;         ; --         ;                 ; --       ; --           ;
; AA6      ;            ; --       ; VCCL_GXB                                              ; power  ;              ; 1.2V    ; --         ;                 ; --       ; --           ;
; AA7      ;            ; --       ; VCCA                                                  ; power  ;              ; 2.5V    ; --         ;                 ; --       ; --           ;
; AA8      ;            ;          ; GND                                                   ; gnd    ;              ;         ; --         ;                 ; --       ; --           ;
; AA9      ;            ; --       ; VCCA                                                  ; power  ;              ; 2.5V    ; --         ;                 ; --       ; --           ;
; AA10     ;            ;          ; VCCINT                                                ; power  ;              ; 1.2V    ; --         ;                 ; --       ; --           ;
; AA11     ;            ;          ; GND                                                   ; gnd    ;              ;         ; --         ;                 ; --       ; --           ;
; AA12     ; 89         ; 3        ; Celda8[10]                                            ; input  ; 2.5 V        ;         ; Column I/O ; N               ; no       ; Off          ;
; AA13     ; 95         ; 3        ; Celda5[4]                                             ; input  ; 2.5 V        ;         ; Column I/O ; N               ; no       ; Off          ;
; AA14     ;            ;          ; VCCINT                                                ; power  ;              ; 1.2V    ; --         ;                 ; --       ; --           ;
; AA15     ; 109        ; 3        ; Celda10[4]                                            ; input  ; 2.5 V        ;         ; Column I/O ; N               ; no       ; Off          ;
; AA16     ; 99         ; 3        ; CeldaD[21]                                            ; input  ; 2.5 V        ;         ; Column I/O ; N               ; no       ; Off          ;
; AA17     ; 129        ; 4        ; Celda8[15]                                            ; input  ; 2.5 V        ;         ; Column I/O ; N               ; no       ; Off          ;
; AA18     ; 154        ; 4        ; Celda8[18]                                            ; input  ; 2.5 V        ;         ; Column I/O ; N               ; no       ; Off          ;
; AA19     ;            ;          ; GND                                                   ; gnd    ;              ;         ; --         ;                 ; --       ; --           ;
; AA20     ; 165        ; 4        ; Celda8[19]                                            ; input  ; 2.5 V        ;         ; Column I/O ; N               ; no       ; Off          ;
; AA21     ; 195        ; 4        ; Celda10[10]                                           ; input  ; 2.5 V        ;         ; Column I/O ; N               ; no       ; Off          ;
; AA22     ; 235        ; 5        ; Celda14[8]                                            ; input  ; 2.5 V        ;         ; Row I/O    ; N               ; no       ; Off          ;
; AA23     ;            ; 5        ; VCCIO5                                                ; power  ;              ; 2.5V    ; --         ;                 ; --       ; --           ;
; AA24     ;            ; 5        ; VCCIO5                                                ; power  ;              ; 2.5V    ; --         ;                 ; --       ; --           ;
; AA25     ; 212        ; 5        ; RESERVED_INPUT_WITH_WEAK_PULLUP                       ;        ;              ;         ; Row I/O    ;                 ; no       ; On           ;
; AA26     ; 223        ; 5        ; Celda11[1]                                            ; input  ; 2.5 V        ;         ; Row I/O    ; N               ; no       ; Off          ;
; AA27     ; 222        ; 5        ; Celda7[8]                                             ; input  ; 2.5 V        ;         ; Row I/O    ; N               ; no       ; Off          ;
; AA28     ; 246        ; 5        ; Celda13[14]                                           ; input  ; 2.5 V        ;         ; Row I/O    ; N               ; no       ; Off          ;
; AA29     ; 247        ; 5        ; RESERVED_INPUT_WITH_WEAK_PULLUP                       ;        ;              ;         ; Row I/O    ;                 ; no       ; On           ;
; AA30     ; 250        ; 5        ; RESERVED_INPUT_WITH_WEAK_PULLUP                       ;        ;              ;         ; Row I/O    ;                 ; no       ; On           ;
; AB1      ;            ;          ; GND                                                   ; gnd    ;              ;         ; --         ;                 ; --       ; --           ;
; AB2      ;            ;          ; GND                                                   ; gnd    ;              ;         ; --         ;                 ; --       ; --           ;
; AB3      ; 29         ; QL0      ; GXB_NC                                                ;        ;              ;         ; --         ;                 ; --       ; --           ;
; AB4      ; 28         ; QL0      ; GXB_NC                                                ;        ;              ;         ; --         ;                 ; --       ; --           ;
; AB5      ;            ;          ; GND                                                   ; gnd    ;              ;         ; --         ;                 ; --       ; --           ;
; AB6      ;            ;          ; GND                                                   ; gnd    ;              ;         ; --         ;                 ; --       ; --           ;
; AB7      ;            ;          ; GND                                                   ; gnd    ;              ;         ; --         ;                 ; --       ; --           ;
; AB8      ;            ;          ; VCCINT                                                ; power  ;              ; 1.2V    ; --         ;                 ; --       ; --           ;
; AB9      ; 36         ; 3        ; ^CONF_DONE                                            ;        ;              ;         ; --         ;                 ; --       ; --           ;
; AB10     ;            ;          ; GND                                                   ; gnd    ;              ;         ; --         ;                 ; --       ; --           ;
; AB11     ; 90         ; 3        ; RESERVED_INPUT_WITH_WEAK_PULLUP                       ;        ;              ;         ; Column I/O ;                 ; no       ; On           ;
; AB12     ;            ; 3        ; VCCIO3                                                ; power  ;              ; 2.5V    ; --         ;                 ; --       ; --           ;
; AB13     ; 96         ; 3        ; Celda13[6]                                            ; input  ; 2.5 V        ;         ; Column I/O ; N               ; no       ; Off          ;
; AB14     ; 110        ; 3        ; Celda13[8]                                            ; input  ; 2.5 V        ;         ; Column I/O ; N               ; no       ; Off          ;
; AB15     ;            ; 3        ; VCCIO3                                                ; power  ;              ; 2.5V    ; --         ;                 ; --       ; --           ;
; AB16     ; 100        ; 3        ; Celda16[19]                                           ; input  ; 2.5 V        ;         ; Column I/O ; N               ; no       ; Off          ;
; AB17     ; 136        ; 4        ; Celda12[8]                                            ; input  ; 2.5 V        ;         ; Column I/O ; N               ; no       ; Off          ;
; AB18     ;            ; 4        ; VCCIO4                                                ; power  ;              ; 2.5V    ; --         ;                 ; --       ; --           ;
; AB19     ;            ; 4        ; VCCIO4                                                ; power  ;              ; 2.5V    ; --         ;                 ; --       ; --           ;
; AB20     ;            ; 4        ; VCCIO4                                                ; power  ;              ; 2.5V    ; --         ;                 ; --       ; --           ;
; AB21     ; 188        ; 4        ; Celda8[7]                                             ; input  ; 2.5 V        ;         ; Column I/O ; N               ; no       ; Off          ;
; AB22     ; 196        ; 4        ; CeldaD[18]                                            ; input  ; 2.5 V        ;         ; Column I/O ; N               ; no       ; Off          ;
; AB23     ;            ;          ; VCCD_PLL                                              ; power  ;              ; 1.2V    ; --         ;                 ; --       ; --           ;
; AB24     ;            ; --       ; VCCA                                                  ; power  ;              ; 2.5V    ; --         ;                 ; --       ; --           ;
; AB25     ; 213        ; 5        ; Celda15[3]                                            ; input  ; 2.5 V        ;         ; Row I/O    ; N               ; no       ; Off          ;
; AB26     ; 210        ; 5        ; Celda8[1]                                             ; input  ; 2.5 V        ;         ; Row I/O    ; N               ; no       ; Off          ;
; AB27     ; 239        ; 5        ; Celda10[21]                                           ; input  ; 2.5 V        ;         ; Row I/O    ; N               ; no       ; Off          ;
; AB28     ; 238        ; 5        ; RESERVED_INPUT_WITH_WEAK_PULLUP                       ;        ;              ;         ; Row I/O    ;                 ; no       ; On           ;
; AB29     ; 248        ; 5        ; CeldaD[19]                                            ; input  ; 2.5 V        ;         ; Row I/O    ; N               ; no       ; Off          ;
; AB30     ; 242        ; 5        ; Celda9[15]                                            ; input  ; 2.5 V        ;         ; Row I/O    ; N               ; no       ; Off          ;
; AC1      ; 31         ; QL0      ; GXB_GND*                                              ;        ;              ;         ; --         ;                 ; --       ; --           ;
; AC2      ; 30         ; QL0      ; GXB_GND*                                              ;        ;              ;         ; --         ;                 ; --       ; --           ;
; AC3      ;            ;          ; GND                                                   ; gnd    ;              ;         ; --         ;                 ; --       ; --           ;
; AC4      ;            ;          ; GND                                                   ; gnd    ;              ;         ; --         ;                 ; --       ; --           ;
; AC5      ;            ;          ; GND                                                   ; gnd    ;              ;         ; --         ;                 ; --       ; --           ;
; AC6      ;            ;          ; GND                                                   ; gnd    ;              ;         ; --         ;                 ; --       ; --           ;
; AC7      ; 33         ; 3        ; ^MSEL2                                                ;        ;              ;         ; --         ;                 ; --       ; --           ;
; AC8      ; 32         ; 3        ; ^MSEL3                                                ;        ;              ;         ; --         ;                 ; --       ; --           ;
; AC9      ;            ; 3        ; VCCIO3                                                ; power  ;              ; 2.5V    ; --         ;                 ; --       ; --           ;
; AC10     ;            ; 3        ; VCCIO3                                                ; power  ;              ; 2.5V    ; --         ;                 ; --       ; --           ;
; AC11     ;            ;          ; GND                                                   ; gnd    ;              ;         ; --         ;                 ; --       ; --           ;
; AC12     ;            ; 3        ; VCCIO3                                                ; power  ;              ; 2.5V    ; --         ;                 ; --       ; --           ;
; AC13     ;            ; 3        ; VCCIO3                                                ; power  ;              ; 2.5V    ; --         ;                 ; --       ; --           ;
; AC14     ;            ;          ; GND                                                   ; gnd    ;              ;         ; --         ;                 ; --       ; --           ;
; AC15     ;            ; 3        ; VCCIO3                                                ; power  ;              ; 2.5V    ; --         ;                 ; --       ; --           ;
; AC16     ; 115        ; 3        ; Celda14[17]                                           ; input  ; 2.5 V        ;         ; Column I/O ; N               ; no       ; Off          ;
; AC17     ;            ;          ; GND                                                   ; gnd    ;              ;         ; --         ;                 ; --       ; --           ;
; AC18     ;            ; 4        ; VCCIO4                                                ; power  ;              ; 2.5V    ; --         ;                 ; --       ; --           ;
; AC19     ;            ; 4        ; VCCIO4                                                ; power  ;              ; 2.5V    ; --         ;                 ; --       ; --           ;
; AC20     ;            ;          ; GND                                                   ; gnd    ;              ;         ; --         ;                 ; --       ; --           ;
; AC21     ;            ; 4        ; VCCIO4                                                ; power  ;              ; 2.5V    ; --         ;                 ; --       ; --           ;
; AC22     ;            ; 4        ; VCCIO4                                                ; power  ;              ; 2.5V    ; --         ;                 ; --       ; --           ;
; AC23     ;            ;          ; GND                                                   ; gnd    ;              ;         ; --         ;                 ; --       ; --           ;
; AC24     ;            ;          ; GND                                                   ; gnd    ;              ;         ; --         ;                 ; --       ; --           ;
; AC25     ; 211        ; 5        ; Celda10[3]                                            ; input  ; 2.5 V        ;         ; Row I/O    ; N               ; no       ; Off          ;
; AC26     ;            ;          ; GND                                                   ; gnd    ;              ;         ; --         ;                 ; --       ; --           ;
; AC27     ; 237        ; 5        ; Celda15[9]                                            ; input  ; 2.5 V        ;         ; Row I/O    ; N               ; no       ; Off          ;
; AC28     ; 236        ; 5        ; Celda5[1]                                             ; input  ; 2.5 V        ;         ; Row I/O    ; N               ; no       ; Off          ;
; AC29     ;            ;          ; GND                                                   ; gnd    ;              ;         ; --         ;                 ; --       ; --           ;
; AC30     ; 243        ; 5        ; RESERVED_INPUT_WITH_WEAK_PULLUP                       ;        ;              ;         ; Row I/O    ;                 ; no       ; On           ;
; AD1      ;            ;          ; GND                                                   ; gnd    ;              ;         ; --         ;                 ; --       ; --           ;
; AD2      ;            ;          ; GND                                                   ; gnd    ;              ;         ; --         ;                 ; --       ; --           ;
; AD3      ;            ; --       ; VCCA_GXB                                              ; power  ;              ; 2.5V    ; --         ;                 ; --       ; --           ;
; AD4      ;            ; --       ; VCCL_GXB                                              ; power  ;              ; 1.2V    ; --         ;                 ; --       ; --           ;
; AD5      ;            ;          ; GND                                                   ; gnd    ;              ;         ; --         ;                 ; --       ; --           ;
; AD6      ; 39         ; 3        ; CeldaD[8]                                             ; input  ; 2.5 V        ;         ; Column I/O ; N               ; no       ; Off          ;
; AD7      ; 35         ; 3        ; ^MSEL0                                                ;        ;              ;         ; --         ;                 ; --       ; --           ;
; AD8      ; 34         ; 3        ; ^MSEL1                                                ;        ;              ;         ; --         ;                 ; --       ; --           ;
; AD9      ; 62         ; 3        ; CeldaC[21]                                            ; input  ; 2.5 V        ;         ; Column I/O ; N               ; no       ; Off          ;
; AD10     ; 63         ; 3        ; Celda11[17]                                           ; input  ; 2.5 V        ;         ; Column I/O ; N               ; no       ; Off          ;
; AD11     ;            ; 3        ; VCCIO3                                                ; power  ;              ; 2.5V    ; --         ;                 ; --       ; --           ;
; AD12     ;            ; 3        ; VCCIO3                                                ; power  ;              ; 2.5V    ; --         ;                 ; --       ; --           ;
; AD13     ;            ; 3        ; VCCIO3                                                ; power  ;              ; 2.5V    ; --         ;                 ; --       ; --           ;
; AD14     ;            ; 3        ; VCCIO3                                                ; power  ;              ; 2.5V    ; --         ;                 ; --       ; --           ;
; AD15     ;            ; 3        ; VCCIO3                                                ; power  ;              ; 2.5V    ; --         ;                 ; --       ; --           ;
; AD16     ; 134        ; 4        ; Celda16[5]                                            ; input  ; 2.5 V        ;         ; Column I/O ; N               ; no       ; Off          ;
; AD17     ;            ; 4        ; VCCIO4                                                ; power  ;              ; 2.5V    ; --         ;                 ; --       ; --           ;
; AD18     ;            ; 4        ; VCCIO4                                                ; power  ;              ; 2.5V    ; --         ;                 ; --       ; --           ;
; AD19     ;            ; 4        ; VCCIO4                                                ; power  ;              ; 2.5V    ; --         ;                 ; --       ; --           ;
; AD20     ;            ; 4        ; VCCIO4                                                ; power  ;              ; 2.5V    ; --         ;                 ; --       ; --           ;
; AD21     ;            ; 4        ; VCCIO4                                                ; power  ;              ; 2.5V    ; --         ;                 ; --       ; --           ;
; AD22     ; 172        ; 4        ; Celda15[17]                                           ; input  ; 2.5 V        ;         ; Column I/O ; N               ; no       ; Off          ;
; AD23     ; 199        ; 4        ; Celda13[9]                                            ; input  ; 2.5 V        ;         ; Column I/O ; N               ; no       ; Off          ;
; AD24     ; 206        ; 4        ; Celda10[5]                                            ; input  ; 2.5 V        ;         ; Column I/O ; N               ; no       ; Off          ;
; AD25     ; 208        ; 5        ; Celda8[12]                                            ; input  ; 2.5 V        ;         ; Row I/O    ; N               ; no       ; Off          ;
; AD26     ; 209        ; 5        ; Celda14[6]                                            ; input  ; 2.5 V        ;         ; Row I/O    ; N               ; no       ; Off          ;
; AD27     ; 233        ; 5        ; CeldaD[9]                                             ; input  ; 2.5 V        ;         ; Row I/O    ; N               ; no       ; Off          ;
; AD28     ; 232        ; 5        ; CeldaA[22]                                            ; input  ; 2.5 V        ;         ; Row I/O    ; N               ; no       ; Off          ;
; AD29     ; 241        ; 5        ; Celda7[16]                                            ; input  ; 2.5 V        ;         ; Row I/O    ; N               ; no       ; Off          ;
; AD30     ; 240        ; 5        ; RESERVED_INPUT_WITH_WEAK_PULLUP                       ;        ;              ;         ; Row I/O    ;                 ; no       ; On           ;
; AE1      ;            ;          ; RREF                                                  ;        ;              ;         ; --         ;                 ; --       ; --           ;
; AE2      ;            ;          ; GND                                                   ; gnd    ;              ;         ; --         ;                 ; --       ; --           ;
; AE3      ; 57         ; 3        ; Celda11[20]                                           ; input  ; 2.5 V        ;         ; Column I/O ; N               ; no       ; Off          ;
; AE4      ; 51         ; 3        ; Celda8[5]                                             ; input  ; 2.5 V        ;         ; Column I/O ; N               ; no       ; Off          ;
; AE5      ; 52         ; 3        ; Celda12[18]                                           ; input  ; 2.5 V        ;         ; Column I/O ; N               ; no       ; Off          ;
; AE6      ; 45         ; 3        ; Celda7[5]                                             ; input  ; 2.5 V        ;         ; Column I/O ; N               ; no       ; Off          ;
; AE7      ; 40         ; 3        ; ~ALTERA_NCEO~ / RESERVED_OUTPUT_OPEN_DRAIN            ; output ; 2.5 V        ;         ; Column I/O ; N               ; no       ; Off          ;
; AE8      ; 38         ; 3        ; CeldaA[16]                                            ; input  ; 2.5 V        ;         ; Column I/O ; N               ; no       ; Off          ;
; AE9      ; 49         ; 3        ; CeldaB[1]                                             ; input  ; 2.5 V        ;         ; Column I/O ; N               ; no       ; Off          ;
; AE10     ; 53         ; 3        ; CeldaC[3]                                             ; input  ; 2.5 V        ;         ; Column I/O ; N               ; no       ; Off          ;
; AE11     ; 61         ; 3        ; Celda16[14]                                           ; input  ; 2.5 V        ;         ; Column I/O ; N               ; no       ; Off          ;
; AE12     ; 76         ; 3        ; CeldaD[20]                                            ; input  ; 2.5 V        ;         ; Column I/O ; N               ; no       ; Off          ;
; AE13     ; 80         ; 3        ; Celda5[19]                                            ; input  ; 2.5 V        ;         ; Column I/O ; N               ; no       ; Off          ;
; AE14     ; 111        ; 3        ; CeldaC[22]                                            ; input  ; 2.5 V        ;         ; Column I/O ; N               ; no       ; Off          ;
; AE15     ; 112        ; 3        ; CeldaB[16]                                            ; input  ; 2.5 V        ;         ; Column I/O ; N               ; no       ; Off          ;
; AE16     ; 135        ; 4        ; Celda5[22]                                            ; input  ; 2.5 V        ;         ; Column I/O ; N               ; no       ; Off          ;
; AE17     ; 137        ; 4        ; CeldaB[5]                                             ; input  ; 2.5 V        ;         ; Column I/O ; N               ; no       ; Off          ;
; AE18     ; 147        ; 4        ; CeldaC[8]                                             ; input  ; 2.5 V        ;         ; Column I/O ; N               ; no       ; Off          ;
; AE19     ; 148        ; 4        ; Celda10[11]                                           ; input  ; 2.5 V        ;         ; Column I/O ; N               ; no       ; Off          ;
; AE20     ; 166        ; 4        ; CeldaC[20]                                            ; input  ; 2.5 V        ;         ; Column I/O ; N               ; no       ; Off          ;
; AE21     ; 167        ; 4        ; CeldaA[6]                                             ; input  ; 2.5 V        ;         ; Column I/O ; N               ; no       ; Off          ;
; AE22     ; 173        ; 4        ; Celda6[13]                                            ; input  ; 2.5 V        ;         ; Column I/O ; N               ; no       ; Off          ;
; AE23     ; 200        ; 4        ; Celda11[13]                                           ; input  ; 2.5 V        ;         ; Column I/O ; N               ; no       ; Off          ;
; AE24     ; 207        ; 4        ; RESERVED_INPUT_WITH_WEAK_PULLUP                       ;        ;              ;         ; Column I/O ;                 ; no       ; On           ;
; AE25     ; 216        ; 5        ; Celda6[22]                                            ; input  ; 2.5 V        ;         ; Row I/O    ; N               ; no       ; Off          ;
; AE26     ; 215        ; 5        ; Celda6[17]                                            ; input  ; 2.5 V        ;         ; Row I/O    ; N               ; no       ; Off          ;
; AE27     ; 229        ; 5        ; Celda11[9]                                            ; input  ; 2.5 V        ;         ; Row I/O    ; N               ; no       ; Off          ;
; AE28     ; 228        ; 5        ; RESERVED_INPUT_WITH_WEAK_PULLUP                       ;        ;              ;         ; Row I/O    ;                 ; no       ; On           ;
; AE29     ; 231        ; 5        ; CeldaD[0]                                             ; input  ; 2.5 V        ;         ; Row I/O    ; N               ; no       ; Off          ;
; AE30     ; 230        ; 5        ; RESERVED_INPUT_WITH_WEAK_PULLUP                       ;        ;              ;         ; Row I/O    ;                 ; no       ; On           ;
; AF1      ;            ;          ; GND                                                   ; gnd    ;              ;         ; --         ;                 ; --       ; --           ;
; AF2      ;            ;          ; GND                                                   ; gnd    ;              ;         ; --         ;                 ; --       ; --           ;
; AF3      ; 58         ; 3        ; CeldaA[8]                                             ; input  ; 2.5 V        ;         ; Column I/O ; N               ; no       ; Off          ;
; AF4      ; 55         ; 3        ; CeldaB[10]                                            ; input  ; 2.5 V        ;         ; Column I/O ; N               ; no       ; Off          ;
; AF5      ;            ;          ; GND                                                   ; gnd    ;              ;         ; --         ;                 ; --       ; --           ;
; AF6      ; 46         ; 3        ; Celda9[7]                                             ; input  ; 2.5 V        ;         ; Column I/O ; N               ; no       ; Off          ;
; AF7      ; 47         ; 3        ; Celda6[15]                                            ; input  ; 2.5 V        ;         ; Column I/O ; N               ; no       ; Off          ;
; AF8      ;            ;          ; GND                                                   ; gnd    ;              ;         ; --         ;                 ; --       ; --           ;
; AF9      ; 50         ; 3        ; RESERVED_INPUT_WITH_WEAK_PULLUP                       ;        ;              ;         ; Column I/O ;                 ; no       ; On           ;
; AF10     ; 54         ; 3        ; Celda7[7]                                             ; input  ; 2.5 V        ;         ; Column I/O ; N               ; no       ; Off          ;
; AF11     ;            ;          ; GND                                                   ; gnd    ;              ;         ; --         ;                 ; --       ; --           ;
; AF12     ; 77         ; 3        ; Celda5[21]                                            ; input  ; 2.5 V        ;         ; Column I/O ; N               ; no       ; Off          ;
; AF13     ; 81         ; 3        ; Celda11[0]                                            ; input  ; 2.5 V        ;         ; Column I/O ; N               ; no       ; Off          ;
; AF14     ;            ;          ; GND                                                   ; gnd    ;              ;         ; --         ;                 ; --       ; --           ;
; AF15     ; 113        ; 3        ; Celda16[17]                                           ; input  ; 2.5 V        ;         ; Column I/O ; N               ; no       ; Off          ;
; AF16     ; 130        ; 4        ; RESERVED_INPUT_WITH_WEAK_PULLUP                       ;        ;              ;         ; Column I/O ;                 ; no       ; On           ;
; AF17     ;            ;          ; GND                                                   ; gnd    ;              ;         ; --         ;                 ; --       ; --           ;
; AF18     ; 138        ; 4        ; Celda12[13]                                           ; input  ; 2.5 V        ;         ; Column I/O ; N               ; no       ; Off          ;
; AF19     ; 151        ; 4        ; Celda5[6]                                             ; input  ; 2.5 V        ;         ; Column I/O ; N               ; no       ; Off          ;
; AF20     ;            ;          ; GND                                                   ; gnd    ;              ;         ; --         ;                 ; --       ; --           ;
; AF21     ; 170        ; 4        ; CeldaC[11]                                            ; input  ; 2.5 V        ;         ; Column I/O ; N               ; no       ; Off          ;
; AF22     ; 171        ; 4        ; Celda15[6]                                            ; input  ; 2.5 V        ;         ; Column I/O ; N               ; no       ; Off          ;
; AF23     ;            ;          ; GND                                                   ; gnd    ;              ;         ; --         ;                 ; --       ; --           ;
; AF24     ; 204        ; 4        ; Celda11[10]                                           ; input  ; 2.5 V        ;         ; Column I/O ; N               ; no       ; Off          ;
; AF25     ; 205        ; 4        ; Celda15[0]                                            ; input  ; 2.5 V        ;         ; Column I/O ; N               ; no       ; Off          ;
; AF26     ;            ;          ; GND                                                   ; gnd    ;              ;         ; --         ;                 ; --       ; --           ;
; AF27     ; 225        ; 5        ; Celda13[12]                                           ; input  ; 2.5 V        ;         ; Row I/O    ; N               ; no       ; Off          ;
; AF28     ; 224        ; 5        ; Celda16[15]                                           ; input  ; 2.5 V        ;         ; Row I/O    ; N               ; no       ; Off          ;
; AF29     ;            ;          ; GND                                                   ; gnd    ;              ;         ; --         ;                 ; --       ; --           ;
; AF30     ; 226        ; 5        ; CeldaA[18]                                            ; input  ; 2.5 V        ;         ; Row I/O    ; N               ; no       ; Off          ;
; AG1      ;            ;          ; NC                                                    ;        ;              ;         ; --         ;                 ; --       ; --           ;
; AG2      ;            ;          ; GND                                                   ; gnd    ;              ;         ; --         ;                 ; --       ; --           ;
; AG3      ; 59         ; 3        ; Celda11[14]                                           ; input  ; 2.5 V        ;         ; Column I/O ; N               ; no       ; Off          ;
; AG4      ; 56         ; 3        ; Celda5[0]                                             ; input  ; 2.5 V        ;         ; Column I/O ; N               ; no       ; Off          ;
; AG5      ; 68         ; 3        ; Celda9[9]                                             ; input  ; 2.5 V        ;         ; Column I/O ; N               ; no       ; Off          ;
; AG6      ; 48         ; 3        ; Celda6[21]                                            ; input  ; 2.5 V        ;         ; Column I/O ; N               ; no       ; Off          ;
; AG7      ; 97         ; 3        ; RESERVED_INPUT_WITH_WEAK_PULLUP                       ;        ;              ;         ; Column I/O ;                 ; no       ; On           ;
; AG8      ; 93         ; 3        ; Celda10[17]                                           ; input  ; 2.5 V        ;         ; Column I/O ; N               ; no       ; Off          ;
; AG9      ; 78         ; 3        ; Celda13[11]                                           ; input  ; 2.5 V        ;         ; Column I/O ; N               ; no       ; Off          ;
; AG10     ; 82         ; 3        ; Celda16[21]                                           ; input  ; 2.5 V        ;         ; Column I/O ; N               ; no       ; Off          ;
; AG11     ; 86         ; 3        ; Celda11[6]                                            ; input  ; 2.5 V        ;         ; Column I/O ; N               ; no       ; Off          ;
; AG12     ; 87         ; 3        ; Celda16[4]                                            ; input  ; 2.5 V        ;         ; Column I/O ; N               ; no       ; Off          ;
; AG13     ; 91         ; 3        ; Celda9[5]                                             ; input  ; 2.5 V        ;         ; Column I/O ; N               ; no       ; Off          ;
; AG14     ; 101        ; 3        ; CeldaD[23]                                            ; input  ; 2.5 V        ;         ; Column I/O ; N               ; no       ; Off          ;
; AG15     ; 114        ; 3        ; Celda12[21]                                           ; input  ; 2.5 V        ;         ; Column I/O ; N               ; no       ; Off          ;
; AG16     ; 131        ; 4        ; Celda15[19]                                           ; input  ; 2.5 V        ;         ; Column I/O ; N               ; no       ; Off          ;
; AG17     ; 143        ; 4        ; RESERVED_INPUT_WITH_WEAK_PULLUP                       ;        ;              ;         ; Column I/O ;                 ; no       ; On           ;
; AG18     ; 149        ; 4        ; CeldaC[5]                                             ; input  ; 2.5 V        ;         ; Column I/O ; N               ; no       ; Off          ;
; AG19     ; 152        ; 4        ; Celda6[23]                                            ; input  ; 2.5 V        ;         ; Column I/O ; N               ; no       ; Off          ;
; AG20     ; 159        ; 4        ; Celda8[17]                                            ; input  ; 2.5 V        ;         ; Column I/O ; N               ; no       ; Off          ;
; AG21     ; 163        ; 4        ; Celda6[14]                                            ; input  ; 2.5 V        ;         ; Column I/O ; N               ; no       ; Off          ;
; AG22     ; 168        ; 4        ; RESERVED_INPUT_WITH_WEAK_PULLUP                       ;        ;              ;         ; Column I/O ;                 ; no       ; On           ;
; AG23     ; 178        ; 4        ; Celda12[15]                                           ; input  ; 2.5 V        ;         ; Column I/O ; N               ; no       ; Off          ;
; AG24     ; 186        ; 4        ; CeldaA[2]                                             ; input  ; 2.5 V        ;         ; Column I/O ; N               ; no       ; Off          ;
; AG25     ; 201        ; 4        ; Celda13[7]                                            ; input  ; 2.5 V        ;         ; Column I/O ; N               ; no       ; Off          ;
; AG26     ; 193        ; 4        ; Celda15[21]                                           ; input  ; 2.5 V        ;         ; Column I/O ; N               ; no       ; Off          ;
; AG27     ; 197        ; 4        ; Celda8[16]                                            ; input  ; 2.5 V        ;         ; Column I/O ; N               ; no       ; Off          ;
; AG28     ; 202        ; 4        ; Celda14[23]                                           ; input  ; 2.5 V        ;         ; Column I/O ; N               ; no       ; Off          ;
; AG29     ; 219        ; 5        ; CeldaC[12]                                            ; input  ; 2.5 V        ;         ; Row I/O    ; N               ; no       ; Off          ;
; AG30     ; 227        ; 5        ; Celda10[2]                                            ; input  ; 2.5 V        ;         ; Row I/O    ; N               ; no       ; Off          ;
; AH1      ;            ;          ; NC                                                    ;        ;              ;         ; --         ;                 ; --       ; --           ;
; AH2      ; 64         ; 3        ; Celda6[1]                                             ; input  ; 2.5 V        ;         ; Column I/O ; N               ; no       ; Off          ;
; AH3      ; 60         ; 3        ; Celda15[15]                                           ; input  ; 2.5 V        ;         ; Column I/O ; N               ; no       ; Off          ;
; AH4      ; 66         ; 3        ; Celda15[11]                                           ; input  ; 2.5 V        ;         ; Column I/O ; N               ; no       ; Off          ;
; AH5      ; 69         ; 3        ; Celda11[21]                                           ; input  ; 2.5 V        ;         ; Column I/O ; N               ; no       ; Off          ;
; AH6      ; 72         ; 3        ; Celda14[10]                                           ; input  ; 2.5 V        ;         ; Column I/O ; N               ; no       ; Off          ;
; AH7      ; 98         ; 3        ; CeldaC[15]                                            ; input  ; 2.5 V        ;         ; Column I/O ; N               ; no       ; Off          ;
; AH8      ; 94         ; 3        ; Celda13[4]                                            ; input  ; 2.5 V        ;         ; Column I/O ; N               ; no       ; Off          ;
; AH9      ; 79         ; 3        ; Celda9[8]                                             ; input  ; 2.5 V        ;         ; Column I/O ; N               ; no       ; Off          ;
; AH10     ; 83         ; 3        ; CeldaA[13]                                            ; input  ; 2.5 V        ;         ; Column I/O ; N               ; no       ; Off          ;
; AH11     ; 84         ; 3        ; Celda16[6]                                            ; input  ; 2.5 V        ;         ; Column I/O ; N               ; no       ; Off          ;
; AH12     ; 88         ; 3        ; Celda14[12]                                           ; input  ; 2.5 V        ;         ; Column I/O ; N               ; no       ; Off          ;
; AH13     ; 92         ; 3        ; Celda13[15]                                           ; input  ; 2.5 V        ;         ; Column I/O ; N               ; no       ; Off          ;
; AH14     ; 102        ; 3        ; Celda6[12]                                            ; input  ; 2.5 V        ;         ; Column I/O ; N               ; no       ; Off          ;
; AH15     ; 120        ; 3        ; Celda12[20]                                           ; input  ; 2.5 V        ;         ; Column I/O ; N               ; no       ; Off          ;
; AH16     ; 121        ; 3        ; RESERVED_INPUT_WITH_WEAK_PULLUP                       ;        ;              ;         ; Column I/O ;                 ; no       ; On           ;
; AH17     ; 144        ; 4        ; Celda5[20]                                            ; input  ; 2.5 V        ;         ; Column I/O ; N               ; no       ; Off          ;
; AH18     ; 141        ; 4        ; Celda14[0]                                            ; input  ; 2.5 V        ;         ; Column I/O ; N               ; no       ; Off          ;
; AH19     ; 150        ; 4        ; CeldaB[19]                                            ; input  ; 2.5 V        ;         ; Column I/O ; N               ; no       ; Off          ;
; AH20     ; 160        ; 4        ; Celda11[22]                                           ; input  ; 2.5 V        ;         ; Column I/O ; N               ; no       ; Off          ;
; AH21     ; 161        ; 4        ; Celda6[19]                                            ; input  ; 2.5 V        ;         ; Column I/O ; N               ; no       ; Off          ;
; AH22     ; 169        ; 4        ; Celda16[3]                                            ; input  ; 2.5 V        ;         ; Column I/O ; N               ; no       ; Off          ;
; AH23     ; 179        ; 4        ; Celda15[16]                                           ; input  ; 2.5 V        ;         ; Column I/O ; N               ; no       ; Off          ;
; AH24     ; 187        ; 4        ; CeldaA[23]                                            ; input  ; 2.5 V        ;         ; Column I/O ; N               ; no       ; Off          ;
; AH25     ; 182        ; 4        ; RESERVED_INPUT_WITH_WEAK_PULLUP                       ;        ;              ;         ; Column I/O ;                 ; no       ; On           ;
; AH26     ; 194        ; 4        ; Celda12[0]                                            ; input  ; 2.5 V        ;         ; Column I/O ; N               ; no       ; Off          ;
; AH27     ; 198        ; 4        ; Celda12[22]                                           ; input  ; 2.5 V        ;         ; Column I/O ; N               ; no       ; Off          ;
; AH28     ; 203        ; 4        ; CeldaA[5]                                             ; input  ; 2.5 V        ;         ; Column I/O ; N               ; no       ; Off          ;
; AH29     ; 220        ; 5        ; Celda14[2]                                            ; input  ; 2.5 V        ;         ; Row I/O    ; N               ; no       ; Off          ;
; AH30     ; 217        ; 5        ; RESERVED_INPUT_WITH_WEAK_PULLUP                       ;        ;              ;         ; Row I/O    ;                 ; no       ; On           ;
; AJ1      ; 37         ; 3        ; ^nSTATUS                                              ;        ;              ;         ; --         ;                 ; --       ; --           ;
; AJ2      ;            ;          ; GND                                                   ; gnd    ;              ;         ; --         ;                 ; --       ; --           ;
; AJ3      ; 65         ; 3        ; Celda6[4]                                             ; input  ; 2.5 V        ;         ; Column I/O ; N               ; no       ; Off          ;
; AJ4      ; 67         ; 3        ; CeldaA[10]                                            ; input  ; 2.5 V        ;         ; Column I/O ; N               ; no       ; Off          ;
; AJ5      ;            ;          ; GND                                                   ; gnd    ;              ;         ; --         ;                 ; --       ; --           ;
; AJ6      ; 73         ; 3        ; Celda16[10]                                           ; input  ; 2.5 V        ;         ; Column I/O ; N               ; no       ; Off          ;
; AJ7      ; 103        ; 3        ; Celda13[23]                                           ; input  ; 2.5 V        ;         ; Column I/O ; N               ; no       ; Off          ;
; AJ8      ;            ;          ; GND                                                   ; gnd    ;              ;         ; --         ;                 ; --       ; --           ;
; AJ9      ; 105        ; 3        ; Celda12[1]                                            ; input  ; 2.5 V        ;         ; Column I/O ; N               ; no       ; Off          ;
; AJ10     ; 85         ; 3        ; CeldaC[6]                                             ; input  ; 2.5 V        ;         ; Column I/O ; N               ; no       ; Off          ;
; AJ11     ;            ;          ; GND                                                   ; gnd    ;              ;         ; --         ;                 ; --       ; --           ;
; AJ12     ; 118        ; 3        ; RESERVED_INPUT_WITH_WEAK_PULLUP                       ;        ;              ;         ; Column I/O ;                 ; no       ; On           ;
; AJ13     ; 122        ; 3        ; SalidaLeds                                            ; output ; 2.5 V        ;         ; Column I/O ; N               ; no       ; Off          ;
; AJ14     ;            ;          ; GND                                                   ; gnd    ;              ;         ; --         ;                 ; --       ; --           ;
; AJ15     ; 132        ; 4        ; Celda13[19]                                           ; input  ; 2.5 V        ;         ; Column I/O ; N               ; no       ; Off          ;
; AJ16     ; 126        ; 4        ; Celda12[6]                                            ; input  ; 2.5 V        ;         ; Column I/O ; N               ; no       ; Off          ;
; AJ17     ;            ;          ; GND                                                   ; gnd    ;              ;         ; --         ;                 ; --       ; --           ;
; AJ18     ; 142        ; 4        ; Celda8[14]                                            ; input  ; 2.5 V        ;         ; Column I/O ; N               ; no       ; Off          ;
; AJ19     ; 145        ; 4        ; CeldaD[10]                                            ; input  ; 2.5 V        ;         ; Column I/O ; N               ; no       ; Off          ;
; AJ20     ;            ;          ; GND                                                   ; gnd    ;              ;         ; --         ;                 ; --       ; --           ;
; AJ21     ; 162        ; 4        ; Celda15[23]                                           ; input  ; 2.5 V        ;         ; Column I/O ; N               ; no       ; Off          ;
; AJ22     ; 157        ; 4        ; Celda10[16]                                           ; input  ; 2.5 V        ;         ; Column I/O ; N               ; no       ; Off          ;
; AJ23     ;            ;          ; GND                                                   ; gnd    ;              ;         ; --         ;                 ; --       ; --           ;
; AJ24     ; 176        ; 4        ; CeldaC[17]                                            ; input  ; 2.5 V        ;         ; Column I/O ; N               ; no       ; Off          ;
; AJ25     ; 183        ; 4        ; Celda6[0]                                             ; input  ; 2.5 V        ;         ; Column I/O ; N               ; no       ; Off          ;
; AJ26     ;            ;          ; GND                                                   ; gnd    ;              ;         ; --         ;                 ; --       ; --           ;
; AJ27     ; 184        ; 4        ; Celda16[22]                                           ; input  ; 2.5 V        ;         ; Column I/O ; N               ; no       ; Off          ;
; AJ28     ; 189        ; 4        ; CeldaB[9]                                             ; input  ; 2.5 V        ;         ; Column I/O ; N               ; no       ; Off          ;
; AJ29     ;            ;          ; GND                                                   ; gnd    ;              ;         ; --         ;                 ; --       ; --           ;
; AJ30     ; 218        ; 5        ; RESERVED_INPUT_WITH_WEAK_PULLUP                       ;        ;              ;         ; Row I/O    ;                 ; no       ; On           ;
; AK2      ;            ;          ; NC                                                    ;        ;              ;         ; --         ;                 ; --       ; --           ;
; AK3      ; 70         ; 3        ; Celda9[20]                                            ; input  ; 2.5 V        ;         ; Column I/O ; N               ; no       ; Off          ;
; AK4      ; 71         ; 3        ; Celda5[5]                                             ; input  ; 2.5 V        ;         ; Column I/O ; N               ; no       ; Off          ;
; AK5      ; 74         ; 3        ; RESERVED_INPUT_WITH_WEAK_PULLUP                       ;        ;              ;         ; Column I/O ;                 ; no       ; On           ;
; AK6      ; 75         ; 3        ; CeldaC[7]                                             ; input  ; 2.5 V        ;         ; Column I/O ; N               ; no       ; Off          ;
; AK7      ; 104        ; 3        ; Celda6[10]                                            ; input  ; 2.5 V        ;         ; Column I/O ; N               ; no       ; Off          ;
; AK8      ; 106        ; 3        ; Celda6[11]                                            ; input  ; 2.5 V        ;         ; Column I/O ; N               ; no       ; Off          ;
; AK9      ; 107        ; 3        ; CeldaB[21]                                            ; input  ; 2.5 V        ;         ; Column I/O ; N               ; no       ; Off          ;
; AK10     ; 108        ; 3        ; Celda5[2]                                             ; input  ; 2.5 V        ;         ; Column I/O ; N               ; no       ; Off          ;
; AK11     ; 116        ; 3        ; CeldaD[17]                                            ; input  ; 2.5 V        ;         ; Column I/O ; N               ; no       ; Off          ;
; AK12     ; 117        ; 3        ; Celda10[0]                                            ; input  ; 2.5 V        ;         ; Column I/O ; N               ; no       ; Off          ;
; AK13     ; 119        ; 3        ; CeldaC[19]                                            ; input  ; 2.5 V        ;         ; Column I/O ; N               ; no       ; Off          ;
; AK14     ; 123        ; 3        ; Celda10[14]                                           ; input  ; 2.5 V        ;         ; Column I/O ; N               ; no       ; Off          ;
; AK15     ; 133        ; 4        ; Celda13[0]                                            ; input  ; 2.5 V        ;         ; Column I/O ; N               ; no       ; Off          ;
; AK16     ; 127        ; 4        ; Celda12[5]                                            ; input  ; 2.5 V        ;         ; Column I/O ; N               ; no       ; Off          ;
; AK17     ; 139        ; 4        ; CeldaA[19]                                            ; input  ; 2.5 V        ;         ; Column I/O ; N               ; no       ; Off          ;
; AK18     ; 140        ; 4        ; RESERVED_INPUT_WITH_WEAK_PULLUP                       ;        ;              ;         ; Column I/O ;                 ; no       ; On           ;
; AK19     ; 146        ; 4        ; Celda9[17]                                            ; input  ; 2.5 V        ;         ; Column I/O ; N               ; no       ; Off          ;
; AK20     ; 155        ; 4        ; Celda12[2]                                            ; input  ; 2.5 V        ;         ; Column I/O ; N               ; no       ; Off          ;
; AK21     ; 156        ; 4        ; Celda9[3]                                             ; input  ; 2.5 V        ;         ; Column I/O ; N               ; no       ; Off          ;
; AK22     ; 158        ; 4        ; Celda14[13]                                           ; input  ; 2.5 V        ;         ; Column I/O ; N               ; no       ; Off          ;
; AK23     ; 174        ; 4        ; Celda9[10]                                            ; input  ; 2.5 V        ;         ; Column I/O ; N               ; no       ; Off          ;
; AK24     ; 175        ; 4        ; Celda11[8]                                            ; input  ; 2.5 V        ;         ; Column I/O ; N               ; no       ; Off          ;
; AK25     ; 177        ; 4        ; Celda15[14]                                           ; input  ; 2.5 V        ;         ; Column I/O ; N               ; no       ; Off          ;
; AK26     ; 180        ; 4        ; CeldaD[4]                                             ; input  ; 2.5 V        ;         ; Column I/O ; N               ; no       ; Off          ;
; AK27     ; 181        ; 4        ; Celda15[13]                                           ; input  ; 2.5 V        ;         ; Column I/O ; N               ; no       ; Off          ;
; AK28     ; 185        ; 4        ; Celda7[22]                                            ; input  ; 2.5 V        ;         ; Column I/O ; N               ; no       ; Off          ;
; AK29     ; 190        ; 4        ; Celda5[14]                                            ; input  ; 2.5 V        ;         ; Column I/O ; N               ; no       ; Off          ;
; B1       ; 514        ; 9        ; ^nCONFIG                                              ;        ;              ;         ; --         ;                 ; --       ; --           ;
; B2       ;            ;          ; GND                                                   ; gnd    ;              ;         ; --         ;                 ; --       ; --           ;
; B3       ; 513        ; 9        ; ~ALTERA_DCLK~                                         ; output ; 2.5 V        ;         ; Column I/O ; N               ; no       ; On           ;
; B4       ; 512        ; 9        ; ~ALTERA_NCSO~ / RESERVED_INPUT_WITH_WEAK_PULLUP       ; input  ; 2.5 V        ;         ; Column I/O ; N               ; no       ; On           ;
; B5       ;            ;          ; GND                                                   ; gnd    ;              ;         ; --         ;                 ; --       ; --           ;
; B6       ; 461        ; 8        ; Celda16[9]                                            ; input  ; 2.5 V        ;         ; Column I/O ; N               ; no       ; Off          ;
; B7       ; 457        ; 8        ; Celda15[20]                                           ; input  ; 2.5 V        ;         ; Column I/O ; N               ; no       ; Off          ;
; B8       ;            ;          ; GND                                                   ; gnd    ;              ;         ; --         ;                 ; --       ; --           ;
; B9       ; 459        ; 8        ; Celda10[23]                                           ; input  ; 2.5 V        ;         ; Column I/O ; N               ; no       ; Off          ;
; B10      ; 450        ; 8        ; Celda14[21]                                           ; input  ; 2.5 V        ;         ; Column I/O ; N               ; no       ; Off          ;
; B11      ;            ;          ; GND                                                   ; gnd    ;              ;         ; --         ;                 ; --       ; --           ;
; B12      ; 439        ; 8        ; RESERVED_INPUT_WITH_WEAK_PULLUP                       ;        ;              ;         ; Column I/O ;                 ; no       ; On           ;
; B13      ; 435        ; 8        ; Celda15[2]                                            ; input  ; 2.5 V        ;         ; Column I/O ; N               ; no       ; Off          ;
; B14      ;            ;          ; GND                                                   ; gnd    ;              ;         ; --         ;                 ; --       ; --           ;
; B15      ; 422        ; 7        ; GND+                                                  ;        ;              ;         ; Column I/O ;                 ; --       ; --           ;
; B16      ; 419        ; 7        ; CeldaD[5]                                             ; input  ; 2.5 V        ;         ; Column I/O ; N               ; no       ; Off          ;
; B17      ;            ;          ; GND                                                   ; gnd    ;              ;         ; --         ;                 ; --       ; --           ;
; B18      ; 406        ; 7        ; CeldaB[4]                                             ; input  ; 2.5 V        ;         ; Column I/O ; N               ; no       ; Off          ;
; B19      ; 402        ; 7        ; Celda15[22]                                           ; input  ; 2.5 V        ;         ; Column I/O ; N               ; no       ; Off          ;
; B20      ;            ;          ; GND                                                   ; gnd    ;              ;         ; --         ;                 ; --       ; --           ;
; B21      ; 394        ; 7        ; RESERVED_INPUT_WITH_WEAK_PULLUP                       ;        ;              ;         ; Column I/O ;                 ; no       ; On           ;
; B22      ; 391        ; 7        ; CeldaC[13]                                            ; input  ; 2.5 V        ;         ; Column I/O ; N               ; no       ; Off          ;
; B23      ;            ;          ; GND                                                   ; gnd    ;              ;         ; --         ;                 ; --       ; --           ;
; B24      ; 382        ; 7        ; Celda14[1]                                            ; input  ; 2.5 V        ;         ; Column I/O ; N               ; no       ; Off          ;
; B25      ; 381        ; 7        ; CeldaB[8]                                             ; input  ; 2.5 V        ;         ; Column I/O ; N               ; no       ; Off          ;
; B26      ;            ;          ; GND                                                   ; gnd    ;              ;         ; --         ;                 ; --       ; --           ;
; B27      ; 365        ; 7        ; CeldaA[14]                                            ; input  ; 2.5 V        ;         ; Column I/O ; N               ; no       ; Off          ;
; B28      ; 363        ; 7        ; Celda11[4]                                            ; input  ; 2.5 V        ;         ; Column I/O ; N               ; no       ; Off          ;
; B29      ;            ;          ; GND                                                   ; gnd    ;              ;         ; --         ;                 ; --       ; --           ;
; B30      ; 358        ; 7        ; Celda8[6]                                             ; input  ; 2.5 V        ;         ; Column I/O ; N               ; no       ; Off          ;
; C1       ; 515        ; 9        ; ^nCE                                                  ;        ;              ;         ; --         ;                 ; --       ; --           ;
; C2       ; 490        ; 8        ; Celda9[22]                                            ; input  ; 2.5 V        ;         ; Column I/O ; N               ; no       ; Off          ;
; C3       ; 481        ; 8        ; CeldaA[21]                                            ; input  ; 2.5 V        ;         ; Column I/O ; N               ; no       ; Off          ;
; C4       ; 471        ; 8        ; Celda10[1]                                            ; input  ; 2.5 V        ;         ; Column I/O ; N               ; no       ; Off          ;
; C5       ; 473        ; 8        ; Celda7[6]                                             ; input  ; 2.5 V        ;         ; Column I/O ; N               ; no       ; Off          ;
; C6       ; 474        ; 8        ; Celda13[13]                                           ; input  ; 2.5 V        ;         ; Column I/O ; N               ; no       ; Off          ;
; C7       ; 475        ; 8        ; Celda11[2]                                            ; input  ; 2.5 V        ;         ; Column I/O ; N               ; no       ; Off          ;
; C8       ; 487        ; 8        ; Celda12[16]                                           ; input  ; 2.5 V        ;         ; Column I/O ; N               ; no       ; Off          ;
; C9       ; 485        ; 8        ; CeldaB[20]                                            ; input  ; 2.5 V        ;         ; Column I/O ; N               ; no       ; Off          ;
; C10      ; 451        ; 8        ; Celda13[1]                                            ; input  ; 2.5 V        ;         ; Column I/O ; N               ; no       ; Off          ;
; C11      ; 462        ; 8        ; Celda11[5]                                            ; input  ; 2.5 V        ;         ; Column I/O ; N               ; no       ; Off          ;
; C12      ; 454        ; 8        ; Celda12[9]                                            ; input  ; 2.5 V        ;         ; Column I/O ; N               ; no       ; Off          ;
; C13      ; 446        ; 8        ; Celda16[18]                                           ; input  ; 2.5 V        ;         ; Column I/O ; N               ; no       ; Off          ;
; C14      ; 444        ; 8        ; Celda13[3]                                            ; input  ; 2.5 V        ;         ; Column I/O ; N               ; no       ; Off          ;
; C15      ; 440        ; 8        ; Celda9[16]                                            ; input  ; 2.5 V        ;         ; Column I/O ; N               ; no       ; Off          ;
; C16      ; 427        ; 8        ; CeldaB[15]                                            ; input  ; 2.5 V        ;         ; Column I/O ; N               ; no       ; Off          ;
; C17      ; 414        ; 7        ; Celda16[1]                                            ; input  ; 2.5 V        ;         ; Column I/O ; N               ; no       ; Off          ;
; C18      ; 407        ; 7        ; Celda16[11]                                           ; input  ; 2.5 V        ;         ; Column I/O ; N               ; no       ; Off          ;
; C19      ; 403        ; 7        ; Celda5[8]                                             ; input  ; 2.5 V        ;         ; Column I/O ; N               ; no       ; Off          ;
; C20      ; 397        ; 7        ; Celda8[3]                                             ; input  ; 2.5 V        ;         ; Column I/O ; N               ; no       ; Off          ;
; C21      ; 388        ; 7        ; RESERVED_INPUT_WITH_WEAK_PULLUP                       ;        ;              ;         ; Column I/O ;                 ; --       ; --           ;
; C22      ; 392        ; 7        ; Celda11[11]                                           ; input  ; 2.5 V        ;         ; Column I/O ; N               ; no       ; Off          ;
; C23      ; 384        ; 7        ; CeldaB[3]                                             ; input  ; 2.5 V        ;         ; Column I/O ; N               ; no       ; Off          ;
; C24      ; 383        ; 7        ; RESERVED_INPUT_WITH_WEAK_PULLUP                       ;        ;              ;         ; Column I/O ;                 ; no       ; On           ;
; C25      ; 372        ; 7        ; Celda14[9]                                            ; input  ; 2.5 V        ;         ; Column I/O ; N               ; no       ; Off          ;
; C26      ; 368        ; 7        ; Celda8[21]                                            ; input  ; 2.5 V        ;         ; Column I/O ; N               ; no       ; Off          ;
; C27      ; 345        ; 7        ; Celda11[18]                                           ; input  ; 2.5 V        ;         ; Column I/O ; N               ; no       ; Off          ;
; C28      ; 349        ; 7        ; Celda12[7]                                            ; input  ; 2.5 V        ;         ; Column I/O ; N               ; no       ; Off          ;
; C29      ; 329        ; 6        ; RESERVED_INPUT_WITH_WEAK_PULLUP                       ;        ;              ;         ; Row I/O    ;                 ; no       ; On           ;
; C30      ; 328        ; 6        ; CeldaB[13]                                            ; input  ; 2.5 V        ;         ; Row I/O    ; N               ; no       ; Off          ;
; D1       ; 491        ; 8        ; Celda16[20]                                           ; input  ; 2.5 V        ;         ; Column I/O ; N               ; no       ; Off          ;
; D2       ;            ;          ; GND                                                   ; gnd    ;              ;         ; --         ;                 ; --       ; --           ;
; D3       ; 482        ; 8        ; Celda12[14]                                           ; input  ; 2.5 V        ;         ; Column I/O ; N               ; no       ; Off          ;
; D4       ; 472        ; 8        ; Celda7[10]                                            ; input  ; 2.5 V        ;         ; Column I/O ; N               ; no       ; Off          ;
; D5       ; 477        ; 8        ; Celda5[11]                                            ; input  ; 2.5 V        ;         ; Column I/O ; N               ; no       ; Off          ;
; D6       ; 476        ; 8        ; Celda14[4]                                            ; input  ; 2.5 V        ;         ; Column I/O ; N               ; no       ; Off          ;
; D7       ; 467        ; 8        ; CeldaC[9]                                             ; input  ; 2.5 V        ;         ; Column I/O ; N               ; no       ; Off          ;
; D8       ; 498        ; 8        ; CeldaC[2]                                             ; input  ; 2.5 V        ;         ; Column I/O ; N               ; no       ; Off          ;
; D9       ; 486        ; 8        ; Celda10[18]                                           ; input  ; 2.5 V        ;         ; Column I/O ; N               ; no       ; Off          ;
; D10      ; 483        ; 8        ; Celda6[2]                                             ; input  ; 2.5 V        ;         ; Column I/O ; N               ; no       ; Off          ;
; D11      ; 463        ; 8        ; Celda10[7]                                            ; input  ; 2.5 V        ;         ; Column I/O ; N               ; no       ; Off          ;
; D12      ; 455        ; 8        ; Celda10[13]                                           ; input  ; 2.5 V        ;         ; Column I/O ; N               ; no       ; Off          ;
; D13      ; 447        ; 8        ; CeldaB[12]                                            ; input  ; 2.5 V        ;         ; Column I/O ; N               ; no       ; Off          ;
; D14      ; 445        ; 8        ; Celda9[19]                                            ; input  ; 2.5 V        ;         ; Column I/O ; N               ; no       ; Off          ;
; D15      ; 441        ; 8        ; Celda15[4]                                            ; input  ; 2.5 V        ;         ; Column I/O ; N               ; no       ; Off          ;
; D16      ; 428        ; 8        ; Celda14[16]                                           ; input  ; 2.5 V        ;         ; Column I/O ; N               ; no       ; Off          ;
; D17      ; 415        ; 7        ; Celda15[8]                                            ; input  ; 2.5 V        ;         ; Column I/O ; N               ; no       ; Off          ;
; D18      ; 408        ; 7        ; Celda13[10]                                           ; input  ; 2.5 V        ;         ; Column I/O ; N               ; no       ; Off          ;
; D19      ; 404        ; 7        ; Celda9[13]                                            ; input  ; 2.5 V        ;         ; Column I/O ; N               ; no       ; Off          ;
; D20      ; 398        ; 7        ; RESERVED_INPUT_WITH_WEAK_PULLUP                       ;        ;              ;         ; Column I/O ;                 ; no       ; On           ;
; D21      ; 376        ; 7        ; Celda9[6]                                             ; input  ; 2.5 V        ;         ; Column I/O ; N               ; no       ; Off          ;
; D22      ; 374        ; 7        ; Celda7[17]                                            ; input  ; 2.5 V        ;         ; Column I/O ; N               ; no       ; Off          ;
; D23      ; 385        ; 7        ; CeldaA[7]                                             ; input  ; 2.5 V        ;         ; Column I/O ; N               ; no       ; Off          ;
; D24      ; 366        ; 7        ; Celda9[23]                                            ; input  ; 2.5 V        ;         ; Column I/O ; N               ; no       ; Off          ;
; D25      ; 373        ; 7        ; Celda10[19]                                           ; input  ; 2.5 V        ;         ; Column I/O ; N               ; no       ; Off          ;
; D26      ; 369        ; 7        ; Celda6[3]                                             ; input  ; 2.5 V        ;         ; Column I/O ; N               ; no       ; Off          ;
; D27      ; 346        ; 7        ; Celda5[9]                                             ; input  ; 2.5 V        ;         ; Column I/O ; N               ; no       ; Off          ;
; D28      ; 350        ; 7        ; RESERVED_INPUT_WITH_WEAK_PULLUP                       ;        ;              ;         ; Column I/O ;                 ; no       ; On           ;
; D29      ; 325        ; 6        ; CeldaD[2]                                             ; input  ; 2.5 V        ;         ; Row I/O    ; N               ; no       ; Off          ;
; D30      ; 324        ; 6        ; RESERVED_INPUT_WITH_WEAK_PULLUP                       ;        ;              ;         ; Row I/O    ;                 ; no       ; On           ;
; E1       ; 518        ; 9        ; #TMS                                                  ; input  ;              ;         ; --         ;                 ; --       ; --           ;
; E2       ; 516        ; 9        ; #TDI                                                  ; input  ;              ;         ; --         ;                 ; --       ; --           ;
; E3       ; 492        ; 8        ; Celda7[21]                                            ; input  ; 2.5 V        ;         ; Column I/O ; N               ; no       ; Off          ;
; E4       ; 493        ; 8        ; RESERVED_INPUT_WITH_WEAK_PULLUP                       ;        ;              ;         ; Column I/O ;                 ; no       ; On           ;
; E5       ;            ;          ; GND                                                   ; gnd    ;              ;         ; --         ;                 ; --       ; --           ;
; E6       ; 478        ; 8        ; CeldaC[23]                                            ; input  ; 2.5 V        ;         ; Column I/O ; N               ; no       ; Off          ;
; E7       ; 468        ; 8        ; Celda7[13]                                            ; input  ; 2.5 V        ;         ; Column I/O ; N               ; no       ; Off          ;
; E8       ;            ;          ; GND                                                   ; gnd    ;              ;         ; --         ;                 ; --       ; --           ;
; E9       ; 488        ; 8        ; Celda12[23]                                           ; input  ; 2.5 V        ;         ; Column I/O ; N               ; no       ; Off          ;
; E10      ; 484        ; 8        ; CeldaA[12]                                            ; input  ; 2.5 V        ;         ; Column I/O ; N               ; no       ; Off          ;
; E11      ;            ;          ; GND                                                   ; gnd    ;              ;         ; --         ;                 ; --       ; --           ;
; E12      ; 469        ; 8        ; Celda11[3]                                            ; input  ; 2.5 V        ;         ; Column I/O ; N               ; no       ; Off          ;
; E13      ; 448        ; 8        ; Celda16[8]                                            ; input  ; 2.5 V        ;         ; Column I/O ; N               ; no       ; Off          ;
; E14      ;            ;          ; GND                                                   ; gnd    ;              ;         ; --         ;                 ; --       ; --           ;
; E15      ; 436        ; 8        ; CeldaB[22]                                            ; input  ; 2.5 V        ;         ; Column I/O ; N               ; no       ; Off          ;
; E16      ; 433        ; 8        ; Celda5[7]                                             ; input  ; 2.5 V        ;         ; Column I/O ; N               ; no       ; Off          ;
; E17      ;            ;          ; GND                                                   ; gnd    ;              ;         ; --         ;                 ; --       ; --           ;
; E18      ; 399        ; 7        ; Celda14[14]                                           ; input  ; 2.5 V        ;         ; Column I/O ; N               ; no       ; Off          ;
; E19      ; 400        ; 7        ; RESERVED_INPUT_WITH_WEAK_PULLUP                       ;        ;              ;         ; Column I/O ;                 ; no       ; On           ;
; E20      ;            ;          ; GND                                                   ; gnd    ;              ;         ; --         ;                 ; --       ; --           ;
; E21      ; 377        ; 7        ; Celda5[13]                                            ; input  ; 2.5 V        ;         ; Column I/O ; N               ; no       ; Off          ;
; E22      ; 375        ; 7        ; RESERVED_INPUT_WITH_WEAK_PULLUP                       ;        ;              ;         ; Column I/O ;                 ; no       ; On           ;
; E23      ;            ;          ; GND                                                   ; gnd    ;              ;         ; --         ;                 ; --       ; --           ;
; E24      ; 367        ; 7        ; Celda14[22]                                           ; input  ; 2.5 V        ;         ; Column I/O ; N               ; no       ; Off          ;
; E25      ; 348        ; 7        ; Celda16[23]                                           ; input  ; 2.5 V        ;         ; Column I/O ; N               ; no       ; Off          ;
; E26      ;            ;          ; GND                                                   ; gnd    ;              ;         ; --         ;                 ; --       ; --           ;
; E27      ; 338        ; 6        ; Celda8[9]                                             ; input  ; 2.5 V        ;         ; Row I/O    ; N               ; no       ; Off          ;
; E28      ; 337        ; 6        ; CeldaC[0]                                             ; input  ; 2.5 V        ;         ; Row I/O    ; N               ; no       ; Off          ;
; E29      ;            ;          ; GND                                                   ; gnd    ;              ;         ; --         ;                 ; --       ; --           ;
; E30      ; 316        ; 6        ; Celda12[19]                                           ; input  ; 2.5 V        ;         ; Row I/O    ; N               ; no       ; Off          ;
; F1       ; 519        ; 9        ; #TDO                                                  ; output ;              ;         ; --         ;                 ; --       ; --           ;
; F2       ; 517        ; 9        ; #TCK                                                  ; input  ;              ;         ; --         ;                 ; --       ; --           ;
; F3       ;            ;          ; GND                                                   ; gnd    ;              ;         ; --         ;                 ; --       ; --           ;
; F4       ; 494        ; 8        ; RESERVED_INPUT_WITH_WEAK_PULLUP                       ;        ;              ;         ; Column I/O ;                 ; no       ; On           ;
; F5       ; 495        ; 8        ; Celda6[6]                                             ; input  ; 2.5 V        ;         ; Column I/O ; N               ; no       ; Off          ;
; F6       ; 499        ; 8        ; Celda10[8]                                            ; input  ; 2.5 V        ;         ; Column I/O ; N               ; no       ; Off          ;
; F7       ; 501        ; 8        ; Celda8[4]                                             ; input  ; 2.5 V        ;         ; Column I/O ; N               ; no       ; Off          ;
; F8       ; 503        ; 8        ; Celda14[18]                                           ; input  ; 2.5 V        ;         ; Column I/O ; N               ; no       ; Off          ;
; F9       ; 489        ; 8        ; CeldaA[15]                                            ; input  ; 2.5 V        ;         ; Column I/O ; N               ; no       ; Off          ;
; F10      ; 479        ; 8        ; Celda9[2]                                             ; input  ; 2.5 V        ;         ; Column I/O ; N               ; no       ; Off          ;
; F11      ; 470        ; 8        ; Celda16[16]                                           ; input  ; 2.5 V        ;         ; Column I/O ; N               ; no       ; Off          ;
; F12      ; 452        ; 8        ; Celda6[7]                                             ; input  ; 2.5 V        ;         ; Column I/O ; N               ; no       ; Off          ;
; F13      ; 449        ; 8        ; CeldaB[17]                                            ; input  ; 2.5 V        ;         ; Column I/O ; N               ; no       ; Off          ;
; F14      ; 437        ; 8        ; Celda14[19]                                           ; input  ; 2.5 V        ;         ; Column I/O ; N               ; no       ; Off          ;
; F15      ; 434        ; 8        ; CeldaC[16]                                            ; input  ; 2.5 V        ;         ; Column I/O ; N               ; no       ; Off          ;
; F16      ; 425        ; 8        ; RESERVED_INPUT_WITH_WEAK_PULLUP                       ;        ;              ;         ; Column I/O ;                 ; no       ; On           ;
; F17      ; 395        ; 7        ; CeldaD[14]                                            ; input  ; 2.5 V        ;         ; Column I/O ; N               ; no       ; Off          ;
; F18      ; 410        ; 7        ; Celda13[21]                                           ; input  ; 2.5 V        ;         ; Column I/O ; N               ; no       ; Off          ;
; F19      ; 378        ; 7        ; Celda8[2]                                             ; input  ; 2.5 V        ;         ; Column I/O ; N               ; no       ; Off          ;
; F20      ; 389        ; 7        ; Celda12[4]                                            ; input  ; 2.5 V        ;         ; Column I/O ; N               ; no       ; Off          ;
; F21      ; 390        ; 7        ; Celda5[15]                                            ; input  ; 2.5 V        ;         ; Column I/O ; N               ; no       ; Off          ;
; F22      ; 360        ; 7        ; CeldaD[1]                                             ; input  ; 2.5 V        ;         ; Column I/O ; N               ; no       ; Off          ;
; F23      ; 355        ; 7        ; Celda7[12]                                            ; input  ; 2.5 V        ;         ; Column I/O ; N               ; no       ; Off          ;
; F24      ; 347        ; 7        ; Celda5[16]                                            ; input  ; 2.5 V        ;         ; Column I/O ; N               ; no       ; Off          ;
; F25      ; 344        ; 7        ; Celda11[23]                                           ; input  ; 2.5 V        ;         ; Column I/O ; N               ; no       ; Off          ;
; F26      ; 342        ; 6        ; CeldaD[11]                                            ; input  ; 2.5 V        ;         ; Row I/O    ; N               ; no       ; Off          ;
; F27      ; 341        ; 6        ; Celda7[1]                                             ; input  ; 2.5 V        ;         ; Row I/O    ; N               ; no       ; Off          ;
; F28      ; 336        ; 6        ; RESERVED_INPUT_WITH_WEAK_PULLUP                       ;        ;              ;         ; Row I/O    ;                 ; no       ; On           ;
; F29      ; 335        ; 6        ; Celda15[18]                                           ; input  ; 2.5 V        ;         ; Row I/O    ; N               ; no       ; Off          ;
; F30      ; 317        ; 6        ; Celda6[8]                                             ; input  ; 2.5 V        ;         ; Row I/O    ; N               ; no       ; Off          ;
; G1       ;            ;          ; GND                                                   ; gnd    ;              ;         ; --         ;                 ; --       ; --           ;
; G2       ;            ;          ; GND                                                   ; gnd    ;              ;         ; --         ;                 ; --       ; --           ;
; G3       ;            ;          ; GND                                                   ; gnd    ;              ;         ; --         ;                 ; --       ; --           ;
; G4       ;            ;          ; GND                                                   ; gnd    ;              ;         ; --         ;                 ; --       ; --           ;
; G5       ;            ;          ; GND                                                   ; gnd    ;              ;         ; --         ;                 ; --       ; --           ;
; G6       ; 500        ; 8        ; Celda7[9]                                             ; input  ; 2.5 V        ;         ; Column I/O ; N               ; no       ; Off          ;
; G7       ; 502        ; 8        ; Celda11[15]                                           ; input  ; 2.5 V        ;         ; Column I/O ; N               ; no       ; Off          ;
; G8       ; 504        ; 8        ; RESERVED_INPUT_WITH_WEAK_PULLUP                       ;        ;              ;         ; Column I/O ;                 ; no       ; On           ;
; G9       ; 511        ; 9        ; ~ALTERA_ASDO_DATA1~ / RESERVED_INPUT_WITH_WEAK_PULLUP ; input  ; 2.5 V        ;         ; Column I/O ; N               ; no       ; On           ;
; G10      ; 480        ; 8        ; CeldaA[17]                                            ; input  ; 2.5 V        ;         ; Column I/O ; N               ; no       ; Off          ;
; G11      ; 464        ; 8        ; Celda10[12]                                           ; input  ; 2.5 V        ;         ; Column I/O ; N               ; no       ; Off          ;
; G12      ; 453        ; 8        ; CeldaB[14]                                            ; input  ; 2.5 V        ;         ; Column I/O ; N               ; no       ; Off          ;
; G13      ; 429        ; 8        ; Celda16[12]                                           ; input  ; 2.5 V        ;         ; Column I/O ; N               ; no       ; Off          ;
; G14      ; 430        ; 8        ; Celda16[2]                                            ; input  ; 2.5 V        ;         ; Column I/O ; N               ; no       ; Off          ;
; G15      ; 426        ; 8        ; Celda9[4]                                             ; input  ; 2.5 V        ;         ; Column I/O ; N               ; no       ; Off          ;
; G16      ; 409        ; 7        ; Celda7[23]                                            ; input  ; 2.5 V        ;         ; Column I/O ; N               ; no       ; Off          ;
; G17      ; 396        ; 7        ; CeldaC[4]                                             ; input  ; 2.5 V        ;         ; Column I/O ; N               ; no       ; Off          ;
; G18      ; 411        ; 7        ; RESERVED_INPUT_WITH_WEAK_PULLUP                       ;        ;              ;         ; Column I/O ;                 ; no       ; On           ;
; G19      ;            ; 7        ; VCCIO7                                                ; power  ;              ; 2.5V    ; --         ;                 ; --       ; --           ;
; G20      ; 379        ; 7        ; Celda9[21]                                            ; input  ; 2.5 V        ;         ; Column I/O ; N               ; no       ; Off          ;
; G21      ; 359        ; 7        ; Celda5[12]                                            ; input  ; 2.5 V        ;         ; Column I/O ; N               ; no       ; Off          ;
; G22      ; 361        ; 7        ; CeldaB[11]                                            ; input  ; 2.5 V        ;         ; Column I/O ; N               ; no       ; Off          ;
; G23      ; 356        ; 7        ; CeldaD[7]                                             ; input  ; 2.5 V        ;         ; Column I/O ; N               ; no       ; Off          ;
; G24      ; 351        ; 7        ; Celda10[22]                                           ; input  ; 2.5 V        ;         ; Column I/O ; N               ; no       ; Off          ;
; G25      ; 343        ; 7        ; Celda11[12]                                           ; input  ; 2.5 V        ;         ; Column I/O ; N               ; no       ; Off          ;
; G26      ; 340        ; 6        ; RESERVED_INPUT_WITH_WEAK_PULLUP                       ;        ;              ;         ; Row I/O    ;                 ; no       ; On           ;
; G27      ; 339        ; 6        ; RESERVED_INPUT_WITH_WEAK_PULLUP                       ;        ;              ;         ; Row I/O    ;                 ; no       ; On           ;
; G28      ; 319        ; 6        ; CeldaB[23]                                            ; input  ; 2.5 V        ;         ; Row I/O    ; N               ; no       ; Off          ;
; G29      ; 318        ; 6        ; CeldaC[18]                                            ; input  ; 2.5 V        ;         ; Row I/O    ; N               ; no       ; Off          ;
; G30      ; 303        ; 6        ; RESERVED_INPUT_WITH_WEAK_PULLUP                       ;        ;              ;         ; Row I/O    ;                 ; no       ; On           ;
; H1       ;            ;          ; GND                                                   ; gnd    ;              ;         ; --         ;                 ; --       ; --           ;
; H2       ;            ;          ; GND                                                   ; gnd    ;              ;         ; --         ;                 ; --       ; --           ;
; H3       ; 1          ; QL1      ; GXB_NC                                                ;        ;              ;         ; --         ;                 ; --       ; --           ;
; H4       ; 0          ; QL1      ; GXB_NC                                                ;        ;              ;         ; --         ;                 ; --       ; --           ;
; H5       ;            ;          ; GND                                                   ; gnd    ;              ;         ; --         ;                 ; --       ; --           ;
; H6       ;            ;          ; GND                                                   ; gnd    ;              ;         ; --         ;                 ; --       ; --           ;
; H7       ;            ; 9        ; VCCIO9                                                ; power  ;              ; 2.5V    ; --         ;                 ; --       ; --           ;
; H8       ;            ;          ; GND                                                   ; gnd    ;              ;         ; --         ;                 ; --       ; --           ;
; H9       ; 496        ; 8        ; Celda14[20]                                           ; input  ; 2.5 V        ;         ; Column I/O ; N               ; no       ; Off          ;
; H10      ;            ; 8        ; VCCIO8                                                ; power  ;              ; 2.5V    ; --         ;                 ; --       ; --           ;
; H11      ;            ;          ; GND                                                   ; gnd    ;              ;         ; --         ;                 ; --       ; --           ;
; H12      ;            ; 8        ; VCCIO8                                                ; power  ;              ; 2.5V    ; --         ;                 ; --       ; --           ;
; H13      ;            ; 8        ; VCCIO8                                                ; power  ;              ; 2.5V    ; --         ;                 ; --       ; --           ;
; H14      ;            ;          ; GND                                                   ; gnd    ;              ;         ; --         ;                 ; --       ; --           ;
; H15      ;            ; 8        ; VCCIO8                                                ; power  ;              ; 2.5V    ; --         ;                 ; --       ; --           ;
; H16      ;            ; 8        ; VCCIO8                                                ; power  ;              ; 2.5V    ; --         ;                 ; --       ; --           ;
; H17      ;            ;          ; GND                                                   ; gnd    ;              ;         ; --         ;                 ; --       ; --           ;
; H18      ;            ; 7        ; VCCIO7                                                ; power  ;              ; 2.5V    ; --         ;                 ; --       ; --           ;
; H19      ;            ; 7        ; VCCIO7                                                ; power  ;              ; 2.5V    ; --         ;                 ; --       ; --           ;
; H20      ;            ;          ; GND                                                   ; gnd    ;              ;         ; --         ;                 ; --       ; --           ;
; H21      ;            ; 7        ; VCCIO7                                                ; power  ;              ; 2.5V    ; --         ;                 ; --       ; --           ;
; H22      ;            ; 7        ; VCCIO7                                                ; power  ;              ; 2.5V    ; --         ;                 ; --       ; --           ;
; H23      ;            ;          ; GND                                                   ; gnd    ;              ;         ; --         ;                 ; --       ; --           ;
; H24      ; 352        ; 7        ; CeldaD[15]                                            ; input  ; 2.5 V        ;         ; Column I/O ; N               ; no       ; Off          ;
; H25      ; 331        ; 6        ; Celda13[16]                                           ; input  ; 2.5 V        ;         ; Row I/O    ; N               ; no       ; Off          ;
; H26      ;            ;          ; GND                                                   ; gnd    ;              ;         ; --         ;                 ; --       ; --           ;
; H27      ; 333        ; 6        ; Celda9[1]                                             ; input  ; 2.5 V        ;         ; Row I/O    ; N               ; no       ; Off          ;
; H28      ; 326        ; 6        ; RESERVED_INPUT_WITH_WEAK_PULLUP                       ;        ;              ;         ; Row I/O    ;                 ; no       ; On           ;
; H29      ;            ;          ; GND                                                   ; gnd    ;              ;         ; --         ;                 ; --       ; --           ;
; H30      ; 304        ; 6        ; Celda7[18]                                            ; input  ; 2.5 V        ;         ; Row I/O    ; N               ; no       ; Off          ;
; J1       ; 3          ; QL1      ; GXB_GND*                                              ;        ;              ;         ; --         ;                 ; --       ; --           ;
; J2       ; 2          ; QL1      ; GXB_GND*                                              ;        ;              ;         ; --         ;                 ; --       ; --           ;
; J3       ;            ;          ; GND                                                   ; gnd    ;              ;         ; --         ;                 ; --       ; --           ;
; J4       ;            ;          ; GND                                                   ; gnd    ;              ;         ; --         ;                 ; --       ; --           ;
; J5       ;            ;          ; GND                                                   ; gnd    ;              ;         ; --         ;                 ; --       ; --           ;
; J6       ;            ; --       ; VCCA                                                  ; power  ;              ; 2.5V    ; --         ;                 ; --       ; --           ;
; J7       ;            ;          ; GND                                                   ; gnd    ;              ;         ; --         ;                 ; --       ; --           ;
; J8       ;            ;          ; GND                                                   ; gnd    ;              ;         ; --         ;                 ; --       ; --           ;
; J9       ; 497        ; 8        ; Celda16[0]                                            ; input  ; 2.5 V        ;         ; Column I/O ; N               ; no       ; Off          ;
; J10      ;            ; 8        ; VCCIO8                                                ; power  ;              ; 2.5V    ; --         ;                 ; --       ; --           ;
; J11      ;            ; 8        ; VCCIO8                                                ; power  ;              ; 2.5V    ; --         ;                 ; --       ; --           ;
; J12      ;            ; 8        ; VCCIO8                                                ; power  ;              ; 2.5V    ; --         ;                 ; --       ; --           ;
; J13      ;            ; 8        ; VCCIO8                                                ; power  ;              ; 2.5V    ; --         ;                 ; --       ; --           ;
; J14      ;            ; 8        ; VCCIO8                                                ; power  ;              ; 2.5V    ; --         ;                 ; --       ; --           ;
; J15      ;            ; 8        ; VCCIO8                                                ; power  ;              ; 2.5V    ; --         ;                 ; --       ; --           ;
; J16      ;            ; 8        ; VCCIO8                                                ; power  ;              ; 2.5V    ; --         ;                 ; --       ; --           ;
; J17      ;            ; 7        ; VCCIO7                                                ; power  ;              ; 2.5V    ; --         ;                 ; --       ; --           ;
; J18      ;            ; 7        ; VCCIO7                                                ; power  ;              ; 2.5V    ; --         ;                 ; --       ; --           ;
; J19      ;            ; 7        ; VCCIO7                                                ; power  ;              ; 2.5V    ; --         ;                 ; --       ; --           ;
; J20      ;            ; 7        ; VCCIO7                                                ; power  ;              ; 2.5V    ; --         ;                 ; --       ; --           ;
; J21      ;            ; 7        ; VCCIO7                                                ; power  ;              ; 2.5V    ; --         ;                 ; --       ; --           ;
; J22      ;            ; 7        ; VCCIO7                                                ; power  ;              ; 2.5V    ; --         ;                 ; --       ; --           ;
; J23      ;            ;          ; VCCD_PLL                                              ; power  ;              ; 1.2V    ; --         ;                 ; --       ; --           ;
; J24      ;            ;          ; GND                                                   ; gnd    ;              ;         ; --         ;                 ; --       ; --           ;
; J25      ; 332        ; 6        ; RESERVED_INPUT_WITH_WEAK_PULLUP                       ;        ;              ;         ; Row I/O    ;                 ; no       ; On           ;
; J26      ; 322        ; 6        ; Celda10[15]                                           ; input  ; 2.5 V        ;         ; Row I/O    ; N               ; no       ; Off          ;
; J27      ; 334        ; 6        ; RESERVED_INPUT_WITH_WEAK_PULLUP                       ;        ;              ;         ; Row I/O    ;                 ; no       ; On           ;
; J28      ; 327        ; 6        ; RESERVED_INPUT_WITH_WEAK_PULLUP                       ;        ;              ;         ; Row I/O    ;                 ; no       ; On           ;
; J29      ; 306        ; 6        ; Celda5[10]                                            ; input  ; 2.5 V        ;         ; Row I/O    ; N               ; no       ; Off          ;
; J30      ; 305        ; 6        ; Celda7[20]                                            ; input  ; 2.5 V        ;         ; Row I/O    ; N               ; no       ; Off          ;
; K1       ;            ;          ; GND                                                   ; gnd    ;              ;         ; --         ;                 ; --       ; --           ;
; K2       ;            ;          ; GND                                                   ; gnd    ;              ;         ; --         ;                 ; --       ; --           ;
; K3       ; 5          ; QL1      ; GXB_NC                                                ;        ;              ;         ; --         ;                 ; --       ; --           ;
; K4       ; 4          ; QL1      ; GXB_NC                                                ;        ;              ;         ; --         ;                 ; --       ; --           ;
; K5       ;            ; --       ; VCCL_GXB                                              ; power  ;              ; 1.2V    ; --         ;                 ; --       ; --           ;
; K6       ;            ;          ; VCCD_PLL                                              ; power  ;              ; 1.2V    ; --         ;                 ; --       ; --           ;
; K7       ;            ;          ; GND                                                   ; gnd    ;              ;         ; --         ;                 ; --       ; --           ;
; K8       ;            ;          ; GND                                                   ; gnd    ;              ;         ; --         ;                 ; --       ; --           ;
; K9       ;            ;          ; VCCINT                                                ; power  ;              ; 1.2V    ; --         ;                 ; --       ; --           ;
; K10      ;            ; 8B       ; VCC_CLKIN8B                                           ; power  ;              ; 2.5V    ; --         ;                 ; --       ; --           ;
; K11      ; 506        ; 8B       ; GXB_GND*                                              ;        ;              ;         ; Column I/O ;                 ; --       ; --           ;
; K12      ;            ;          ; GND                                                   ; gnd    ;              ;         ; --         ;                 ; --       ; --           ;
; K13      ;            ;          ; VCCINT                                                ; power  ;              ; 1.2V    ; --         ;                 ; --       ; --           ;
; K14      ;            ;          ; GND                                                   ; gnd    ;              ;         ; --         ;                 ; --       ; --           ;
; K15      ; 423        ; 8A       ; GXB_GND*                                              ;        ;              ;         ; Column I/O ;                 ; --       ; --           ;
; K16      ;            ; 8A       ; VCC_CLKIN8A                                           ; power  ;              ; 2.5V    ; --         ;                 ; --       ; --           ;
; K17      ; 420        ; 7        ; Celda9[0]                                             ; input  ; 2.5 V        ;         ; Column I/O ; N               ; no       ; Off          ;
; K18      ; 416        ; 7        ; CeldaD[6]                                             ; input  ; 2.5 V        ;         ; Column I/O ; N               ; no       ; Off          ;
; K19      ; 417        ; 7        ; Celda13[22]                                           ; input  ; 2.5 V        ;         ; Column I/O ; N               ; no       ; Off          ;
; K20      ;            ;          ; GND                                                   ; gnd    ;              ;         ; --         ;                 ; --       ; --           ;
; K21      ; 354        ; 7        ; Celda10[6]                                            ; input  ; 2.5 V        ;         ; Column I/O ; N               ; no       ; Off          ;
; K22      ; 353        ; 7        ; CeldaA[0]                                             ; input  ; 2.5 V        ;         ; Column I/O ; N               ; no       ; Off          ;
; K23      ;            ; --       ; VCCA                                                  ; power  ;              ; 2.5V    ; --         ;                 ; --       ; --           ;
; K24      ; 330        ; 6        ; Celda7[3]                                             ; input  ; 2.5 V        ;         ; Row I/O    ; N               ; no       ; Off          ;
; K25      ; 323        ; 6        ; RESERVED_INPUT_WITH_WEAK_PULLUP                       ;        ;              ;         ; Row I/O    ;                 ; no       ; On           ;
; K26      ; 321        ; 6        ; RESERVED_INPUT_WITH_WEAK_PULLUP                       ;        ;              ;         ; Row I/O    ;                 ; no       ; On           ;
; K27      ; 320        ; 6        ; Celda7[11]                                            ; input  ; 2.5 V        ;         ; Row I/O    ; N               ; no       ; Off          ;
; K28      ; 308        ; 6        ; Celda8[8]                                             ; input  ; 2.5 V        ;         ; Row I/O    ; N               ; no       ; Off          ;
; K29      ; 307        ; 6        ; CeldaD[16]                                            ; input  ; 2.5 V        ;         ; Row I/O    ; N               ; no       ; Off          ;
; K30      ; 301        ; 6        ; Celda13[2]                                            ; input  ; 2.5 V        ;         ; Row I/O    ; N               ; no       ; Off          ;
; L1       ; 7          ; QL1      ; GXB_GND*                                              ;        ;              ;         ; --         ;                 ; --       ; --           ;
; L2       ; 6          ; QL1      ; GXB_GND*                                              ;        ;              ;         ; --         ;                 ; --       ; --           ;
; L3       ;            ;          ; GND                                                   ; gnd    ;              ;         ; --         ;                 ; --       ; --           ;
; L4       ;            ;          ; GND                                                   ; gnd    ;              ;         ; --         ;                 ; --       ; --           ;
; L5       ;            ;          ; GND                                                   ; gnd    ;              ;         ; --         ;                 ; --       ; --           ;
; L6       ;            ; --       ; VCCH_GXB                                              ; power  ;              ; 2.5V    ; --         ;                 ; --       ; --           ;
; L7       ;            ;          ; GND                                                   ; gnd    ;              ;         ; --         ;                 ; --       ; --           ;
; L8       ;            ; --       ; VCCA                                                  ; power  ;              ; 2.5V    ; --         ;                 ; --       ; --           ;
; L9       ;            ;          ; GND                                                   ; gnd    ;              ;         ; --         ;                 ; --       ; --           ;
; L10      ; 508        ; 8B       ; GXB_GND*                                              ;        ;              ;         ; Column I/O ;                 ; --       ; --           ;
; L11      ; 507        ; 8B       ; GXB_GND*                                              ;        ;              ;         ; Column I/O ;                 ; --       ; --           ;
; L12      ;            ;          ; VCCINT                                                ; power  ;              ; 1.2V    ; --         ;                 ; --       ; --           ;
; L13      ;            ;          ; GND                                                   ; gnd    ;              ;         ; --         ;                 ; --       ; --           ;
; L14      ;            ;          ; VCCINT                                                ; power  ;              ; 1.2V    ; --         ;                 ; --       ; --           ;
; L15      ; 424        ; 8A       ; GXB_GND*                                              ;        ;              ;         ; Column I/O ;                 ; --       ; --           ;
; L16      ;            ;          ; VCCINT                                                ; power  ;              ; 1.2V    ; --         ;                 ; --       ; --           ;
; L17      ;            ;          ; GND                                                   ; gnd    ;              ;         ; --         ;                 ; --       ; --           ;
; L18      ;            ;          ; VCCINT                                                ; power  ;              ; 1.2V    ; --         ;                 ; --       ; --           ;
; L19      ;            ;          ; GND                                                   ; gnd    ;              ;         ; --         ;                 ; --       ; --           ;
; L20      ;            ;          ; VCCINT                                                ; power  ;              ; 1.2V    ; --         ;                 ; --       ; --           ;
; L21      ;            ;          ; GND                                                   ; gnd    ;              ;         ; --         ;                 ; --       ; --           ;
; L22      ;            ; 6        ; VCCIO6                                                ; power  ;              ; 2.5V    ; --         ;                 ; --       ; --           ;
; L23      ;            ;          ; GND                                                   ; gnd    ;              ;         ; --         ;                 ; --       ; --           ;
; L24      ;            ; 6        ; VCCIO6                                                ; power  ;              ; 2.5V    ; --         ;                 ; --       ; --           ;
; L25      ; 315        ; 6        ; Celda13[5]                                            ; input  ; 2.5 V        ;         ; Row I/O    ; N               ; no       ; Off          ;
; L26      ;            ;          ; GND                                                   ; gnd    ;              ;         ; --         ;                 ; --       ; --           ;
; L27      ; 312        ; 6        ; Celda6[5]                                             ; input  ; 2.5 V        ;         ; Row I/O    ; N               ; no       ; Off          ;
; L28      ; 311        ; 6        ; RESERVED_INPUT_WITH_WEAK_PULLUP                       ;        ;              ;         ; Row I/O    ;                 ; no       ; On           ;
; L29      ;            ;          ; GND                                                   ; gnd    ;              ;         ; --         ;                 ; --       ; --           ;
; L30      ; 302        ; 6        ; RESERVED_INPUT_WITH_WEAK_PULLUP                       ;        ;              ;         ; Row I/O    ;                 ; no       ; On           ;
; M1       ;            ;          ; GND                                                   ; gnd    ;              ;         ; --         ;                 ; --       ; --           ;
; M2       ;            ;          ; GND                                                   ; gnd    ;              ;         ; --         ;                 ; --       ; --           ;
; M3       ; 9          ; QL1      ; GXB_NC                                                ;        ;              ;         ; --         ;                 ; --       ; --           ;
; M4       ; 8          ; QL1      ; GXB_NC                                                ;        ;              ;         ; --         ;                 ; --       ; --           ;
; M5       ;            ; --       ; VCCL_GXB                                              ; power  ;              ; 1.2V    ; --         ;                 ; --       ; --           ;
; M6       ;            ;          ; GND                                                   ; gnd    ;              ;         ; --         ;                 ; --       ; --           ;
; M7       ;            ; --       ; VCCA_GXB                                              ; power  ;              ; 2.5V    ; --         ;                 ; --       ; --           ;
; M8       ;            ;          ; VCCD_PLL                                              ; power  ;              ; 1.2V    ; --         ;                 ; --       ; --           ;
; M9       ;            ;          ; VCCINT                                                ; power  ;              ; 1.2V    ; --         ;                 ; --       ; --           ;
; M10      ; 509        ; 8B       ; GXB_GND*                                              ;        ;              ;         ; Column I/O ;                 ; --       ; --           ;
; M11      ;            ;          ; VCCINT                                                ; power  ;              ; 1.2V    ; --         ;                 ; --       ; --           ;
; M12      ;            ;          ; GND                                                   ; gnd    ;              ;         ; --         ;                 ; --       ; --           ;
; M13      ;            ;          ; VCCINT                                                ; power  ;              ; 1.2V    ; --         ;                 ; --       ; --           ;
; M14      ;            ;          ; GND                                                   ; gnd    ;              ;         ; --         ;                 ; --       ; --           ;
; M15      ;            ;          ; VCCINT                                                ; power  ;              ; 1.2V    ; --         ;                 ; --       ; --           ;
; M16      ;            ;          ; GND                                                   ; gnd    ;              ;         ; --         ;                 ; --       ; --           ;
; M17      ;            ;          ; VCCINT                                                ; power  ;              ; 1.2V    ; --         ;                 ; --       ; --           ;
; M18      ;            ;          ; GND                                                   ; gnd    ;              ;         ; --         ;                 ; --       ; --           ;
; M19      ;            ;          ; VCCINT                                                ; power  ;              ; 1.2V    ; --         ;                 ; --       ; --           ;
; M20      ;            ;          ; GND                                                   ; gnd    ;              ;         ; --         ;                 ; --       ; --           ;
; M21      ; 314        ; 6        ; RESERVED_INPUT_WITH_WEAK_PULLUP                       ;        ;              ;         ; Row I/O    ;                 ; no       ; On           ;
; M22      ; 313        ; 6        ; RESERVED_INPUT_WITH_WEAK_PULLUP                       ;        ;              ;         ; Row I/O    ;                 ; no       ; On           ;
; M23      ;            ; 6        ; VCCIO6                                                ; power  ;              ; 2.5V    ; --         ;                 ; --       ; --           ;
; M24      ;            ; 6        ; VCCIO6                                                ; power  ;              ; 2.5V    ; --         ;                 ; --       ; --           ;
; M25      ; 297        ; 6        ; Celda15[7]                                            ; input  ; 2.5 V        ;         ; Row I/O    ; N               ; no       ; Off          ;
; M26      ; 293        ; 6        ; RESERVED_INPUT_WITH_WEAK_PULLUP                       ;        ;              ;         ; Row I/O    ;                 ; no       ; On           ;
; M27      ; 300        ; 6        ; RESERVED_INPUT_WITH_WEAK_PULLUP                       ;        ;              ;         ; Row I/O    ;                 ; no       ; On           ;
; M28      ; 299        ; 6        ; Celda15[1]                                            ; input  ; 2.5 V        ;         ; Row I/O    ; N               ; no       ; Off          ;
; M29      ; 296        ; 6        ; CeldaD[3]                                             ; input  ; 2.5 V        ;         ; Row I/O    ; N               ; no       ; Off          ;
; M30      ; 295        ; 6        ; RESERVED_INPUT_WITH_WEAK_PULLUP                       ;        ;              ;         ; Row I/O    ;                 ; no       ; On           ;
; N1       ; 11         ; QL1      ; GXB_GND*                                              ;        ;              ;         ; --         ;                 ; --       ; --           ;
; N2       ; 10         ; QL1      ; GXB_GND*                                              ;        ;              ;         ; --         ;                 ; --       ; --           ;
; N3       ;            ;          ; GND                                                   ; gnd    ;              ;         ; --         ;                 ; --       ; --           ;
; N4       ;            ;          ; GND                                                   ; gnd    ;              ;         ; --         ;                 ; --       ; --           ;
; N5       ;            ; --       ; VCCH_GXB                                              ; power  ;              ; 2.5V    ; --         ;                 ; --       ; --           ;
; N6       ;            ;          ; GND                                                   ; gnd    ;              ;         ; --         ;                 ; --       ; --           ;
; N7       ;            ; --       ; VCCL_GXB                                              ; power  ;              ; 1.2V    ; --         ;                 ; --       ; --           ;
; N8       ;            ;          ; VCCINT                                                ; power  ;              ; 1.2V    ; --         ;                 ; --       ; --           ;
; N9       ;            ;          ; GND                                                   ; gnd    ;              ;         ; --         ;                 ; --       ; --           ;
; N10      ;            ;          ; VCCINT                                                ; power  ;              ; 1.2V    ; --         ;                 ; --       ; --           ;
; N11      ;            ;          ; GND                                                   ; gnd    ;              ;         ; --         ;                 ; --       ; --           ;
; N12      ;            ;          ; VCCINT                                                ; power  ;              ; 1.2V    ; --         ;                 ; --       ; --           ;
; N13      ;            ;          ; GND                                                   ; gnd    ;              ;         ; --         ;                 ; --       ; --           ;
; N14      ;            ;          ; VCCINT                                                ; power  ;              ; 1.2V    ; --         ;                 ; --       ; --           ;
; N15      ;            ;          ; GND                                                   ; gnd    ;              ;         ; --         ;                 ; --       ; --           ;
; N16      ;            ;          ; VCCINT                                                ; power  ;              ; 1.2V    ; --         ;                 ; --       ; --           ;
; N17      ;            ;          ; GND                                                   ; gnd    ;              ;         ; --         ;                 ; --       ; --           ;
; N18      ;            ;          ; VCCINT                                                ; power  ;              ; 1.2V    ; --         ;                 ; --       ; --           ;
; N19      ;            ;          ; GND                                                   ; gnd    ;              ;         ; --         ;                 ; --       ; --           ;
; N20      ;            ;          ; VCCINT                                                ; power  ;              ; 1.2V    ; --         ;                 ; --       ; --           ;
; N21      ; 309        ; 6        ; Celda5[18]                                            ; input  ; 2.5 V        ;         ; Row I/O    ; N               ; no       ; Off          ;
; N22      ;            ; 6        ; VCCIO6                                                ; power  ;              ; 2.5V    ; --         ;                 ; --       ; --           ;
; N23      ;            ; 6        ; VCCIO6                                                ; power  ;              ; 2.5V    ; --         ;                 ; --       ; --           ;
; N24      ; 298        ; 6        ; CeldaA[3]                                             ; input  ; 2.5 V        ;         ; Row I/O    ; N               ; no       ; Off          ;
; N25      ; 294        ; 6        ; Celda10[9]                                            ; input  ; 2.5 V        ;         ; Row I/O    ; N               ; no       ; Off          ;
; N26      ; 286        ; 6        ; Celda11[19]                                           ; input  ; 2.5 V        ;         ; Row I/O    ; N               ; no       ; Off          ;
; N27      ; 292        ; 6        ; CeldaB[0]                                             ; input  ; 2.5 V        ;         ; Row I/O    ; N               ; no       ; Off          ;
; N28      ; 291        ; 6        ; RESERVED_INPUT_WITH_WEAK_PULLUP                       ;        ;              ;         ; Row I/O    ;                 ; no       ; On           ;
; N29      ; 288        ; 6        ; Celda13[18]                                           ; input  ; 2.5 V        ;         ; Row I/O    ; N               ; no       ; Off          ;
; N30      ; 287        ; 6        ; RESERVED_INPUT_WITH_WEAK_PULLUP                       ;        ;              ;         ; Row I/O    ;                 ; no       ; On           ;
; P1       ;            ;          ; GND                                                   ; gnd    ;              ;         ; --         ;                 ; --       ; --           ;
; P2       ;            ;          ; GND                                                   ; gnd    ;              ;         ; --         ;                 ; --       ; --           ;
; P3       ; 13         ; QL1      ; GXB_NC                                                ;        ;              ;         ; --         ;                 ; --       ; --           ;
; P4       ; 12         ; QL1      ; GXB_NC                                                ;        ;              ;         ; --         ;                 ; --       ; --           ;
; P5       ;            ;          ; GND                                                   ; gnd    ;              ;         ; --         ;                 ; --       ; --           ;
; P6       ;            ; --       ; VCCL_GXB                                              ; power  ;              ; 1.2V    ; --         ;                 ; --       ; --           ;
; P7       ;            ;          ; VCCD_PLL                                              ; power  ;              ; 1.2V    ; --         ;                 ; --       ; --           ;
; P8       ;            ;          ; GND                                                   ; gnd    ;              ;         ; --         ;                 ; --       ; --           ;
; P9       ;            ;          ; VCCINT                                                ; power  ;              ; 1.2V    ; --         ;                 ; --       ; --           ;
; P10      ;            ;          ; GND                                                   ; gnd    ;              ;         ; --         ;                 ; --       ; --           ;
; P11      ;            ;          ; VCCINT                                                ; power  ;              ; 1.2V    ; --         ;                 ; --       ; --           ;
; P12      ;            ;          ; GND                                                   ; gnd    ;              ;         ; --         ;                 ; --       ; --           ;
; P13      ;            ;          ; VCCINT                                                ; power  ;              ; 1.2V    ; --         ;                 ; --       ; --           ;
; P14      ;            ;          ; GND                                                   ; gnd    ;              ;         ; --         ;                 ; --       ; --           ;
; P15      ;            ;          ; VCCINT                                                ; power  ;              ; 1.2V    ; --         ;                 ; --       ; --           ;
; P16      ;            ;          ; GND                                                   ; gnd    ;              ;         ; --         ;                 ; --       ; --           ;
; P17      ;            ;          ; VCCINT                                                ; power  ;              ; 1.2V    ; --         ;                 ; --       ; --           ;
; P18      ;            ;          ; GND                                                   ; gnd    ;              ;         ; --         ;                 ; --       ; --           ;
; P19      ;            ;          ; VCCINT                                                ; power  ;              ; 1.2V    ; --         ;                 ; --       ; --           ;
; P20      ;            ;          ; GND                                                   ; gnd    ;              ;         ; --         ;                 ; --       ; --           ;
; P21      ; 310        ; 6        ; Celda7[0]                                             ; input  ; 2.5 V        ;         ; Row I/O    ; N               ; no       ; Off          ;
; P22      ;            ; 6        ; VCCIO6                                                ; power  ;              ; 2.5V    ; --         ;                 ; --       ; --           ;
; P23      ;            ;          ; GND                                                   ; gnd    ;              ;         ; --         ;                 ; --       ; --           ;
; P24      ;            ; 6        ; VCCIO6                                                ; power  ;              ; 2.5V    ; --         ;                 ; --       ; --           ;
; P25      ; 289        ; 6        ; RESERVED_INPUT_WITH_WEAK_PULLUP                       ;        ;              ;         ; Row I/O    ;                 ; no       ; On           ;
; P26      ;            ;          ; GND                                                   ; gnd    ;              ;         ; --         ;                 ; --       ; --           ;
; P27      ; 285        ; 6        ; Celda14[11]                                           ; input  ; 2.5 V        ;         ; Row I/O    ; N               ; no       ; Off          ;
; P28      ; 284        ; 6        ; Celda8[13]                                            ; input  ; 2.5 V        ;         ; Row I/O    ; N               ; no       ; Off          ;
; P29      ;            ;          ; GND                                                   ; gnd    ;              ;         ; --         ;                 ; --       ; --           ;
; P30      ; 282        ; 6        ; Celda5[17]                                            ; input  ; 2.5 V        ;         ; Row I/O    ; N               ; no       ; Off          ;
; R1       ; 15         ; QL1      ; GXB_GND*                                              ;        ;              ;         ; --         ;                 ; --       ; --           ;
; R2       ; 14         ; QL1      ; GXB_GND*                                              ;        ;              ;         ; --         ;                 ; --       ; --           ;
; R3       ;            ;          ; GND                                                   ; gnd    ;              ;         ; --         ;                 ; --       ; --           ;
; R4       ;            ;          ; GND                                                   ; gnd    ;              ;         ; --         ;                 ; --       ; --           ;
; R5       ;            ;          ; GND                                                   ; gnd    ;              ;         ; --         ;                 ; --       ; --           ;
; R6       ;            ; --       ; VCCA_GXB                                              ; power  ;              ; 2.5V    ; --         ;                 ; --       ; --           ;
; R7       ;            ;          ; GND                                                   ; gnd    ;              ;         ; --         ;                 ; --       ; --           ;
; R8       ;            ; --       ; VCCA                                                  ; power  ;              ; 2.5V    ; --         ;                 ; --       ; --           ;
; R9       ;            ;          ; GND                                                   ; gnd    ;              ;         ; --         ;                 ; --       ; --           ;
; R10      ;            ;          ; VCCINT                                                ; power  ;              ; 1.2V    ; --         ;                 ; --       ; --           ;
; R11      ;            ;          ; GND                                                   ; gnd    ;              ;         ; --         ;                 ; --       ; --           ;
; R12      ;            ;          ; VCCINT                                                ; power  ;              ; 1.2V    ; --         ;                 ; --       ; --           ;
; R13      ;            ;          ; GND                                                   ; gnd    ;              ;         ; --         ;                 ; --       ; --           ;
; R14      ;            ;          ; VCCINT                                                ; power  ;              ; 1.2V    ; --         ;                 ; --       ; --           ;
; R15      ;            ;          ; GND                                                   ; gnd    ;              ;         ; --         ;                 ; --       ; --           ;
; R16      ;            ;          ; VCCINT                                                ; power  ;              ; 1.2V    ; --         ;                 ; --       ; --           ;
; R17      ;            ;          ; GND                                                   ; gnd    ;              ;         ; --         ;                 ; --       ; --           ;
; R18      ;            ;          ; VCCINT                                                ; power  ;              ; 1.2V    ; --         ;                 ; --       ; --           ;
; R19      ;            ;          ; GND                                                   ; gnd    ;              ;         ; --         ;                 ; --       ; --           ;
; R20      ;            ;          ; VCCINT                                                ; power  ;              ; 1.2V    ; --         ;                 ; --       ; --           ;
; R21      ;            ;          ; GND                                                   ; gnd    ;              ;         ; --         ;                 ; --       ; --           ;
; R22      ;            ; 6        ; VCCIO6                                                ; power  ;              ; 2.5V    ; --         ;                 ; --       ; --           ;
; R23      ;            ; 6        ; VCCIO6                                                ; power  ;              ; 2.5V    ; --         ;                 ; --       ; --           ;
; R24      ; 290        ; 6        ; Celda6[18]                                            ; input  ; 2.5 V        ;         ; Row I/O    ; N               ; no       ; Off          ;
; R25      ; 279        ; 6        ; Celda9[11]                                            ; input  ; 2.5 V        ;         ; Row I/O    ; N               ; no       ; Off          ;
; R26      ; 278        ; 6        ; Celda9[18]                                            ; input  ; 2.5 V        ;         ; Row I/O    ; N               ; no       ; Off          ;
; R27      ; 281        ; 6        ; CeldaA[20]                                            ; input  ; 2.5 V        ;         ; Row I/O    ; N               ; no       ; Off          ;
; R28      ; 280        ; 6        ; CeldaC[14]                                            ; input  ; 2.5 V        ;         ; Row I/O    ; N               ; no       ; Off          ;
; R29      ; 276        ; 6        ; Celda7[14]                                            ; input  ; 2.5 V        ;         ; Row I/O    ; N               ; no       ; Off          ;
; R30      ; 283        ; 6        ; Celda11[16]                                           ; input  ; 2.5 V        ;         ; Row I/O    ; N               ; no       ; Off          ;
; T1       ;            ;          ; GND                                                   ; gnd    ;              ;         ; --         ;                 ; --       ; --           ;
; T2       ;            ;          ; GND                                                   ; gnd    ;              ;         ; --         ;                 ; --       ; --           ;
; T3       ; 17         ; QL0      ; GXB_NC                                                ;        ;              ;         ; --         ;                 ; --       ; --           ;
; T4       ; 16         ; QL0      ; GXB_NC                                                ;        ;              ;         ; --         ;                 ; --       ; --           ;
; T5       ;            ;          ; GND                                                   ; gnd    ;              ;         ; --         ;                 ; --       ; --           ;
; T6       ;            ; --       ; VCCL_GXB                                              ; power  ;              ; 1.2V    ; --         ;                 ; --       ; --           ;
; T7       ;            ;          ; GND                                                   ; gnd    ;              ;         ; --         ;                 ; --       ; --           ;
; T8       ;            ; --       ; VCCA                                                  ; power  ;              ; 2.5V    ; --         ;                 ; --       ; --           ;
; T9       ;            ;          ; VCCINT                                                ; power  ;              ; 1.2V    ; --         ;                 ; --       ; --           ;
; T10      ;            ;          ; GND                                                   ; gnd    ;              ;         ; --         ;                 ; --       ; --           ;
; T11      ;            ;          ; VCCINT                                                ; power  ;              ; 1.2V    ; --         ;                 ; --       ; --           ;
; T12      ;            ;          ; GND                                                   ; gnd    ;              ;         ; --         ;                 ; --       ; --           ;
; T13      ;            ;          ; VCCINT                                                ; power  ;              ; 1.2V    ; --         ;                 ; --       ; --           ;
; T14      ;            ;          ; GND                                                   ; gnd    ;              ;         ; --         ;                 ; --       ; --           ;
; T15      ;            ;          ; VCCINT                                                ; power  ;              ; 1.2V    ; --         ;                 ; --       ; --           ;
; T16      ;            ;          ; GND                                                   ; gnd    ;              ;         ; --         ;                 ; --       ; --           ;
; T17      ;            ;          ; VCCINT                                                ; power  ;              ; 1.2V    ; --         ;                 ; --       ; --           ;
; T18      ;            ;          ; GND                                                   ; gnd    ;              ;         ; --         ;                 ; --       ; --           ;
; T19      ;            ;          ; VCCINT                                                ; power  ;              ; 1.2V    ; --         ;                 ; --       ; --           ;
; T20      ;            ;          ; GND                                                   ; gnd    ;              ;         ; --         ;                 ; --       ; --           ;
; T21      ; 251        ; 5        ; Celda15[12]                                           ; input  ; 2.5 V        ;         ; Row I/O    ; N               ; no       ; Off          ;
; T22      ;            ;          ; GND                                                   ; gnd    ;              ;         ; --         ;                 ; --       ; --           ;
; T23      ; 269        ; 5        ; Celda6[9]                                             ; input  ; 2.5 V        ;         ; Row I/O    ; N               ; no       ; Off          ;
; T24      ; 268        ; 5        ; RESERVED_INPUT_WITH_WEAK_PULLUP                       ;        ;              ;         ; Row I/O    ;                 ; no       ; On           ;
; T25      ; 255        ; 5        ; Celda13[20]                                           ; input  ; 2.5 V        ;         ; Row I/O    ; N               ; no       ; Off          ;
; T26      ; 271        ; 5        ; RESERVED_INPUT_WITH_WEAK_PULLUP                       ;        ;              ;         ; Row I/O    ;                 ; no       ; On           ;
; T27      ; 270        ; 5        ; CeldaB[18]                                            ; input  ; 2.5 V        ;         ; Row I/O    ; N               ; no       ; Off          ;
; T28      ; 277        ; 6        ; Celda8[23]                                            ; input  ; 2.5 V        ;         ; Row I/O    ; N               ; no       ; Off          ;
; T29      ; 275        ; 6        ; GND+                                                  ;        ;              ;         ; Row I/O    ;                 ; --       ; --           ;
; T30      ; 274        ; 6        ; GND+                                                  ;        ;              ;         ; Row I/O    ;                 ; --       ; --           ;
; U1       ; 19         ; QL0      ; GXB_GND*                                              ;        ;              ;         ; --         ;                 ; --       ; --           ;
; U2       ; 18         ; QL0      ; GXB_GND*                                              ;        ;              ;         ; --         ;                 ; --       ; --           ;
; U3       ;            ;          ; GND                                                   ; gnd    ;              ;         ; --         ;                 ; --       ; --           ;
; U4       ;            ;          ; GND                                                   ; gnd    ;              ;         ; --         ;                 ; --       ; --           ;
; U5       ;            ;          ; GND                                                   ; gnd    ;              ;         ; --         ;                 ; --       ; --           ;
; U6       ;            ; --       ; VCCH_GXB                                              ; power  ;              ; 2.5V    ; --         ;                 ; --       ; --           ;
; U7       ;            ;          ; VCCD_PLL                                              ; power  ;              ; 1.2V    ; --         ;                 ; --       ; --           ;
; U8       ;            ;          ; VCCINT                                                ; power  ;              ; 1.2V    ; --         ;                 ; --       ; --           ;
; U9       ;            ;          ; GND                                                   ; gnd    ;              ;         ; --         ;                 ; --       ; --           ;
; U10      ;            ;          ; VCCINT                                                ; power  ;              ; 1.2V    ; --         ;                 ; --       ; --           ;
; U11      ;            ;          ; GND                                                   ; gnd    ;              ;         ; --         ;                 ; --       ; --           ;
; U12      ;            ;          ; VCCINT                                                ; power  ;              ; 1.2V    ; --         ;                 ; --       ; --           ;
; U13      ;            ;          ; GND                                                   ; gnd    ;              ;         ; --         ;                 ; --       ; --           ;
; U14      ;            ;          ; VCCINT                                                ; power  ;              ; 1.2V    ; --         ;                 ; --       ; --           ;
; U15      ;            ;          ; GND                                                   ; gnd    ;              ;         ; --         ;                 ; --       ; --           ;
; U16      ;            ;          ; VCCINT                                                ; power  ;              ; 1.2V    ; --         ;                 ; --       ; --           ;
; U17      ;            ;          ; GND                                                   ; gnd    ;              ;         ; --         ;                 ; --       ; --           ;
; U18      ;            ;          ; VCCINT                                                ; power  ;              ; 1.2V    ; --         ;                 ; --       ; --           ;
; U19      ;            ;          ; GND                                                   ; gnd    ;              ;         ; --         ;                 ; --       ; --           ;
; U20      ;            ;          ; VCCINT                                                ; power  ;              ; 1.2V    ; --         ;                 ; --       ; --           ;
; U21      ; 252        ; 5        ; Celda9[14]                                            ; input  ; 2.5 V        ;         ; Row I/O    ; N               ; no       ; Off          ;
; U22      ;            ; 5        ; VCCIO5                                                ; power  ;              ; 2.5V    ; --         ;                 ; --       ; --           ;
; U23      ;            ;          ; GND                                                   ; gnd    ;              ;         ; --         ;                 ; --       ; --           ;
; U24      ;            ; 5        ; VCCIO5                                                ; power  ;              ; 2.5V    ; --         ;                 ; --       ; --           ;
; U25      ; 256        ; 5        ; CeldaA[1]                                             ; input  ; 2.5 V        ;         ; Row I/O    ; N               ; no       ; Off          ;
; U26      ;            ;          ; GND                                                   ; gnd    ;              ;         ; --         ;                 ; --       ; --           ;
; U27      ; 266        ; 5        ; Celda16[13]                                           ; input  ; 2.5 V        ;         ; Row I/O    ; N               ; no       ; Off          ;
; U28      ; 265        ; 5        ; RESERVED_INPUT_WITH_WEAK_PULLUP                       ;        ;              ;         ; Row I/O    ;                 ; no       ; On           ;
; U29      ;            ;          ; GND                                                   ; gnd    ;              ;         ; --         ;                 ; --       ; --           ;
; U30      ; 267        ; 5        ; RESERVED_INPUT_WITH_WEAK_PULLUP                       ;        ;              ;         ; Row I/O    ;                 ; --       ; --           ;
; V1       ;            ;          ; GND                                                   ; gnd    ;              ;         ; --         ;                 ; --       ; --           ;
; V2       ;            ;          ; GND                                                   ; gnd    ;              ;         ; --         ;                 ; --       ; --           ;
; V3       ; 21         ; QL0      ; GXB_NC                                                ;        ;              ;         ; --         ;                 ; --       ; --           ;
; V4       ; 20         ; QL0      ; GXB_NC                                                ;        ;              ;         ; --         ;                 ; --       ; --           ;
; V5       ;            ; --       ; VCCL_GXB                                              ; power  ;              ; 1.2V    ; --         ;                 ; --       ; --           ;
; V6       ;            ;          ; GND                                                   ; gnd    ;              ;         ; --         ;                 ; --       ; --           ;
; V7       ;            ; --       ; VCCA_GXB                                              ; power  ;              ; 2.5V    ; --         ;                 ; --       ; --           ;
; V8       ;            ;          ; GND                                                   ; gnd    ;              ;         ; --         ;                 ; --       ; --           ;
; V9       ;            ;          ; VCCINT                                                ; power  ;              ; 1.2V    ; --         ;                 ; --       ; --           ;
; V10      ;            ;          ; GND                                                   ; gnd    ;              ;         ; --         ;                 ; --       ; --           ;
; V11      ; 41         ; 3B       ; GXB_GND*                                              ;        ;              ;         ; Column I/O ;                 ; --       ; --           ;
; V12      ; 43         ; 3B       ; ClkMain                                               ; input  ; 2.5 V        ;         ; Column I/O ; N               ; no       ; Off          ;
; V13      ;            ;          ; VCCINT                                                ; power  ;              ; 1.2V    ; --         ;                 ; --       ; --           ;
; V14      ;            ;          ; GND                                                   ; gnd    ;              ;         ; --         ;                 ; --       ; --           ;
; V15      ; 124        ; 3A       ; GXB_GND*                                              ;        ;              ;         ; Column I/O ;                 ; --       ; --           ;
; V16      ;            ;          ; GND                                                   ; gnd    ;              ;         ; --         ;                 ; --       ; --           ;
; V17      ;            ;          ; VCCINT                                                ; power  ;              ; 1.2V    ; --         ;                 ; --       ; --           ;
; V18      ;            ;          ; GND                                                   ; gnd    ;              ;         ; --         ;                 ; --       ; --           ;
; V19      ;            ;          ; VCCINT                                                ; power  ;              ; 1.2V    ; --         ;                 ; --       ; --           ;
; V20      ;            ;          ; GND                                                   ; gnd    ;              ;         ; --         ;                 ; --       ; --           ;
; V21      ; 244        ; 5        ; Celda7[19]                                            ; input  ; 2.5 V        ;         ; Row I/O    ; N               ; no       ; Off          ;
; V22      ;            ; 5        ; VCCIO5                                                ; power  ;              ; 2.5V    ; --         ;                 ; --       ; --           ;
; V23      ;            ; 5        ; VCCIO5                                                ; power  ;              ; 2.5V    ; --         ;                 ; --       ; --           ;
; V24      ;            ;          ; GND                                                   ; gnd    ;              ;         ; --         ;                 ; --       ; --           ;
; V25      ; 254        ; 5        ; Celda7[2]                                             ; input  ; 2.5 V        ;         ; Row I/O    ; N               ; no       ; Off          ;
; V26      ; 253        ; 5        ; CeldaD[22]                                            ; input  ; 2.5 V        ;         ; Row I/O    ; N               ; no       ; Off          ;
; V27      ; 264        ; 5        ; Celda14[3]                                            ; input  ; 2.5 V        ;         ; Row I/O    ; N               ; no       ; Off          ;
; V28      ; 263        ; 5        ; RESERVED_INPUT_WITH_WEAK_PULLUP                       ;        ;              ;         ; Row I/O    ;                 ; no       ; On           ;
; V29      ; 273        ; 5        ; Celda12[10]                                           ; input  ; 2.5 V        ;         ; Row I/O    ; N               ; no       ; Off          ;
; V30      ; 272        ; 5        ; Celda12[11]                                           ; input  ; 2.5 V        ;         ; Row I/O    ; N               ; no       ; Off          ;
; W1       ; 23         ; QL0      ; GXB_GND*                                              ;        ;              ;         ; --         ;                 ; --       ; --           ;
; W2       ; 22         ; QL0      ; GXB_GND*                                              ;        ;              ;         ; --         ;                 ; --       ; --           ;
; W3       ;            ;          ; GND                                                   ; gnd    ;              ;         ; --         ;                 ; --       ; --           ;
; W4       ;            ;          ; GND                                                   ; gnd    ;              ;         ; --         ;                 ; --       ; --           ;
; W5       ;            ;          ; GND                                                   ; gnd    ;              ;         ; --         ;                 ; --       ; --           ;
; W6       ;            ;          ; GND                                                   ; gnd    ;              ;         ; --         ;                 ; --       ; --           ;
; W7       ;            ; --       ; VCCH_GXB                                              ; power  ;              ; 2.5V    ; --         ;                 ; --       ; --           ;
; W8       ;            ;          ; VCCINT                                                ; power  ;              ; 1.2V    ; --         ;                 ; --       ; --           ;
; W9       ;            ;          ; GND                                                   ; gnd    ;              ;         ; --         ;                 ; --       ; --           ;
; W10      ;            ;          ; VCCINT                                                ; power  ;              ; 1.2V    ; --         ;                 ; --       ; --           ;
; W11      ; 42         ; 3B       ; GXB_GND*                                              ;        ;              ;         ; Column I/O ;                 ; --       ; --           ;
; W12      ; 44         ; 3B       ; GXB_GND*                                              ;        ;              ;         ; Column I/O ;                 ; --       ; --           ;
; W13      ;            ;          ; GND                                                   ; gnd    ;              ;         ; --         ;                 ; --       ; --           ;
; W14      ;            ;          ; VCCINT                                                ; power  ;              ; 1.2V    ; --         ;                 ; --       ; --           ;
; W15      ; 125        ; 3A       ; NuevoInput                                            ; input  ; 2.5 V        ;         ; Column I/O ; N               ; no       ; Off          ;
; W16      ;            ; 3A       ; VCC_CLKIN3A                                           ; power  ;              ; 2.5V    ; --         ;                 ; --       ; --           ;
; W17      ;            ;          ; GND                                                   ; gnd    ;              ;         ; --         ;                 ; --       ; --           ;
; W18      ;            ;          ; VCCINT                                                ; power  ;              ; 1.2V    ; --         ;                 ; --       ; --           ;
; W19      ;            ;          ; GND                                                   ; gnd    ;              ;         ; --         ;                 ; --       ; --           ;
; W20      ;            ;          ; VCCINT                                                ; power  ;              ; 1.2V    ; --         ;                 ; --       ; --           ;
; W21      ;            ;          ; GND                                                   ; gnd    ;              ;         ; --         ;                 ; --       ; --           ;
; W22      ;            ; 5        ; VCCIO5                                                ; power  ;              ; 2.5V    ; --         ;                 ; --       ; --           ;
; W23      ;            ; 5        ; VCCIO5                                                ; power  ;              ; 2.5V    ; --         ;                 ; --       ; --           ;
; W24      ;            ; 5        ; VCCIO5                                                ; power  ;              ; 2.5V    ; --         ;                 ; --       ; --           ;
; W25      ; 258        ; 5        ; Celda8[20]                                            ; input  ; 2.5 V        ;         ; Row I/O    ; N               ; no       ; Off          ;
; W26      ; 257        ; 5        ; Celda12[12]                                           ; input  ; 2.5 V        ;         ; Row I/O    ; N               ; no       ; Off          ;
; W27      ; 260        ; 5        ; RESERVED_INPUT_WITH_WEAK_PULLUP                       ;        ;              ;         ; Row I/O    ;                 ; no       ; On           ;
; W28      ; 259        ; 5        ; RESERVED_INPUT_WITH_WEAK_PULLUP                       ;        ;              ;         ; Row I/O    ;                 ; no       ; On           ;
; W29      ; 262        ; 5        ; Celda12[3]                                            ; input  ; 2.5 V        ;         ; Row I/O    ; N               ; no       ; Off          ;
; W30      ; 261        ; 5        ; RESERVED_INPUT_WITH_WEAK_PULLUP                       ;        ;              ;         ; Row I/O    ;                 ; no       ; On           ;
; Y1       ;            ;          ; GND                                                   ; gnd    ;              ;         ; --         ;                 ; --       ; --           ;
; Y2       ;            ;          ; GND                                                   ; gnd    ;              ;         ; --         ;                 ; --       ; --           ;
; Y3       ; 25         ; QL0      ; GXB_NC                                                ;        ;              ;         ; --         ;                 ; --       ; --           ;
; Y4       ; 24         ; QL0      ; GXB_NC                                                ;        ;              ;         ; --         ;                 ; --       ; --           ;
; Y5       ;            ; --       ; VCCL_GXB                                              ; power  ;              ; 1.2V    ; --         ;                 ; --       ; --           ;
; Y6       ;            ; --       ; VCCA_GXB                                              ; power  ;              ; 2.5V    ; --         ;                 ; --       ; --           ;
; Y7       ;            ;          ; VCCD_PLL                                              ; power  ;              ; 1.2V    ; --         ;                 ; --       ; --           ;
; Y8       ;            ;          ; VCCD_PLL                                              ; power  ;              ; 1.2V    ; --         ;                 ; --       ; --           ;
; Y9       ;            ;          ; GND                                                   ; gnd    ;              ;         ; --         ;                 ; --       ; --           ;
; Y10      ;            ;          ; GND                                                   ; gnd    ;              ;         ; --         ;                 ; --       ; --           ;
; Y11      ;            ;          ; VCCINT                                                ; power  ;              ; 1.2V    ; --         ;                 ; --       ; --           ;
; Y12      ;            ; 3B       ; VCC_CLKIN3B                                           ; power  ;              ; 2.5V    ; --         ;                 ; --       ; --           ;
; Y13      ;            ;          ; VCCINT                                                ; power  ;              ; 1.2V    ; --         ;                 ; --       ; --           ;
; Y14      ;            ;          ; GND                                                   ; gnd    ;              ;         ; --         ;                 ; --       ; --           ;
; Y15      ;            ;          ; VCCINT                                                ; power  ;              ; 1.2V    ; --         ;                 ; --       ; --           ;
; Y16      ;            ;          ; GND                                                   ; gnd    ;              ;         ; --         ;                 ; --       ; --           ;
; Y17      ; 128        ; 4        ; Celda16[7]                                            ; input  ; 2.5 V        ;         ; Column I/O ; N               ; no       ; Off          ;
; Y18      ; 153        ; 4        ; RESERVED_INPUT_WITH_WEAK_PULLUP                       ;        ;              ;         ; Column I/O ;                 ; no       ; On           ;
; Y19      ; 164        ; 4        ; Celda10[20]                                           ; input  ; 2.5 V        ;         ; Column I/O ; N               ; no       ; Off          ;
; Y20      ; 191        ; 4        ; Celda15[5]                                            ; input  ; 2.5 V        ;         ; Column I/O ; N               ; no       ; Off          ;
; Y21      ; 192        ; 4        ; CeldaC[10]                                            ; input  ; 2.5 V        ;         ; Column I/O ; N               ; no       ; Off          ;
; Y22      ; 234        ; 5        ; Celda11[7]                                            ; input  ; 2.5 V        ;         ; Row I/O    ; N               ; no       ; Off          ;
; Y23      ;            ;          ; GND                                                   ; gnd    ;              ;         ; --         ;                 ; --       ; --           ;
; Y24      ;            ; 5        ; VCCIO5                                                ; power  ;              ; 2.5V    ; --         ;                 ; --       ; --           ;
; Y25      ; 214        ; 5        ; RESERVED_INPUT_WITH_WEAK_PULLUP                       ;        ;              ;         ; Row I/O    ;                 ; no       ; On           ;
; Y26      ;            ;          ; GND                                                   ; gnd    ;              ;         ; --         ;                 ; --       ; --           ;
; Y27      ; 221        ; 5        ; RESERVED_INPUT_WITH_WEAK_PULLUP                       ;        ;              ;         ; Row I/O    ;                 ; no       ; On           ;
; Y28      ; 245        ; 5        ; CeldaA[11]                                            ; input  ; 2.5 V        ;         ; Row I/O    ; N               ; no       ; Off          ;
; Y29      ;            ;          ; GND                                                   ; gnd    ;              ;         ; --         ;                 ; --       ; --           ;
; Y30      ; 249        ; 5        ; Celda8[11]                                            ; input  ; 2.5 V        ;         ; Row I/O    ; N               ; no       ; Off          ;
+----------+------------+----------+-------------------------------------------------------+--------+--------------+---------+------------+-----------------+----------+--------------+
Note: Pin directions (input, output or bidir) are based on device operating in user mode.


+-------------------------------------------------------------------------------------------------+
; PLL Summary                                                                                     ;
+-------------------------------+-----------------------------------------------------------------+
; Name                          ; pll:inst|altpll:altpll_component|pll_altpll:auto_generated|pll1 ;
+-------------------------------+-----------------------------------------------------------------+
; SDC pin name                  ; inst|altpll_component|auto_generated|pll1                       ;
; PLL type                      ; GPLL                                                            ;
; PLL mode                      ; Normal                                                          ;
; Compensate clock              ; clock1                                                          ;
; Compensated input/output pins ; --                                                              ;
; Switchover type               ; --                                                              ;
; Input frequency 0             ; 50.0 MHz                                                        ;
; Input frequency 1             ; --                                                              ;
; Nominal PFD frequency         ; 50.0 MHz                                                        ;
; Nominal VCO frequency         ; 800.0 MHz                                                       ;
; VCO post scale K counter      ; 2                                                               ;
; VCO frequency control         ; Auto                                                            ;
; VCO phase shift step          ; 156 ps                                                          ;
; VCO multiply                  ; --                                                              ;
; VCO divide                    ; --                                                              ;
; DPA multiply                  ; --                                                              ;
; DPA divide                    ; --                                                              ;
; DPA divider counter value     ; 1                                                               ;
; Freq min lock                 ; 18.75 MHz                                                       ;
; Freq max lock                 ; 50.0 MHz                                                        ;
; M VCO Tap                     ; 0                                                               ;
; M Initial                     ; 1                                                               ;
; M value                       ; 16                                                              ;
; N value                       ; 1                                                               ;
; Charge pump current           ; setting 1                                                       ;
; Loop filter resistance        ; setting 27                                                      ;
; Loop filter capacitance       ; setting 0                                                       ;
; Bandwidth                     ; 680 kHz to 980 kHz                                              ;
; Bandwidth type                ; Medium                                                          ;
; Real time reconfigurable      ; Off                                                             ;
; Scan chain MIF file           ; --                                                              ;
; Preserve PLL counter order    ; Off                                                             ;
; PLL location                  ; PLL_1                                                           ;
; Inclk0 signal                 ; ClkMain                                                         ;
; Inclk1 signal                 ; --                                                              ;
; Inclk0 signal type            ; Dedicated Pin                                                   ;
; Inclk1 signal type            ; --                                                              ;
+-------------------------------+-----------------------------------------------------------------+


+---------------------------------------------------------------------------------------------------------------------------------------------------------------------------------------------------------------------------------------------------------------------------------------------------------------------+
; PLL Usage                                                                                                                                                                                                                                                                                                           ;
+----------------------------------------------------------------------------------------+--------------+------+-----+------------------+-------------+------------------+------------+---------+---------------+--------------+---------------+---------+---------+--------------------------------------------------+
; Name                                                                                   ; Output Clock ; Mult ; Div ; Output Frequency ; Phase Shift ; Phase Shift Step ; Duty Cycle ; Counter ; Counter Value ; High / Low   ; Cascade Input ; Initial ; VCO Tap ; SDC Pin Name                                     ;
+----------------------------------------------------------------------------------------+--------------+------+-----+------------------+-------------+------------------+------------+---------+---------------+--------------+---------------+---------+---------+--------------------------------------------------+
; pll:inst|altpll:altpll_component|pll_altpll:auto_generated|wire_pll1_clk[1]            ; clock1       ; 4    ; 25  ; 8.0 MHz          ; 0 (0 ps)    ; 0.45 (156 ps)    ; 64/36      ; C0      ; 100           ; 64/36 Even   ; --            ; 1       ; 0       ; inst|altpll_component|auto_generated|pll1|clk[1] ;
; pll:inst|altpll:altpll_component|pll_altpll:auto_generated|wire_pll1_clk[3]            ; clock3       ; 1    ; 150 ; 0.33 MHz         ; 0 (0 ps)    ; 0.09 (156 ps)    ; 50/50      ; C2      ; 480           ; 240/240 Even ; C1            ; 1       ; 0       ; inst|altpll_component|auto_generated|pll1|clk[3] ;
; pll:inst|altpll:altpll_component|pll_altpll:auto_generated|wire_pll1_clk[3]~cascade_in ; --           ; --   ; --  ; --               ; --          ; --               ; --         ; C1      ; 5             ; 2/3 Odd      ; --            ; 1       ; 0       ;                                                  ;
+----------------------------------------------------------------------------------------+--------------+------+-----+------------------+-------------+------------------+------------+---------+---------------+--------------+---------------+---------+---------+--------------------------------------------------+


+----------------------------------------------------------------------------------------------------------------------------------------------------------------------------------------------------------------------------------------------------------------------------------------------------------------------------------------------------------------------------------------+
; Fitter Resource Utilization by Entity                                                                                                                                                                                                                                                                                                                                                  ;
+-------------------------------------------+-------------+---------------------------+---------------+-------------+------+--------------+---------+-----------+-----------+------+--------------+--------------+-------------------+------------------+-----------------------------------------------------------------------------------------------------------------+--------------+
; Compilation Hierarchy Node                ; Logic Cells ; Dedicated Logic Registers ; I/O Registers ; Memory Bits ; M9Ks ; DSP Elements ; DSP 9x9 ; DSP 18x18 ; DSP 36x36 ; Pins ; Virtual Pins ; LUT-Only LCs ; Register-Only LCs ; LUT/Register LCs ; Full Hierarchy Name                                                                                             ; Library Name ;
+-------------------------------------------+-------------+---------------------------+---------------+-------------+------+--------------+---------+-----------+-----------+------+--------------+--------------+-------------------+------------------+-----------------------------------------------------------------------------------------------------------------+--------------+
; |OutputLuces                              ; 11 (3)      ; 5 (0)                     ; 0 (0)         ; 0           ; 0    ; 0            ; 0       ; 0         ; 0         ; 387  ; 0            ; 6 (3)        ; 0 (0)             ; 5 (0)            ; |OutputLuces                                                                                                    ; work         ;
;    |lpm_counter0:SELECTOR_LED|            ; 8 (0)       ; 5 (0)                     ; 0 (0)         ; 0           ; 0    ; 0            ; 0       ; 0         ; 0         ; 0    ; 0            ; 3 (0)        ; 0 (0)             ; 5 (0)            ; |OutputLuces|lpm_counter0:SELECTOR_LED                                                                          ; work         ;
;       |lpm_counter:LPM_COUNTER_component| ; 8 (0)       ; 5 (0)                     ; 0 (0)         ; 0           ; 0    ; 0            ; 0       ; 0         ; 0         ; 0    ; 0            ; 3 (0)        ; 0 (0)             ; 5 (0)            ; |OutputLuces|lpm_counter0:SELECTOR_LED|lpm_counter:LPM_COUNTER_component                                        ; work         ;
;          |cntr_o5k:auto_generated|        ; 8 (7)       ; 5 (5)                     ; 0 (0)         ; 0           ; 0    ; 0            ; 0       ; 0         ; 0         ; 0    ; 0            ; 3 (2)        ; 0 (0)             ; 5 (5)            ; |OutputLuces|lpm_counter0:SELECTOR_LED|lpm_counter:LPM_COUNTER_component|cntr_o5k:auto_generated                ; work         ;
;             |cmpr_lkc:cmpr1|              ; 1 (1)       ; 0 (0)                     ; 0 (0)         ; 0           ; 0    ; 0            ; 0       ; 0         ; 0         ; 0    ; 0            ; 1 (1)        ; 0 (0)             ; 0 (0)            ; |OutputLuces|lpm_counter0:SELECTOR_LED|lpm_counter:LPM_COUNTER_component|cntr_o5k:auto_generated|cmpr_lkc:cmpr1 ; work         ;
;    |pll:inst|                             ; 0 (0)       ; 0 (0)                     ; 0 (0)         ; 0           ; 0    ; 0            ; 0       ; 0         ; 0         ; 0    ; 0            ; 0 (0)        ; 0 (0)             ; 0 (0)            ; |OutputLuces|pll:inst                                                                                           ; work         ;
;       |altpll:altpll_component|           ; 0 (0)       ; 0 (0)                     ; 0 (0)         ; 0           ; 0    ; 0            ; 0       ; 0         ; 0         ; 0    ; 0            ; 0 (0)        ; 0 (0)             ; 0 (0)            ; |OutputLuces|pll:inst|altpll:altpll_component                                                                   ; work         ;
;          |pll_altpll:auto_generated|      ; 0 (0)       ; 0 (0)                     ; 0 (0)         ; 0           ; 0    ; 0            ; 0       ; 0         ; 0         ; 0    ; 0            ; 0 (0)        ; 0 (0)             ; 0 (0)            ; |OutputLuces|pll:inst|altpll:altpll_component|pll_altpll:auto_generated                                         ; work         ;
+-------------------------------------------+-------------+---------------------------+---------------+-------------+------+--------------+---------+-----------+-----------+------+--------------+--------------+-------------------+------------------+-----------------------------------------------------------------------------------------------------------------+--------------+
Note: For table entries with two numbers listed, the numbers in parentheses indicate the number of resources of the given type used by the specific entity alone. The numbers listed outside of parentheses indicate the total resources of the given type used by the specific entity and all of its sub-entities in the hierarchy.


+---------------------------------------------------------------------------------------------+
; Delay Chain Summary                                                                         ;
+-------------+----------+---------------+---------------+-----------------------+-----+------+
; Name        ; Pin Type ; Pad to Core 0 ; Pad to Core 1 ; Pad to Input Register ; TCO ; TCOE ;
+-------------+----------+---------------+---------------+-----------------------+-----+------+
; SalidaLeds  ; Output   ; --            ; --            ; --                    ; --  ; --   ;
; CeldaA[23]  ; Input    ; --            ; --            ; --                    ; --  ; --   ;
; CeldaA[22]  ; Input    ; --            ; --            ; --                    ; --  ; --   ;
; CeldaA[21]  ; Input    ; --            ; --            ; --                    ; --  ; --   ;
; CeldaA[20]  ; Input    ; --            ; --            ; --                    ; --  ; --   ;
; CeldaA[19]  ; Input    ; --            ; --            ; --                    ; --  ; --   ;
; CeldaA[18]  ; Input    ; --            ; --            ; --                    ; --  ; --   ;
; CeldaA[17]  ; Input    ; --            ; --            ; --                    ; --  ; --   ;
; CeldaA[16]  ; Input    ; --            ; --            ; --                    ; --  ; --   ;
; CeldaA[15]  ; Input    ; --            ; --            ; --                    ; --  ; --   ;
; CeldaA[14]  ; Input    ; --            ; --            ; --                    ; --  ; --   ;
; CeldaA[13]  ; Input    ; --            ; --            ; --                    ; --  ; --   ;
; CeldaA[12]  ; Input    ; --            ; --            ; --                    ; --  ; --   ;
; CeldaA[11]  ; Input    ; --            ; --            ; --                    ; --  ; --   ;
; CeldaA[10]  ; Input    ; --            ; --            ; --                    ; --  ; --   ;
; CeldaA[9]   ; Input    ; --            ; --            ; --                    ; --  ; --   ;
; CeldaA[8]   ; Input    ; --            ; --            ; --                    ; --  ; --   ;
; CeldaA[7]   ; Input    ; --            ; --            ; --                    ; --  ; --   ;
; CeldaA[6]   ; Input    ; --            ; --            ; --                    ; --  ; --   ;
; CeldaA[5]   ; Input    ; --            ; --            ; --                    ; --  ; --   ;
; CeldaA[4]   ; Input    ; --            ; --            ; --                    ; --  ; --   ;
; CeldaA[3]   ; Input    ; --            ; --            ; --                    ; --  ; --   ;
; CeldaA[2]   ; Input    ; --            ; --            ; --                    ; --  ; --   ;
; CeldaA[1]   ; Input    ; --            ; --            ; --                    ; --  ; --   ;
; CeldaA[0]   ; Input    ; --            ; --            ; --                    ; --  ; --   ;
; Celda11[23] ; Input    ; --            ; --            ; --                    ; --  ; --   ;
; Celda11[22] ; Input    ; --            ; --            ; --                    ; --  ; --   ;
; Celda11[21] ; Input    ; --            ; --            ; --                    ; --  ; --   ;
; Celda11[20] ; Input    ; --            ; --            ; --                    ; --  ; --   ;
; Celda11[19] ; Input    ; --            ; --            ; --                    ; --  ; --   ;
; Celda11[18] ; Input    ; --            ; --            ; --                    ; --  ; --   ;
; Celda11[17] ; Input    ; --            ; --            ; --                    ; --  ; --   ;
; Celda11[16] ; Input    ; --            ; --            ; --                    ; --  ; --   ;
; Celda11[15] ; Input    ; --            ; --            ; --                    ; --  ; --   ;
; Celda11[14] ; Input    ; --            ; --            ; --                    ; --  ; --   ;
; Celda11[13] ; Input    ; --            ; --            ; --                    ; --  ; --   ;
; Celda11[12] ; Input    ; --            ; --            ; --                    ; --  ; --   ;
; Celda11[11] ; Input    ; --            ; --            ; --                    ; --  ; --   ;
; Celda11[10] ; Input    ; --            ; --            ; --                    ; --  ; --   ;
; Celda11[9]  ; Input    ; --            ; --            ; --                    ; --  ; --   ;
; Celda11[8]  ; Input    ; --            ; --            ; --                    ; --  ; --   ;
; Celda11[7]  ; Input    ; --            ; --            ; --                    ; --  ; --   ;
; Celda11[6]  ; Input    ; --            ; --            ; --                    ; --  ; --   ;
; Celda11[5]  ; Input    ; --            ; --            ; --                    ; --  ; --   ;
; Celda11[4]  ; Input    ; --            ; --            ; --                    ; --  ; --   ;
; Celda11[3]  ; Input    ; --            ; --            ; --                    ; --  ; --   ;
; Celda11[2]  ; Input    ; --            ; --            ; --                    ; --  ; --   ;
; Celda11[1]  ; Input    ; --            ; --            ; --                    ; --  ; --   ;
; Celda11[0]  ; Input    ; --            ; --            ; --                    ; --  ; --   ;
; Celda12[23] ; Input    ; --            ; --            ; --                    ; --  ; --   ;
; Celda12[22] ; Input    ; --            ; --            ; --                    ; --  ; --   ;
; Celda12[21] ; Input    ; --            ; --            ; --                    ; --  ; --   ;
; Celda12[20] ; Input    ; --            ; --            ; --                    ; --  ; --   ;
; Celda12[19] ; Input    ; --            ; --            ; --                    ; --  ; --   ;
; Celda12[18] ; Input    ; --            ; --            ; --                    ; --  ; --   ;
; Celda12[17] ; Input    ; --            ; --            ; --                    ; --  ; --   ;
; Celda12[16] ; Input    ; --            ; --            ; --                    ; --  ; --   ;
; Celda12[15] ; Input    ; --            ; --            ; --                    ; --  ; --   ;
; Celda12[14] ; Input    ; --            ; --            ; --                    ; --  ; --   ;
; Celda12[13] ; Input    ; --            ; --            ; --                    ; --  ; --   ;
; Celda12[12] ; Input    ; --            ; --            ; --                    ; --  ; --   ;
; Celda12[11] ; Input    ; --            ; --            ; --                    ; --  ; --   ;
; Celda12[10] ; Input    ; --            ; --            ; --                    ; --  ; --   ;
; Celda12[9]  ; Input    ; --            ; --            ; --                    ; --  ; --   ;
; Celda12[8]  ; Input    ; --            ; --            ; --                    ; --  ; --   ;
; Celda12[7]  ; Input    ; --            ; --            ; --                    ; --  ; --   ;
; Celda12[6]  ; Input    ; --            ; --            ; --                    ; --  ; --   ;
; Celda12[5]  ; Input    ; --            ; --            ; --                    ; --  ; --   ;
; Celda12[4]  ; Input    ; --            ; --            ; --                    ; --  ; --   ;
; Celda12[3]  ; Input    ; --            ; --            ; --                    ; --  ; --   ;
; Celda12[2]  ; Input    ; --            ; --            ; --                    ; --  ; --   ;
; Celda12[1]  ; Input    ; --            ; --            ; --                    ; --  ; --   ;
; Celda12[0]  ; Input    ; --            ; --            ; --                    ; --  ; --   ;
; Celda13[23] ; Input    ; --            ; --            ; --                    ; --  ; --   ;
; Celda13[22] ; Input    ; --            ; --            ; --                    ; --  ; --   ;
; Celda13[21] ; Input    ; --            ; --            ; --                    ; --  ; --   ;
; Celda13[20] ; Input    ; --            ; --            ; --                    ; --  ; --   ;
; Celda13[19] ; Input    ; --            ; --            ; --                    ; --  ; --   ;
; Celda13[18] ; Input    ; --            ; --            ; --                    ; --  ; --   ;
; Celda13[17] ; Input    ; --            ; --            ; --                    ; --  ; --   ;
; Celda13[16] ; Input    ; --            ; --            ; --                    ; --  ; --   ;
; Celda13[15] ; Input    ; --            ; --            ; --                    ; --  ; --   ;
; Celda13[14] ; Input    ; --            ; --            ; --                    ; --  ; --   ;
; Celda13[13] ; Input    ; --            ; --            ; --                    ; --  ; --   ;
; Celda13[12] ; Input    ; --            ; --            ; --                    ; --  ; --   ;
; Celda13[11] ; Input    ; --            ; --            ; --                    ; --  ; --   ;
; Celda13[10] ; Input    ; --            ; --            ; --                    ; --  ; --   ;
; Celda13[9]  ; Input    ; --            ; --            ; --                    ; --  ; --   ;
; Celda13[8]  ; Input    ; --            ; --            ; --                    ; --  ; --   ;
; Celda13[7]  ; Input    ; --            ; --            ; --                    ; --  ; --   ;
; Celda13[6]  ; Input    ; --            ; --            ; --                    ; --  ; --   ;
; Celda13[5]  ; Input    ; --            ; --            ; --                    ; --  ; --   ;
; Celda13[4]  ; Input    ; --            ; --            ; --                    ; --  ; --   ;
; Celda13[3]  ; Input    ; --            ; --            ; --                    ; --  ; --   ;
; Celda13[2]  ; Input    ; --            ; --            ; --                    ; --  ; --   ;
; Celda13[1]  ; Input    ; --            ; --            ; --                    ; --  ; --   ;
; Celda13[0]  ; Input    ; --            ; --            ; --                    ; --  ; --   ;
; Celda14[23] ; Input    ; --            ; --            ; --                    ; --  ; --   ;
; Celda14[22] ; Input    ; --            ; --            ; --                    ; --  ; --   ;
; Celda14[21] ; Input    ; --            ; --            ; --                    ; --  ; --   ;
; Celda14[20] ; Input    ; --            ; --            ; --                    ; --  ; --   ;
; Celda14[19] ; Input    ; --            ; --            ; --                    ; --  ; --   ;
; Celda14[18] ; Input    ; --            ; --            ; --                    ; --  ; --   ;
; Celda14[17] ; Input    ; --            ; --            ; --                    ; --  ; --   ;
; Celda14[16] ; Input    ; --            ; --            ; --                    ; --  ; --   ;
; Celda14[15] ; Input    ; --            ; --            ; --                    ; --  ; --   ;
; Celda14[14] ; Input    ; --            ; --            ; --                    ; --  ; --   ;
; Celda14[13] ; Input    ; --            ; --            ; --                    ; --  ; --   ;
; Celda14[12] ; Input    ; --            ; --            ; --                    ; --  ; --   ;
; Celda14[11] ; Input    ; --            ; --            ; --                    ; --  ; --   ;
; Celda14[10] ; Input    ; --            ; --            ; --                    ; --  ; --   ;
; Celda14[9]  ; Input    ; --            ; --            ; --                    ; --  ; --   ;
; Celda14[8]  ; Input    ; --            ; --            ; --                    ; --  ; --   ;
; Celda14[7]  ; Input    ; --            ; --            ; --                    ; --  ; --   ;
; Celda14[6]  ; Input    ; --            ; --            ; --                    ; --  ; --   ;
; Celda14[5]  ; Input    ; --            ; --            ; --                    ; --  ; --   ;
; Celda14[4]  ; Input    ; --            ; --            ; --                    ; --  ; --   ;
; Celda14[3]  ; Input    ; --            ; --            ; --                    ; --  ; --   ;
; Celda14[2]  ; Input    ; --            ; --            ; --                    ; --  ; --   ;
; Celda14[1]  ; Input    ; --            ; --            ; --                    ; --  ; --   ;
; Celda14[0]  ; Input    ; --            ; --            ; --                    ; --  ; --   ;
; Celda15[23] ; Input    ; --            ; --            ; --                    ; --  ; --   ;
; Celda15[22] ; Input    ; --            ; --            ; --                    ; --  ; --   ;
; Celda15[21] ; Input    ; --            ; --            ; --                    ; --  ; --   ;
; Celda15[20] ; Input    ; --            ; --            ; --                    ; --  ; --   ;
; Celda15[19] ; Input    ; --            ; --            ; --                    ; --  ; --   ;
; Celda15[18] ; Input    ; --            ; --            ; --                    ; --  ; --   ;
; Celda15[17] ; Input    ; --            ; --            ; --                    ; --  ; --   ;
; Celda15[16] ; Input    ; --            ; --            ; --                    ; --  ; --   ;
; Celda15[15] ; Input    ; --            ; --            ; --                    ; --  ; --   ;
; Celda15[14] ; Input    ; --            ; --            ; --                    ; --  ; --   ;
; Celda15[13] ; Input    ; --            ; --            ; --                    ; --  ; --   ;
; Celda15[12] ; Input    ; --            ; --            ; --                    ; --  ; --   ;
; Celda15[11] ; Input    ; --            ; --            ; --                    ; --  ; --   ;
; Celda15[10] ; Input    ; --            ; --            ; --                    ; --  ; --   ;
; Celda15[9]  ; Input    ; --            ; --            ; --                    ; --  ; --   ;
; Celda15[8]  ; Input    ; --            ; --            ; --                    ; --  ; --   ;
; Celda15[7]  ; Input    ; --            ; --            ; --                    ; --  ; --   ;
; Celda15[6]  ; Input    ; --            ; --            ; --                    ; --  ; --   ;
; Celda15[5]  ; Input    ; --            ; --            ; --                    ; --  ; --   ;
; Celda15[4]  ; Input    ; --            ; --            ; --                    ; --  ; --   ;
; Celda15[3]  ; Input    ; --            ; --            ; --                    ; --  ; --   ;
; Celda15[2]  ; Input    ; --            ; --            ; --                    ; --  ; --   ;
; Celda15[1]  ; Input    ; --            ; --            ; --                    ; --  ; --   ;
; Celda15[0]  ; Input    ; --            ; --            ; --                    ; --  ; --   ;
; Celda16[23] ; Input    ; --            ; --            ; --                    ; --  ; --   ;
; Celda16[22] ; Input    ; --            ; --            ; --                    ; --  ; --   ;
; Celda16[21] ; Input    ; --            ; --            ; --                    ; --  ; --   ;
; Celda16[20] ; Input    ; --            ; --            ; --                    ; --  ; --   ;
; Celda16[19] ; Input    ; --            ; --            ; --                    ; --  ; --   ;
; Celda16[18] ; Input    ; --            ; --            ; --                    ; --  ; --   ;
; Celda16[17] ; Input    ; --            ; --            ; --                    ; --  ; --   ;
; Celda16[16] ; Input    ; --            ; --            ; --                    ; --  ; --   ;
; Celda16[15] ; Input    ; --            ; --            ; --                    ; --  ; --   ;
; Celda16[14] ; Input    ; --            ; --            ; --                    ; --  ; --   ;
; Celda16[13] ; Input    ; --            ; --            ; --                    ; --  ; --   ;
; Celda16[12] ; Input    ; --            ; --            ; --                    ; --  ; --   ;
; Celda16[11] ; Input    ; --            ; --            ; --                    ; --  ; --   ;
; Celda16[10] ; Input    ; --            ; --            ; --                    ; --  ; --   ;
; Celda16[9]  ; Input    ; --            ; --            ; --                    ; --  ; --   ;
; Celda16[8]  ; Input    ; --            ; --            ; --                    ; --  ; --   ;
; Celda16[7]  ; Input    ; --            ; --            ; --                    ; --  ; --   ;
; Celda16[6]  ; Input    ; --            ; --            ; --                    ; --  ; --   ;
; Celda16[5]  ; Input    ; --            ; --            ; --                    ; --  ; --   ;
; Celda16[4]  ; Input    ; --            ; --            ; --                    ; --  ; --   ;
; Celda16[3]  ; Input    ; --            ; --            ; --                    ; --  ; --   ;
; Celda16[2]  ; Input    ; --            ; --            ; --                    ; --  ; --   ;
; Celda16[1]  ; Input    ; --            ; --            ; --                    ; --  ; --   ;
; Celda16[0]  ; Input    ; --            ; --            ; --                    ; --  ; --   ;
; CeldaB[23]  ; Input    ; --            ; --            ; --                    ; --  ; --   ;
; CeldaB[22]  ; Input    ; --            ; --            ; --                    ; --  ; --   ;
; CeldaB[21]  ; Input    ; --            ; --            ; --                    ; --  ; --   ;
; CeldaB[20]  ; Input    ; --            ; --            ; --                    ; --  ; --   ;
; CeldaB[19]  ; Input    ; --            ; --            ; --                    ; --  ; --   ;
; CeldaB[18]  ; Input    ; --            ; --            ; --                    ; --  ; --   ;
; CeldaB[17]  ; Input    ; --            ; --            ; --                    ; --  ; --   ;
; CeldaB[16]  ; Input    ; --            ; --            ; --                    ; --  ; --   ;
; CeldaB[15]  ; Input    ; --            ; --            ; --                    ; --  ; --   ;
; CeldaB[14]  ; Input    ; --            ; --            ; --                    ; --  ; --   ;
; CeldaB[13]  ; Input    ; --            ; --            ; --                    ; --  ; --   ;
; CeldaB[12]  ; Input    ; --            ; --            ; --                    ; --  ; --   ;
; CeldaB[11]  ; Input    ; --            ; --            ; --                    ; --  ; --   ;
; CeldaB[10]  ; Input    ; --            ; --            ; --                    ; --  ; --   ;
; CeldaB[9]   ; Input    ; --            ; --            ; --                    ; --  ; --   ;
; CeldaB[8]   ; Input    ; --            ; --            ; --                    ; --  ; --   ;
; CeldaB[7]   ; Input    ; --            ; --            ; --                    ; --  ; --   ;
; CeldaB[6]   ; Input    ; --            ; --            ; --                    ; --  ; --   ;
; CeldaB[5]   ; Input    ; --            ; --            ; --                    ; --  ; --   ;
; CeldaB[4]   ; Input    ; --            ; --            ; --                    ; --  ; --   ;
; CeldaB[3]   ; Input    ; --            ; --            ; --                    ; --  ; --   ;
; CeldaB[2]   ; Input    ; --            ; --            ; --                    ; --  ; --   ;
; CeldaB[1]   ; Input    ; --            ; --            ; --                    ; --  ; --   ;
; CeldaB[0]   ; Input    ; --            ; --            ; --                    ; --  ; --   ;
; CeldaC[23]  ; Input    ; --            ; --            ; --                    ; --  ; --   ;
; CeldaC[22]  ; Input    ; --            ; --            ; --                    ; --  ; --   ;
; CeldaC[21]  ; Input    ; --            ; --            ; --                    ; --  ; --   ;
; CeldaC[20]  ; Input    ; --            ; --            ; --                    ; --  ; --   ;
; CeldaC[19]  ; Input    ; --            ; --            ; --                    ; --  ; --   ;
; CeldaC[18]  ; Input    ; --            ; --            ; --                    ; --  ; --   ;
; CeldaC[17]  ; Input    ; --            ; --            ; --                    ; --  ; --   ;
; CeldaC[16]  ; Input    ; --            ; --            ; --                    ; --  ; --   ;
; CeldaC[15]  ; Input    ; --            ; --            ; --                    ; --  ; --   ;
; CeldaC[14]  ; Input    ; --            ; --            ; --                    ; --  ; --   ;
; CeldaC[13]  ; Input    ; --            ; --            ; --                    ; --  ; --   ;
; CeldaC[12]  ; Input    ; --            ; --            ; --                    ; --  ; --   ;
; CeldaC[11]  ; Input    ; --            ; --            ; --                    ; --  ; --   ;
; CeldaC[10]  ; Input    ; --            ; --            ; --                    ; --  ; --   ;
; CeldaC[9]   ; Input    ; --            ; --            ; --                    ; --  ; --   ;
; CeldaC[8]   ; Input    ; --            ; --            ; --                    ; --  ; --   ;
; CeldaC[7]   ; Input    ; --            ; --            ; --                    ; --  ; --   ;
; CeldaC[6]   ; Input    ; --            ; --            ; --                    ; --  ; --   ;
; CeldaC[5]   ; Input    ; --            ; --            ; --                    ; --  ; --   ;
; CeldaC[4]   ; Input    ; --            ; --            ; --                    ; --  ; --   ;
; CeldaC[3]   ; Input    ; --            ; --            ; --                    ; --  ; --   ;
; CeldaC[2]   ; Input    ; --            ; --            ; --                    ; --  ; --   ;
; CeldaC[1]   ; Input    ; --            ; --            ; --                    ; --  ; --   ;
; CeldaC[0]   ; Input    ; --            ; --            ; --                    ; --  ; --   ;
; CeldaD[23]  ; Input    ; --            ; --            ; --                    ; --  ; --   ;
; CeldaD[22]  ; Input    ; --            ; --            ; --                    ; --  ; --   ;
; CeldaD[21]  ; Input    ; --            ; --            ; --                    ; --  ; --   ;
; CeldaD[20]  ; Input    ; --            ; --            ; --                    ; --  ; --   ;
; CeldaD[19]  ; Input    ; --            ; --            ; --                    ; --  ; --   ;
; CeldaD[18]  ; Input    ; --            ; --            ; --                    ; --  ; --   ;
; CeldaD[17]  ; Input    ; --            ; --            ; --                    ; --  ; --   ;
; CeldaD[16]  ; Input    ; --            ; --            ; --                    ; --  ; --   ;
; CeldaD[15]  ; Input    ; --            ; --            ; --                    ; --  ; --   ;
; CeldaD[14]  ; Input    ; --            ; --            ; --                    ; --  ; --   ;
; CeldaD[13]  ; Input    ; --            ; --            ; --                    ; --  ; --   ;
; CeldaD[12]  ; Input    ; --            ; --            ; --                    ; --  ; --   ;
; CeldaD[11]  ; Input    ; --            ; --            ; --                    ; --  ; --   ;
; CeldaD[10]  ; Input    ; --            ; --            ; --                    ; --  ; --   ;
; CeldaD[9]   ; Input    ; --            ; --            ; --                    ; --  ; --   ;
; CeldaD[8]   ; Input    ; --            ; --            ; --                    ; --  ; --   ;
; CeldaD[7]   ; Input    ; --            ; --            ; --                    ; --  ; --   ;
; CeldaD[6]   ; Input    ; --            ; --            ; --                    ; --  ; --   ;
; CeldaD[5]   ; Input    ; --            ; --            ; --                    ; --  ; --   ;
; CeldaD[4]   ; Input    ; --            ; --            ; --                    ; --  ; --   ;
; CeldaD[3]   ; Input    ; --            ; --            ; --                    ; --  ; --   ;
; CeldaD[2]   ; Input    ; --            ; --            ; --                    ; --  ; --   ;
; CeldaD[1]   ; Input    ; --            ; --            ; --                    ; --  ; --   ;
; CeldaD[0]   ; Input    ; --            ; --            ; --                    ; --  ; --   ;
; Celda5[23]  ; Input    ; --            ; --            ; --                    ; --  ; --   ;
; Celda5[22]  ; Input    ; --            ; --            ; --                    ; --  ; --   ;
; Celda5[21]  ; Input    ; --            ; --            ; --                    ; --  ; --   ;
; Celda5[20]  ; Input    ; --            ; --            ; --                    ; --  ; --   ;
; Celda5[19]  ; Input    ; --            ; --            ; --                    ; --  ; --   ;
; Celda5[18]  ; Input    ; --            ; --            ; --                    ; --  ; --   ;
; Celda5[17]  ; Input    ; --            ; --            ; --                    ; --  ; --   ;
; Celda5[16]  ; Input    ; --            ; --            ; --                    ; --  ; --   ;
; Celda5[15]  ; Input    ; --            ; --            ; --                    ; --  ; --   ;
; Celda5[14]  ; Input    ; --            ; --            ; --                    ; --  ; --   ;
; Celda5[13]  ; Input    ; --            ; --            ; --                    ; --  ; --   ;
; Celda5[12]  ; Input    ; --            ; --            ; --                    ; --  ; --   ;
; Celda5[11]  ; Input    ; --            ; --            ; --                    ; --  ; --   ;
; Celda5[10]  ; Input    ; --            ; --            ; --                    ; --  ; --   ;
; Celda5[9]   ; Input    ; --            ; --            ; --                    ; --  ; --   ;
; Celda5[8]   ; Input    ; --            ; --            ; --                    ; --  ; --   ;
; Celda5[7]   ; Input    ; --            ; --            ; --                    ; --  ; --   ;
; Celda5[6]   ; Input    ; --            ; --            ; --                    ; --  ; --   ;
; Celda5[5]   ; Input    ; --            ; --            ; --                    ; --  ; --   ;
; Celda5[4]   ; Input    ; --            ; --            ; --                    ; --  ; --   ;
; Celda5[3]   ; Input    ; --            ; --            ; --                    ; --  ; --   ;
; Celda5[2]   ; Input    ; --            ; --            ; --                    ; --  ; --   ;
; Celda5[1]   ; Input    ; --            ; --            ; --                    ; --  ; --   ;
; Celda5[0]   ; Input    ; --            ; --            ; --                    ; --  ; --   ;
; Celda6[23]  ; Input    ; --            ; --            ; --                    ; --  ; --   ;
; Celda6[22]  ; Input    ; --            ; --            ; --                    ; --  ; --   ;
; Celda6[21]  ; Input    ; --            ; --            ; --                    ; --  ; --   ;
; Celda6[20]  ; Input    ; --            ; --            ; --                    ; --  ; --   ;
; Celda6[19]  ; Input    ; --            ; --            ; --                    ; --  ; --   ;
; Celda6[18]  ; Input    ; --            ; --            ; --                    ; --  ; --   ;
; Celda6[17]  ; Input    ; --            ; --            ; --                    ; --  ; --   ;
; Celda6[16]  ; Input    ; --            ; --            ; --                    ; --  ; --   ;
; Celda6[15]  ; Input    ; --            ; --            ; --                    ; --  ; --   ;
; Celda6[14]  ; Input    ; --            ; --            ; --                    ; --  ; --   ;
; Celda6[13]  ; Input    ; --            ; --            ; --                    ; --  ; --   ;
; Celda6[12]  ; Input    ; --            ; --            ; --                    ; --  ; --   ;
; Celda6[11]  ; Input    ; --            ; --            ; --                    ; --  ; --   ;
; Celda6[10]  ; Input    ; --            ; --            ; --                    ; --  ; --   ;
; Celda6[9]   ; Input    ; --            ; --            ; --                    ; --  ; --   ;
; Celda6[8]   ; Input    ; --            ; --            ; --                    ; --  ; --   ;
; Celda6[7]   ; Input    ; --            ; --            ; --                    ; --  ; --   ;
; Celda6[6]   ; Input    ; --            ; --            ; --                    ; --  ; --   ;
; Celda6[5]   ; Input    ; --            ; --            ; --                    ; --  ; --   ;
; Celda6[4]   ; Input    ; --            ; --            ; --                    ; --  ; --   ;
; Celda6[3]   ; Input    ; --            ; --            ; --                    ; --  ; --   ;
; Celda6[2]   ; Input    ; --            ; --            ; --                    ; --  ; --   ;
; Celda6[1]   ; Input    ; --            ; --            ; --                    ; --  ; --   ;
; Celda6[0]   ; Input    ; --            ; --            ; --                    ; --  ; --   ;
; Celda7[23]  ; Input    ; --            ; --            ; --                    ; --  ; --   ;
; Celda7[22]  ; Input    ; --            ; --            ; --                    ; --  ; --   ;
; Celda7[21]  ; Input    ; --            ; --            ; --                    ; --  ; --   ;
; Celda7[20]  ; Input    ; --            ; --            ; --                    ; --  ; --   ;
; Celda7[19]  ; Input    ; --            ; --            ; --                    ; --  ; --   ;
; Celda7[18]  ; Input    ; --            ; --            ; --                    ; --  ; --   ;
; Celda7[17]  ; Input    ; --            ; --            ; --                    ; --  ; --   ;
; Celda7[16]  ; Input    ; --            ; --            ; --                    ; --  ; --   ;
; Celda7[15]  ; Input    ; --            ; --            ; --                    ; --  ; --   ;
; Celda7[14]  ; Input    ; --            ; --            ; --                    ; --  ; --   ;
; Celda7[13]  ; Input    ; --            ; --            ; --                    ; --  ; --   ;
; Celda7[12]  ; Input    ; --            ; --            ; --                    ; --  ; --   ;
; Celda7[11]  ; Input    ; --            ; --            ; --                    ; --  ; --   ;
; Celda7[10]  ; Input    ; --            ; --            ; --                    ; --  ; --   ;
; Celda7[9]   ; Input    ; --            ; --            ; --                    ; --  ; --   ;
; Celda7[8]   ; Input    ; --            ; --            ; --                    ; --  ; --   ;
; Celda7[7]   ; Input    ; --            ; --            ; --                    ; --  ; --   ;
; Celda7[6]   ; Input    ; --            ; --            ; --                    ; --  ; --   ;
; Celda7[5]   ; Input    ; --            ; --            ; --                    ; --  ; --   ;
; Celda7[4]   ; Input    ; --            ; --            ; --                    ; --  ; --   ;
; Celda7[3]   ; Input    ; --            ; --            ; --                    ; --  ; --   ;
; Celda7[2]   ; Input    ; --            ; --            ; --                    ; --  ; --   ;
; Celda7[1]   ; Input    ; --            ; --            ; --                    ; --  ; --   ;
; Celda7[0]   ; Input    ; --            ; --            ; --                    ; --  ; --   ;
; Celda8[23]  ; Input    ; --            ; --            ; --                    ; --  ; --   ;
; Celda8[22]  ; Input    ; --            ; --            ; --                    ; --  ; --   ;
; Celda8[21]  ; Input    ; --            ; --            ; --                    ; --  ; --   ;
; Celda8[20]  ; Input    ; --            ; --            ; --                    ; --  ; --   ;
; Celda8[19]  ; Input    ; --            ; --            ; --                    ; --  ; --   ;
; Celda8[18]  ; Input    ; --            ; --            ; --                    ; --  ; --   ;
; Celda8[17]  ; Input    ; --            ; --            ; --                    ; --  ; --   ;
; Celda8[16]  ; Input    ; --            ; --            ; --                    ; --  ; --   ;
; Celda8[15]  ; Input    ; --            ; --            ; --                    ; --  ; --   ;
; Celda8[14]  ; Input    ; --            ; --            ; --                    ; --  ; --   ;
; Celda8[13]  ; Input    ; --            ; --            ; --                    ; --  ; --   ;
; Celda8[12]  ; Input    ; --            ; --            ; --                    ; --  ; --   ;
; Celda8[11]  ; Input    ; --            ; --            ; --                    ; --  ; --   ;
; Celda8[10]  ; Input    ; --            ; --            ; --                    ; --  ; --   ;
; Celda8[9]   ; Input    ; --            ; --            ; --                    ; --  ; --   ;
; Celda8[8]   ; Input    ; --            ; --            ; --                    ; --  ; --   ;
; Celda8[7]   ; Input    ; --            ; --            ; --                    ; --  ; --   ;
; Celda8[6]   ; Input    ; --            ; --            ; --                    ; --  ; --   ;
; Celda8[5]   ; Input    ; --            ; --            ; --                    ; --  ; --   ;
; Celda8[4]   ; Input    ; --            ; --            ; --                    ; --  ; --   ;
; Celda8[3]   ; Input    ; --            ; --            ; --                    ; --  ; --   ;
; Celda8[2]   ; Input    ; --            ; --            ; --                    ; --  ; --   ;
; Celda8[1]   ; Input    ; --            ; --            ; --                    ; --  ; --   ;
; Celda8[0]   ; Input    ; --            ; --            ; --                    ; --  ; --   ;
; Celda9[23]  ; Input    ; --            ; --            ; --                    ; --  ; --   ;
; Celda9[22]  ; Input    ; --            ; --            ; --                    ; --  ; --   ;
; Celda9[21]  ; Input    ; --            ; --            ; --                    ; --  ; --   ;
; Celda9[20]  ; Input    ; --            ; --            ; --                    ; --  ; --   ;
; Celda9[19]  ; Input    ; --            ; --            ; --                    ; --  ; --   ;
; Celda9[18]  ; Input    ; --            ; --            ; --                    ; --  ; --   ;
; Celda9[17]  ; Input    ; --            ; --            ; --                    ; --  ; --   ;
; Celda9[16]  ; Input    ; --            ; --            ; --                    ; --  ; --   ;
; Celda9[15]  ; Input    ; --            ; --            ; --                    ; --  ; --   ;
; Celda9[14]  ; Input    ; --            ; --            ; --                    ; --  ; --   ;
; Celda9[13]  ; Input    ; --            ; --            ; --                    ; --  ; --   ;
; Celda9[12]  ; Input    ; --            ; --            ; --                    ; --  ; --   ;
; Celda9[11]  ; Input    ; --            ; --            ; --                    ; --  ; --   ;
; Celda9[10]  ; Input    ; --            ; --            ; --                    ; --  ; --   ;
; Celda9[9]   ; Input    ; --            ; --            ; --                    ; --  ; --   ;
; Celda9[8]   ; Input    ; --            ; --            ; --                    ; --  ; --   ;
; Celda9[7]   ; Input    ; --            ; --            ; --                    ; --  ; --   ;
; Celda9[6]   ; Input    ; --            ; --            ; --                    ; --  ; --   ;
; Celda9[5]   ; Input    ; --            ; --            ; --                    ; --  ; --   ;
; Celda9[4]   ; Input    ; --            ; --            ; --                    ; --  ; --   ;
; Celda9[3]   ; Input    ; --            ; --            ; --                    ; --  ; --   ;
; Celda9[2]   ; Input    ; --            ; --            ; --                    ; --  ; --   ;
; Celda9[1]   ; Input    ; --            ; --            ; --                    ; --  ; --   ;
; Celda9[0]   ; Input    ; --            ; --            ; --                    ; --  ; --   ;
; Celda10[23] ; Input    ; --            ; --            ; --                    ; --  ; --   ;
; Celda10[22] ; Input    ; --            ; --            ; --                    ; --  ; --   ;
; Celda10[21] ; Input    ; --            ; --            ; --                    ; --  ; --   ;
; Celda10[20] ; Input    ; --            ; --            ; --                    ; --  ; --   ;
; Celda10[19] ; Input    ; --            ; --            ; --                    ; --  ; --   ;
; Celda10[18] ; Input    ; --            ; --            ; --                    ; --  ; --   ;
; Celda10[17] ; Input    ; --            ; --            ; --                    ; --  ; --   ;
; Celda10[16] ; Input    ; --            ; --            ; --                    ; --  ; --   ;
; Celda10[15] ; Input    ; --            ; --            ; --                    ; --  ; --   ;
; Celda10[14] ; Input    ; --            ; --            ; --                    ; --  ; --   ;
; Celda10[13] ; Input    ; --            ; --            ; --                    ; --  ; --   ;
; Celda10[12] ; Input    ; --            ; --            ; --                    ; --  ; --   ;
; Celda10[11] ; Input    ; --            ; --            ; --                    ; --  ; --   ;
; Celda10[10] ; Input    ; --            ; --            ; --                    ; --  ; --   ;
; Celda10[9]  ; Input    ; --            ; --            ; --                    ; --  ; --   ;
; Celda10[8]  ; Input    ; --            ; --            ; --                    ; --  ; --   ;
; Celda10[7]  ; Input    ; --            ; --            ; --                    ; --  ; --   ;
; Celda10[6]  ; Input    ; --            ; --            ; --                    ; --  ; --   ;
; Celda10[5]  ; Input    ; --            ; --            ; --                    ; --  ; --   ;
; Celda10[4]  ; Input    ; --            ; --            ; --                    ; --  ; --   ;
; Celda10[3]  ; Input    ; --            ; --            ; --                    ; --  ; --   ;
; Celda10[2]  ; Input    ; --            ; --            ; --                    ; --  ; --   ;
; Celda10[1]  ; Input    ; --            ; --            ; --                    ; --  ; --   ;
; Celda10[0]  ; Input    ; --            ; --            ; --                    ; --  ; --   ;
; ClkMain     ; Input    ; --            ; --            ; --                    ; --  ; --   ;
; NuevoInput  ; Input    ; (0) 0 ps      ; --            ; --                    ; --  ; --   ;
+-------------+----------+---------------+---------------+-----------------------+-----+------+


+---------------------------------------------------+
; Pad To Core Delay Chain Fanout                    ;
+---------------------+-------------------+---------+
; Source Pin / Fanout ; Pad To Core Index ; Setting ;
+---------------------+-------------------+---------+
; CeldaA[23]          ;                   ;         ;
; CeldaA[22]          ;                   ;         ;
; CeldaA[21]          ;                   ;         ;
; CeldaA[20]          ;                   ;         ;
; CeldaA[19]          ;                   ;         ;
; CeldaA[18]          ;                   ;         ;
; CeldaA[17]          ;                   ;         ;
; CeldaA[16]          ;                   ;         ;
; CeldaA[15]          ;                   ;         ;
; CeldaA[14]          ;                   ;         ;
; CeldaA[13]          ;                   ;         ;
; CeldaA[12]          ;                   ;         ;
; CeldaA[11]          ;                   ;         ;
; CeldaA[10]          ;                   ;         ;
; CeldaA[9]           ;                   ;         ;
; CeldaA[8]           ;                   ;         ;
; CeldaA[7]           ;                   ;         ;
; CeldaA[6]           ;                   ;         ;
; CeldaA[5]           ;                   ;         ;
; CeldaA[4]           ;                   ;         ;
; CeldaA[3]           ;                   ;         ;
; CeldaA[2]           ;                   ;         ;
; CeldaA[1]           ;                   ;         ;
; CeldaA[0]           ;                   ;         ;
; Celda11[23]         ;                   ;         ;
; Celda11[22]         ;                   ;         ;
; Celda11[21]         ;                   ;         ;
; Celda11[20]         ;                   ;         ;
; Celda11[19]         ;                   ;         ;
; Celda11[18]         ;                   ;         ;
; Celda11[17]         ;                   ;         ;
; Celda11[16]         ;                   ;         ;
; Celda11[15]         ;                   ;         ;
; Celda11[14]         ;                   ;         ;
; Celda11[13]         ;                   ;         ;
; Celda11[12]         ;                   ;         ;
; Celda11[11]         ;                   ;         ;
; Celda11[10]         ;                   ;         ;
; Celda11[9]          ;                   ;         ;
; Celda11[8]          ;                   ;         ;
; Celda11[7]          ;                   ;         ;
; Celda11[6]          ;                   ;         ;
; Celda11[5]          ;                   ;         ;
; Celda11[4]          ;                   ;         ;
; Celda11[3]          ;                   ;         ;
; Celda11[2]          ;                   ;         ;
; Celda11[1]          ;                   ;         ;
; Celda11[0]          ;                   ;         ;
; Celda12[23]         ;                   ;         ;
; Celda12[22]         ;                   ;         ;
; Celda12[21]         ;                   ;         ;
; Celda12[20]         ;                   ;         ;
; Celda12[19]         ;                   ;         ;
; Celda12[18]         ;                   ;         ;
; Celda12[17]         ;                   ;         ;
; Celda12[16]         ;                   ;         ;
; Celda12[15]         ;                   ;         ;
; Celda12[14]         ;                   ;         ;
; Celda12[13]         ;                   ;         ;
; Celda12[12]         ;                   ;         ;
; Celda12[11]         ;                   ;         ;
; Celda12[10]         ;                   ;         ;
; Celda12[9]          ;                   ;         ;
; Celda12[8]          ;                   ;         ;
; Celda12[7]          ;                   ;         ;
; Celda12[6]          ;                   ;         ;
; Celda12[5]          ;                   ;         ;
; Celda12[4]          ;                   ;         ;
; Celda12[3]          ;                   ;         ;
; Celda12[2]          ;                   ;         ;
; Celda12[1]          ;                   ;         ;
; Celda12[0]          ;                   ;         ;
; Celda13[23]         ;                   ;         ;
; Celda13[22]         ;                   ;         ;
; Celda13[21]         ;                   ;         ;
; Celda13[20]         ;                   ;         ;
; Celda13[19]         ;                   ;         ;
; Celda13[18]         ;                   ;         ;
; Celda13[17]         ;                   ;         ;
; Celda13[16]         ;                   ;         ;
; Celda13[15]         ;                   ;         ;
; Celda13[14]         ;                   ;         ;
; Celda13[13]         ;                   ;         ;
; Celda13[12]         ;                   ;         ;
; Celda13[11]         ;                   ;         ;
; Celda13[10]         ;                   ;         ;
; Celda13[9]          ;                   ;         ;
; Celda13[8]          ;                   ;         ;
; Celda13[7]          ;                   ;         ;
; Celda13[6]          ;                   ;         ;
; Celda13[5]          ;                   ;         ;
; Celda13[4]          ;                   ;         ;
; Celda13[3]          ;                   ;         ;
; Celda13[2]          ;                   ;         ;
; Celda13[1]          ;                   ;         ;
; Celda13[0]          ;                   ;         ;
; Celda14[23]         ;                   ;         ;
; Celda14[22]         ;                   ;         ;
; Celda14[21]         ;                   ;         ;
; Celda14[20]         ;                   ;         ;
; Celda14[19]         ;                   ;         ;
; Celda14[18]         ;                   ;         ;
; Celda14[17]         ;                   ;         ;
; Celda14[16]         ;                   ;         ;
; Celda14[15]         ;                   ;         ;
; Celda14[14]         ;                   ;         ;
; Celda14[13]         ;                   ;         ;
; Celda14[12]         ;                   ;         ;
; Celda14[11]         ;                   ;         ;
; Celda14[10]         ;                   ;         ;
; Celda14[9]          ;                   ;         ;
; Celda14[8]          ;                   ;         ;
; Celda14[7]          ;                   ;         ;
; Celda14[6]          ;                   ;         ;
; Celda14[5]          ;                   ;         ;
; Celda14[4]          ;                   ;         ;
; Celda14[3]          ;                   ;         ;
; Celda14[2]          ;                   ;         ;
; Celda14[1]          ;                   ;         ;
; Celda14[0]          ;                   ;         ;
; Celda15[23]         ;                   ;         ;
; Celda15[22]         ;                   ;         ;
; Celda15[21]         ;                   ;         ;
; Celda15[20]         ;                   ;         ;
; Celda15[19]         ;                   ;         ;
; Celda15[18]         ;                   ;         ;
; Celda15[17]         ;                   ;         ;
; Celda15[16]         ;                   ;         ;
; Celda15[15]         ;                   ;         ;
; Celda15[14]         ;                   ;         ;
; Celda15[13]         ;                   ;         ;
; Celda15[12]         ;                   ;         ;
; Celda15[11]         ;                   ;         ;
; Celda15[10]         ;                   ;         ;
; Celda15[9]          ;                   ;         ;
; Celda15[8]          ;                   ;         ;
; Celda15[7]          ;                   ;         ;
; Celda15[6]          ;                   ;         ;
; Celda15[5]          ;                   ;         ;
; Celda15[4]          ;                   ;         ;
; Celda15[3]          ;                   ;         ;
; Celda15[2]          ;                   ;         ;
; Celda15[1]          ;                   ;         ;
; Celda15[0]          ;                   ;         ;
; Celda16[23]         ;                   ;         ;
; Celda16[22]         ;                   ;         ;
; Celda16[21]         ;                   ;         ;
; Celda16[20]         ;                   ;         ;
; Celda16[19]         ;                   ;         ;
; Celda16[18]         ;                   ;         ;
; Celda16[17]         ;                   ;         ;
; Celda16[16]         ;                   ;         ;
; Celda16[15]         ;                   ;         ;
; Celda16[14]         ;                   ;         ;
; Celda16[13]         ;                   ;         ;
; Celda16[12]         ;                   ;         ;
; Celda16[11]         ;                   ;         ;
; Celda16[10]         ;                   ;         ;
; Celda16[9]          ;                   ;         ;
; Celda16[8]          ;                   ;         ;
; Celda16[7]          ;                   ;         ;
; Celda16[6]          ;                   ;         ;
; Celda16[5]          ;                   ;         ;
; Celda16[4]          ;                   ;         ;
; Celda16[3]          ;                   ;         ;
; Celda16[2]          ;                   ;         ;
; Celda16[1]          ;                   ;         ;
; Celda16[0]          ;                   ;         ;
; CeldaB[23]          ;                   ;         ;
; CeldaB[22]          ;                   ;         ;
; CeldaB[21]          ;                   ;         ;
; CeldaB[20]          ;                   ;         ;
; CeldaB[19]          ;                   ;         ;
; CeldaB[18]          ;                   ;         ;
; CeldaB[17]          ;                   ;         ;
; CeldaB[16]          ;                   ;         ;
; CeldaB[15]          ;                   ;         ;
; CeldaB[14]          ;                   ;         ;
; CeldaB[13]          ;                   ;         ;
; CeldaB[12]          ;                   ;         ;
; CeldaB[11]          ;                   ;         ;
; CeldaB[10]          ;                   ;         ;
; CeldaB[9]           ;                   ;         ;
; CeldaB[8]           ;                   ;         ;
; CeldaB[7]           ;                   ;         ;
; CeldaB[6]           ;                   ;         ;
; CeldaB[5]           ;                   ;         ;
; CeldaB[4]           ;                   ;         ;
; CeldaB[3]           ;                   ;         ;
; CeldaB[2]           ;                   ;         ;
; CeldaB[1]           ;                   ;         ;
; CeldaB[0]           ;                   ;         ;
; CeldaC[23]          ;                   ;         ;
; CeldaC[22]          ;                   ;         ;
; CeldaC[21]          ;                   ;         ;
; CeldaC[20]          ;                   ;         ;
; CeldaC[19]          ;                   ;         ;
; CeldaC[18]          ;                   ;         ;
; CeldaC[17]          ;                   ;         ;
; CeldaC[16]          ;                   ;         ;
; CeldaC[15]          ;                   ;         ;
; CeldaC[14]          ;                   ;         ;
; CeldaC[13]          ;                   ;         ;
; CeldaC[12]          ;                   ;         ;
; CeldaC[11]          ;                   ;         ;
; CeldaC[10]          ;                   ;         ;
; CeldaC[9]           ;                   ;         ;
; CeldaC[8]           ;                   ;         ;
; CeldaC[7]           ;                   ;         ;
; CeldaC[6]           ;                   ;         ;
; CeldaC[5]           ;                   ;         ;
; CeldaC[4]           ;                   ;         ;
; CeldaC[3]           ;                   ;         ;
; CeldaC[2]           ;                   ;         ;
; CeldaC[1]           ;                   ;         ;
; CeldaC[0]           ;                   ;         ;
; CeldaD[23]          ;                   ;         ;
; CeldaD[22]          ;                   ;         ;
; CeldaD[21]          ;                   ;         ;
; CeldaD[20]          ;                   ;         ;
; CeldaD[19]          ;                   ;         ;
; CeldaD[18]          ;                   ;         ;
; CeldaD[17]          ;                   ;         ;
; CeldaD[16]          ;                   ;         ;
; CeldaD[15]          ;                   ;         ;
; CeldaD[14]          ;                   ;         ;
; CeldaD[13]          ;                   ;         ;
; CeldaD[12]          ;                   ;         ;
; CeldaD[11]          ;                   ;         ;
; CeldaD[10]          ;                   ;         ;
; CeldaD[9]           ;                   ;         ;
; CeldaD[8]           ;                   ;         ;
; CeldaD[7]           ;                   ;         ;
; CeldaD[6]           ;                   ;         ;
; CeldaD[5]           ;                   ;         ;
; CeldaD[4]           ;                   ;         ;
; CeldaD[3]           ;                   ;         ;
; CeldaD[2]           ;                   ;         ;
; CeldaD[1]           ;                   ;         ;
; CeldaD[0]           ;                   ;         ;
; Celda5[23]          ;                   ;         ;
; Celda5[22]          ;                   ;         ;
; Celda5[21]          ;                   ;         ;
; Celda5[20]          ;                   ;         ;
; Celda5[19]          ;                   ;         ;
; Celda5[18]          ;                   ;         ;
; Celda5[17]          ;                   ;         ;
; Celda5[16]          ;                   ;         ;
; Celda5[15]          ;                   ;         ;
; Celda5[14]          ;                   ;         ;
; Celda5[13]          ;                   ;         ;
; Celda5[12]          ;                   ;         ;
; Celda5[11]          ;                   ;         ;
; Celda5[10]          ;                   ;         ;
; Celda5[9]           ;                   ;         ;
; Celda5[8]           ;                   ;         ;
; Celda5[7]           ;                   ;         ;
; Celda5[6]           ;                   ;         ;
; Celda5[5]           ;                   ;         ;
; Celda5[4]           ;                   ;         ;
; Celda5[3]           ;                   ;         ;
; Celda5[2]           ;                   ;         ;
; Celda5[1]           ;                   ;         ;
; Celda5[0]           ;                   ;         ;
; Celda6[23]          ;                   ;         ;
; Celda6[22]          ;                   ;         ;
; Celda6[21]          ;                   ;         ;
; Celda6[20]          ;                   ;         ;
; Celda6[19]          ;                   ;         ;
; Celda6[18]          ;                   ;         ;
; Celda6[17]          ;                   ;         ;
; Celda6[16]          ;                   ;         ;
; Celda6[15]          ;                   ;         ;
; Celda6[14]          ;                   ;         ;
; Celda6[13]          ;                   ;         ;
; Celda6[12]          ;                   ;         ;
; Celda6[11]          ;                   ;         ;
; Celda6[10]          ;                   ;         ;
; Celda6[9]           ;                   ;         ;
; Celda6[8]           ;                   ;         ;
; Celda6[7]           ;                   ;         ;
; Celda6[6]           ;                   ;         ;
; Celda6[5]           ;                   ;         ;
; Celda6[4]           ;                   ;         ;
; Celda6[3]           ;                   ;         ;
; Celda6[2]           ;                   ;         ;
; Celda6[1]           ;                   ;         ;
; Celda6[0]           ;                   ;         ;
; Celda7[23]          ;                   ;         ;
; Celda7[22]          ;                   ;         ;
; Celda7[21]          ;                   ;         ;
; Celda7[20]          ;                   ;         ;
; Celda7[19]          ;                   ;         ;
; Celda7[18]          ;                   ;         ;
; Celda7[17]          ;                   ;         ;
; Celda7[16]          ;                   ;         ;
; Celda7[15]          ;                   ;         ;
; Celda7[14]          ;                   ;         ;
; Celda7[13]          ;                   ;         ;
; Celda7[12]          ;                   ;         ;
; Celda7[11]          ;                   ;         ;
; Celda7[10]          ;                   ;         ;
; Celda7[9]           ;                   ;         ;
; Celda7[8]           ;                   ;         ;
; Celda7[7]           ;                   ;         ;
; Celda7[6]           ;                   ;         ;
; Celda7[5]           ;                   ;         ;
; Celda7[4]           ;                   ;         ;
; Celda7[3]           ;                   ;         ;
; Celda7[2]           ;                   ;         ;
; Celda7[1]           ;                   ;         ;
; Celda7[0]           ;                   ;         ;
; Celda8[23]          ;                   ;         ;
; Celda8[22]          ;                   ;         ;
; Celda8[21]          ;                   ;         ;
; Celda8[20]          ;                   ;         ;
; Celda8[19]          ;                   ;         ;
; Celda8[18]          ;                   ;         ;
; Celda8[17]          ;                   ;         ;
; Celda8[16]          ;                   ;         ;
; Celda8[15]          ;                   ;         ;
; Celda8[14]          ;                   ;         ;
; Celda8[13]          ;                   ;         ;
; Celda8[12]          ;                   ;         ;
; Celda8[11]          ;                   ;         ;
; Celda8[10]          ;                   ;         ;
; Celda8[9]           ;                   ;         ;
; Celda8[8]           ;                   ;         ;
; Celda8[7]           ;                   ;         ;
; Celda8[6]           ;                   ;         ;
; Celda8[5]           ;                   ;         ;
; Celda8[4]           ;                   ;         ;
; Celda8[3]           ;                   ;         ;
; Celda8[2]           ;                   ;         ;
; Celda8[1]           ;                   ;         ;
; Celda8[0]           ;                   ;         ;
; Celda9[23]          ;                   ;         ;
; Celda9[22]          ;                   ;         ;
; Celda9[21]          ;                   ;         ;
; Celda9[20]          ;                   ;         ;
; Celda9[19]          ;                   ;         ;
; Celda9[18]          ;                   ;         ;
; Celda9[17]          ;                   ;         ;
; Celda9[16]          ;                   ;         ;
; Celda9[15]          ;                   ;         ;
; Celda9[14]          ;                   ;         ;
; Celda9[13]          ;                   ;         ;
; Celda9[12]          ;                   ;         ;
; Celda9[11]          ;                   ;         ;
; Celda9[10]          ;                   ;         ;
; Celda9[9]           ;                   ;         ;
; Celda9[8]           ;                   ;         ;
; Celda9[7]           ;                   ;         ;
; Celda9[6]           ;                   ;         ;
; Celda9[5]           ;                   ;         ;
; Celda9[4]           ;                   ;         ;
; Celda9[3]           ;                   ;         ;
; Celda9[2]           ;                   ;         ;
; Celda9[1]           ;                   ;         ;
; Celda9[0]           ;                   ;         ;
; Celda10[23]         ;                   ;         ;
; Celda10[22]         ;                   ;         ;
; Celda10[21]         ;                   ;         ;
; Celda10[20]         ;                   ;         ;
; Celda10[19]         ;                   ;         ;
; Celda10[18]         ;                   ;         ;
; Celda10[17]         ;                   ;         ;
; Celda10[16]         ;                   ;         ;
; Celda10[15]         ;                   ;         ;
; Celda10[14]         ;                   ;         ;
; Celda10[13]         ;                   ;         ;
; Celda10[12]         ;                   ;         ;
; Celda10[11]         ;                   ;         ;
; Celda10[10]         ;                   ;         ;
; Celda10[9]          ;                   ;         ;
; Celda10[8]          ;                   ;         ;
; Celda10[7]          ;                   ;         ;
; Celda10[6]          ;                   ;         ;
; Celda10[5]          ;                   ;         ;
; Celda10[4]          ;                   ;         ;
; Celda10[3]          ;                   ;         ;
; Celda10[2]          ;                   ;         ;
; Celda10[1]          ;                   ;         ;
; Celda10[0]          ;                   ;         ;
; ClkMain             ;                   ;         ;
; NuevoInput          ;                   ;         ;
+---------------------+-------------------+---------+


+-----------------------------------------------------------------------------------------------------------------------------------------------------------------------------------------------------------------------------+
; Control Signals                                                                                                                                                                                                             ;
+-------------------------------------------------------------------------------------------------+-------------------+---------+--------------+--------+----------------------+------------------+---------------------------+
; Name                                                                                            ; Location          ; Fan-Out ; Usage        ; Global ; Global Resource Used ; Global Line Name ; Enable Signal Source Name ;
+-------------------------------------------------------------------------------------------------+-------------------+---------+--------------+--------+----------------------+------------------+---------------------------+
; ClkMain                                                                                         ; PIN_V12           ; 1       ; Clock        ; no     ; --                   ; --               ; --                        ;
; NuevoInput                                                                                      ; PIN_W15           ; 5       ; Async. clear ; yes    ; Global Clock         ; GCLK25           ; --                        ;
; inst22                                                                                          ; LCCOMB_X56_Y1_N24 ; 5       ; Clock        ; yes    ; Global Clock         ; GCLK28           ; --                        ;
; lpm_counter0:SELECTOR_LED|lpm_counter:LPM_COUNTER_component|cntr_o5k:auto_generated|cout_actual ; LCCOMB_X56_Y1_N26 ; 7       ; Sync. load   ; no     ; --                   ; --               ; --                        ;
+-------------------------------------------------------------------------------------------------+-------------------+---------+--------------+--------+----------------------+------------------+---------------------------+


+------------------------------------------------------------------------------------------------------------------------------------------------------------------------------------------------------------------------+
; Global & Other Fast Signals                                                                                                                                                                                            ;
+-----------------------------------------------------------------------------+-------------------+---------+--------------------------------------+----------------------+------------------+---------------------------+
; Name                                                                        ; Location          ; Fan-Out ; Fan-Out Using Intentional Clock Skew ; Global Resource Used ; Global Line Name ; Enable Signal Source Name ;
+-----------------------------------------------------------------------------+-------------------+---------+--------------------------------------+----------------------+------------------+---------------------------+
; NuevoInput                                                                  ; PIN_W15           ; 5       ; 0                                    ; Global Clock         ; GCLK25           ; --                        ;
; inst22                                                                      ; LCCOMB_X56_Y1_N24 ; 5       ; 0                                    ; Global Clock         ; GCLK28           ; --                        ;
; pll:inst|altpll:altpll_component|pll_altpll:auto_generated|wire_pll1_clk[1] ; PLL_1             ; 1       ; 0                                    ; Global Clock         ; GCLK29           ; --                        ;
; pll:inst|altpll:altpll_component|pll_altpll:auto_generated|wire_pll1_clk[3] ; PLL_1             ; 1       ; 0                                    ; Global Clock         ; GCLK26           ; --                        ;
+-----------------------------------------------------------------------------+-------------------+---------+--------------------------------------+----------------------+------------------+---------------------------+


+------------------------------------------------------------------------------------------------------------------------------------+
; Non-Global High Fan-Out Signals                                                                                                    ;
+--------------------------------------------------------------------------------------------------------------------------+---------+
; Name                                                                                                                     ; Fan-Out ;
+--------------------------------------------------------------------------------------------------------------------------+---------+
; lpm_counter0:SELECTOR_LED|lpm_counter:LPM_COUNTER_component|cntr_o5k:auto_generated|cout_actual                          ; 7       ;
; ~GND                                                                                                                     ; 5       ;
; lpm_counter0:SELECTOR_LED|lpm_counter:LPM_COUNTER_component|cntr_o5k:auto_generated|counter_reg_bit[0]                   ; 2       ;
; lpm_counter0:SELECTOR_LED|lpm_counter:LPM_COUNTER_component|cntr_o5k:auto_generated|counter_reg_bit[1]                   ; 2       ;
; lpm_counter0:SELECTOR_LED|lpm_counter:LPM_COUNTER_component|cntr_o5k:auto_generated|counter_reg_bit[2]                   ; 2       ;
; lpm_counter0:SELECTOR_LED|lpm_counter:LPM_COUNTER_component|cntr_o5k:auto_generated|counter_reg_bit[3]                   ; 2       ;
; lpm_counter0:SELECTOR_LED|lpm_counter:LPM_COUNTER_component|cntr_o5k:auto_generated|counter_reg_bit[4]                   ; 2       ;
; pll:inst|altpll:altpll_component|pll_altpll:auto_generated|wire_pll1_locked                                              ; 2       ;
; ClkMain~input                                                                                                            ; 1       ;
; inst4                                                                                                                    ; 1       ;
; lpm_counter0:SELECTOR_LED|lpm_counter:LPM_COUNTER_component|cntr_o5k:auto_generated|cmpr_lkc:cmpr1|aneb_result_wire[0]~0 ; 1       ;
; lpm_counter0:SELECTOR_LED|lpm_counter:LPM_COUNTER_component|cntr_o5k:auto_generated|counter_comb_bita4~0                 ; 1       ;
; lpm_counter0:SELECTOR_LED|lpm_counter:LPM_COUNTER_component|cntr_o5k:auto_generated|counter_comb_bita4~COUT              ; 1       ;
; lpm_counter0:SELECTOR_LED|lpm_counter:LPM_COUNTER_component|cntr_o5k:auto_generated|counter_comb_bita4                   ; 1       ;
; lpm_counter0:SELECTOR_LED|lpm_counter:LPM_COUNTER_component|cntr_o5k:auto_generated|counter_comb_bita3~COUT              ; 1       ;
; lpm_counter0:SELECTOR_LED|lpm_counter:LPM_COUNTER_component|cntr_o5k:auto_generated|counter_comb_bita3                   ; 1       ;
; lpm_counter0:SELECTOR_LED|lpm_counter:LPM_COUNTER_component|cntr_o5k:auto_generated|counter_comb_bita2~COUT              ; 1       ;
; lpm_counter0:SELECTOR_LED|lpm_counter:LPM_COUNTER_component|cntr_o5k:auto_generated|counter_comb_bita2                   ; 1       ;
; lpm_counter0:SELECTOR_LED|lpm_counter:LPM_COUNTER_component|cntr_o5k:auto_generated|counter_comb_bita1~COUT              ; 1       ;
; lpm_counter0:SELECTOR_LED|lpm_counter:LPM_COUNTER_component|cntr_o5k:auto_generated|counter_comb_bita1                   ; 1       ;
; lpm_counter0:SELECTOR_LED|lpm_counter:LPM_COUNTER_component|cntr_o5k:auto_generated|counter_comb_bita0~COUT              ; 1       ;
; lpm_counter0:SELECTOR_LED|lpm_counter:LPM_COUNTER_component|cntr_o5k:auto_generated|counter_comb_bita0                   ; 1       ;
; pll:inst|altpll:altpll_component|pll_altpll:auto_generated|wire_pll1_fbout                                               ; 1       ;
+--------------------------------------------------------------------------------------------------------------------------+---------+


+-----------------------------------------------------------+
; Other Routing Usage Summary                               ;
+-----------------------------------+-----------------------+
; Other Routing Resource Type       ; Usage                 ;
+-----------------------------------+-----------------------+
; Block interconnects               ; 5 / 445,464 ( < 1 % ) ;
; C16 interconnects                 ; 1 / 12,402 ( < 1 % )  ;
; C4 interconnects                  ; 3 / 263,952 ( < 1 % ) ;
; GXB block output buffers          ; 0 / 3,600 ( 0 % )     ;
; Global clocks                     ; 4 / 30 ( 13 % )       ;
; Interquad Reference Clock Outputs ; 0 / 2 ( 0 % )         ;
; Interquad TXRX Clocks             ; 0 / 16 ( 0 % )        ;
; Interquad TXRX PCSRX outputs      ; 0 / 8 ( 0 % )         ;
; Interquad TXRX PCSTX outputs      ; 0 / 8 ( 0 % )         ;
; Local interconnects               ; 9 / 149,760 ( < 1 % ) ;
; R24 interconnects                 ; 3 / 12,690 ( < 1 % )  ;
; R4 interconnects                  ; 2 / 370,260 ( < 1 % ) ;
+-----------------------------------+-----------------------+


+---------------------------------------------------------------------------+
; LAB Logic Elements                                                        ;
+---------------------------------------------+-----------------------------+
; Number of Logic Elements  (Average = 11.00) ; Number of LABs  (Total = 1) ;
+---------------------------------------------+-----------------------------+
; 1                                           ; 0                           ;
; 2                                           ; 0                           ;
; 3                                           ; 0                           ;
; 4                                           ; 0                           ;
; 5                                           ; 0                           ;
; 6                                           ; 0                           ;
; 7                                           ; 0                           ;
; 8                                           ; 0                           ;
; 9                                           ; 0                           ;
; 10                                          ; 0                           ;
; 11                                          ; 1                           ;
; 12                                          ; 0                           ;
; 13                                          ; 0                           ;
; 14                                          ; 0                           ;
; 15                                          ; 0                           ;
; 16                                          ; 0                           ;
+---------------------------------------------+-----------------------------+


+------------------------------------------------------------------+
; LAB-wide Signals                                                 ;
+------------------------------------+-----------------------------+
; LAB-wide Signals  (Average = 2.00) ; Number of LABs  (Total = 1) ;
+------------------------------------+-----------------------------+
; 1 Async. clear                     ; 1                           ;
; 1 Clock                            ; 1                           ;
+------------------------------------+-----------------------------+


+----------------------------------------------------------------------------+
; LAB Signals Sourced                                                        ;
+----------------------------------------------+-----------------------------+
; Number of Signals Sourced  (Average = 16.00) ; Number of LABs  (Total = 1) ;
+----------------------------------------------+-----------------------------+
; 0                                            ; 0                           ;
; 1                                            ; 0                           ;
; 2                                            ; 0                           ;
; 3                                            ; 0                           ;
; 4                                            ; 0                           ;
; 5                                            ; 0                           ;
; 6                                            ; 0                           ;
; 7                                            ; 0                           ;
; 8                                            ; 0                           ;
; 9                                            ; 0                           ;
; 10                                           ; 0                           ;
; 11                                           ; 0                           ;
; 12                                           ; 0                           ;
; 13                                           ; 0                           ;
; 14                                           ; 0                           ;
; 15                                           ; 0                           ;
; 16                                           ; 1                           ;
+----------------------------------------------+-----------------------------+


+-------------------------------------------------------------------------------+
; LAB Signals Sourced Out                                                       ;
+-------------------------------------------------+-----------------------------+
; Number of Signals Sourced Out  (Average = 2.00) ; Number of LABs  (Total = 1) ;
+-------------------------------------------------+-----------------------------+
; 0                                               ; 0                           ;
; 1                                               ; 0                           ;
; 2                                               ; 1                           ;
+-------------------------------------------------+-----------------------------+


+---------------------------------------------------------------------------+
; LAB Distinct Inputs                                                       ;
+---------------------------------------------+-----------------------------+
; Number of Distinct Inputs  (Average = 5.00) ; Number of LABs  (Total = 1) ;
+---------------------------------------------+-----------------------------+
; 0                                           ; 0                           ;
; 1                                           ; 0                           ;
; 2                                           ; 0                           ;
; 3                                           ; 0                           ;
; 4                                           ; 0                           ;
; 5                                           ; 1                           ;
+---------------------------------------------+-----------------------------+


+------------------------------------------+
; I/O Rules Summary                        ;
+----------------------------------+-------+
; I/O Rules Statistic              ; Total ;
+----------------------------------+-------+
; Total I/O Rules                  ; 30    ;
; Number of I/O Rules Passed       ; 9     ;
; Number of I/O Rules Failed       ; 0     ;
; Number of I/O Rules Unchecked    ; 0     ;
; Number of I/O Rules Inapplicable ; 21    ;
+----------------------------------+-------+


+-----------------------------------------------------------------------------------------------------------------------------------------------------------------------------------------------------------------------------------------------------------------------------------------------------+
; I/O Rules Details                                                                                                                                                                                                                                                                                   ;
+--------------+-----------+-----------------------------------+------------------------------------------------------------------------------------------------------+----------+--------------------------------------------------------------------------+---------------------+-------------------+
; Status       ; ID        ; Category                          ; Rule Description                                                                                     ; Severity ; Information                                                              ; Area                ; Extra Information ;
+--------------+-----------+-----------------------------------+------------------------------------------------------------------------------------------------------+----------+--------------------------------------------------------------------------+---------------------+-------------------+
; Inapplicable ; IO_000001 ; Capacity Checks                   ; Number of pins in an I/O bank should not exceed the number of locations available.                   ; Critical ; No Location assignments found.                                           ; I/O                 ;                   ;
; Inapplicable ; IO_000002 ; Capacity Checks                   ; Number of clocks in an I/O bank should not exceed the number of clocks available.                    ; Critical ; No Global Signal assignments found.                                      ; I/O                 ;                   ;
; Inapplicable ; IO_000003 ; Capacity Checks                   ; Number of pins in a Vrefgroup should not exceed the number of locations available.                   ; Critical ; No Location assignments found.                                           ; I/O                 ;                   ;
; Inapplicable ; IO_000004 ; Voltage Compatibility Checks      ; The I/O bank should support the requested VCCIO.                                                     ; Critical ; No IOBANK_VCCIO assignments found.                                       ; I/O                 ;                   ;
; Inapplicable ; IO_000005 ; Voltage Compatibility Checks      ; The I/O bank should not have competing VREF values.                                                  ; Critical ; No VREF I/O Standard assignments found.                                  ; I/O                 ;                   ;
; Pass         ; IO_000006 ; Voltage Compatibility Checks      ; The I/O bank should not have competing VCCIO values.                                                 ; Critical ; 0 such failures found.                                                   ; I/O                 ;                   ;
; Inapplicable ; IO_000007 ; Valid Location Checks             ; Checks for unavailable locations.                                                                    ; Critical ; No Location assignments found.                                           ; I/O                 ;                   ;
; Inapplicable ; IO_000008 ; Valid Location Checks             ; Checks for reserved locations.                                                                       ; Critical ; No reserved LogicLock region found.                                      ; I/O                 ;                   ;
; Pass         ; IO_000009 ; I/O Properties Checks for One I/O ; The location should support the requested I/O standard.                                              ; Critical ; 0 such failures found.                                                   ; I/O                 ;                   ;
; Pass         ; IO_000010 ; I/O Properties Checks for One I/O ; The location should support the requested I/O direction.                                             ; Critical ; 0 such failures found.                                                   ; I/O                 ;                   ;
; Inapplicable ; IO_000011 ; I/O Properties Checks for One I/O ; The location should support the requested Current Strength.                                          ; Critical ; No Current Strength assignments found.                                   ; I/O                 ;                   ;
; Pass         ; IO_000012 ; I/O Properties Checks for One I/O ; The location should support the requested On Chip Termination value.                                 ; Critical ; 0 such failures found.                                                   ; I/O                 ;                   ;
; Inapplicable ; IO_000013 ; I/O Properties Checks for One I/O ; The location should support the requested Bus Hold value.                                            ; Critical ; No Enable Bus-Hold Circuitry assignments found.                          ; I/O                 ;                   ;
; Inapplicable ; IO_000014 ; I/O Properties Checks for One I/O ; The location should support the requested Weak Pull Up value.                                        ; Critical ; No Weak Pull-Up Resistor assignments found.                              ; I/O                 ;                   ;
; Pass         ; IO_000015 ; I/O Properties Checks for One I/O ; The location should support the requested PCI Clamp Diode.                                           ; Critical ; 0 such failures found.                                                   ; I/O                 ;                   ;
; Inapplicable ; IO_000018 ; I/O Properties Checks for One I/O ; The I/O standard should support the requested Current Strength.                                      ; Critical ; No Current Strength assignments found.                                   ; I/O                 ;                   ;
; Pass         ; IO_000019 ; I/O Properties Checks for One I/O ; The I/O standard should support the requested On Chip Termination value.                             ; Critical ; 0 such failures found.                                                   ; I/O                 ;                   ;
; Pass         ; IO_000020 ; I/O Properties Checks for One I/O ; The I/O standard should support the requested PCI Clamp Diode.                                       ; Critical ; 0 such failures found.                                                   ; I/O                 ;                   ;
; Inapplicable ; IO_000021 ; I/O Properties Checks for One I/O ; The I/O standard should support the requested Weak Pull Up value.                                    ; Critical ; No Weak Pull-Up Resistor assignments found.                              ; I/O                 ;                   ;
; Inapplicable ; IO_000022 ; I/O Properties Checks for One I/O ; The I/O standard should support the requested Bus Hold value.                                        ; Critical ; No Enable Bus-Hold Circuitry assignments found.                          ; I/O                 ;                   ;
; Inapplicable ; IO_000023 ; I/O Properties Checks for One I/O ; The I/O standard should support the Open Drain value.                                                ; Critical ; No open drain assignments found.                                         ; I/O                 ;                   ;
; Pass         ; IO_000024 ; I/O Properties Checks for One I/O ; The I/O direction should support the On Chip Termination value.                                      ; Critical ; 0 such failures found.                                                   ; I/O                 ;                   ;
; Inapplicable ; IO_000026 ; I/O Properties Checks for One I/O ; On Chip Termination and Current Strength should not be used at the same time.                        ; Critical ; No Current Strength assignments found.                                   ; I/O                 ;                   ;
; Inapplicable ; IO_000027 ; I/O Properties Checks for One I/O ; Weak Pull Up and Bus Hold should not be used at the same time.                                       ; Critical ; No Enable Bus-Hold Circuitry or Weak Pull-Up Resistor assignments found. ; I/O                 ;                   ;
; Inapplicable ; IO_000045 ; I/O Properties Checks for One I/O ; The I/O standard should support the requested Slew Rate value.                                       ; Critical ; No Slew Rate assignments found.                                          ; I/O                 ;                   ;
; Inapplicable ; IO_000046 ; I/O Properties Checks for One I/O ; The location should support the requested Slew Rate value.                                           ; Critical ; No Slew Rate assignments found.                                          ; I/O                 ;                   ;
; Inapplicable ; IO_000047 ; I/O Properties Checks for One I/O ; On Chip Termination and Slew Rate should not be used at the same time.                               ; Critical ; No Slew Rate assignments found.                                          ; I/O                 ;                   ;
; Pass         ; IO_000033 ; Electromigration Checks           ; Current density for consecutive I/Os should not exceed 240mA for row I/Os and 240mA for column I/Os. ; Critical ; 0 such failures found.                                                   ; I/O                 ;                   ;
; Inapplicable ; IO_000034 ; SI Related Distance Checks        ; Single-ended outputs should be 5 LAB row(s) away from a differential I/O.                            ; High     ; No Differential I/O Standard assignments found.                          ; I/O                 ;                   ;
; Inapplicable ; IO_000042 ; SI Related SSO Limit Checks       ; No more than 20 outputs are allowed in a VREF group when VREF is being read from.                    ; High     ; No VREF I/O Standard assignments found.                                  ; I/O                 ;                   ;
; ----         ; ----      ; Disclaimer                        ; OCT rules are checked but not reported.                                                              ; None     ; ----                                                                     ; On Chip Termination ;                   ;
+--------------+-----------+-----------------------------------+------------------------------------------------------------------------------------------------------+----------+--------------------------------------------------------------------------+---------------------+-------------------+


+--------------------------------------------------------------------------------------------------------------------------------------------------------------------------------------------------------------------------------------------------------------------------------------------------------------------------------------------------------------------------------------------------------------------------------------------------------------------------+
; I/O Rules Matrix                                                                                                                                                                                                                                                                                                                                                                                                                                                         ;
+--------------------+--------------+--------------+--------------+--------------+--------------+-----------+--------------+--------------+-----------+-----------+--------------+--------------+--------------+--------------+--------------+--------------+--------------+--------------+--------------+--------------+--------------+--------------+--------------+--------------+--------------+--------------+--------------+-----------+--------------+--------------+
; Pin/Rules          ; IO_000001    ; IO_000002    ; IO_000003    ; IO_000004    ; IO_000005    ; IO_000006 ; IO_000007    ; IO_000008    ; IO_000009 ; IO_000010 ; IO_000011    ; IO_000012    ; IO_000013    ; IO_000014    ; IO_000015    ; IO_000018    ; IO_000019    ; IO_000020    ; IO_000021    ; IO_000022    ; IO_000023    ; IO_000024    ; IO_000026    ; IO_000027    ; IO_000045    ; IO_000046    ; IO_000047    ; IO_000033 ; IO_000034    ; IO_000042    ;
+--------------------+--------------+--------------+--------------+--------------+--------------+-----------+--------------+--------------+-----------+-----------+--------------+--------------+--------------+--------------+--------------+--------------+--------------+--------------+--------------+--------------+--------------+--------------+--------------+--------------+--------------+--------------+--------------+-----------+--------------+--------------+
; Total Pass         ; 0            ; 0            ; 0            ; 0            ; 0            ; 387       ; 0            ; 0            ; 387       ; 387       ; 0            ; 1            ; 0            ; 0            ; 386          ; 0            ; 1            ; 386          ; 0            ; 0            ; 0            ; 1            ; 0            ; 0            ; 0            ; 0            ; 0            ; 387       ; 0            ; 0            ;
; Total Unchecked    ; 0            ; 0            ; 0            ; 0            ; 0            ; 0         ; 0            ; 0            ; 0         ; 0         ; 0            ; 0            ; 0            ; 0            ; 0            ; 0            ; 0            ; 0            ; 0            ; 0            ; 0            ; 0            ; 0            ; 0            ; 0            ; 0            ; 0            ; 0         ; 0            ; 0            ;
; Total Inapplicable ; 387          ; 387          ; 387          ; 387          ; 387          ; 0         ; 387          ; 387          ; 0         ; 0         ; 387          ; 386          ; 387          ; 387          ; 1            ; 387          ; 386          ; 1            ; 387          ; 387          ; 387          ; 386          ; 387          ; 387          ; 387          ; 387          ; 387          ; 0         ; 387          ; 387          ;
; Total Fail         ; 0            ; 0            ; 0            ; 0            ; 0            ; 0         ; 0            ; 0            ; 0         ; 0         ; 0            ; 0            ; 0            ; 0            ; 0            ; 0            ; 0            ; 0            ; 0            ; 0            ; 0            ; 0            ; 0            ; 0            ; 0            ; 0            ; 0            ; 0         ; 0            ; 0            ;
; SalidaLeds         ; Inapplicable ; Inapplicable ; Inapplicable ; Inapplicable ; Inapplicable ; Pass      ; Inapplicable ; Inapplicable ; Pass      ; Pass      ; Inapplicable ; Pass         ; Inapplicable ; Inapplicable ; Inapplicable ; Inapplicable ; Pass         ; Inapplicable ; Inapplicable ; Inapplicable ; Inapplicable ; Pass         ; Inapplicable ; Inapplicable ; Inapplicable ; Inapplicable ; Inapplicable ; Pass      ; Inapplicable ; Inapplicable ;
; CeldaA[23]         ; Inapplicable ; Inapplicable ; Inapplicable ; Inapplicable ; Inapplicable ; Pass      ; Inapplicable ; Inapplicable ; Pass      ; Pass      ; Inapplicable ; Inapplicable ; Inapplicable ; Inapplicable ; Pass         ; Inapplicable ; Inapplicable ; Pass         ; Inapplicable ; Inapplicable ; Inapplicable ; Inapplicable ; Inapplicable ; Inapplicable ; Inapplicable ; Inapplicable ; Inapplicable ; Pass      ; Inapplicable ; Inapplicable ;
; CeldaA[22]         ; Inapplicable ; Inapplicable ; Inapplicable ; Inapplicable ; Inapplicable ; Pass      ; Inapplicable ; Inapplicable ; Pass      ; Pass      ; Inapplicable ; Inapplicable ; Inapplicable ; Inapplicable ; Pass         ; Inapplicable ; Inapplicable ; Pass         ; Inapplicable ; Inapplicable ; Inapplicable ; Inapplicable ; Inapplicable ; Inapplicable ; Inapplicable ; Inapplicable ; Inapplicable ; Pass      ; Inapplicable ; Inapplicable ;
; CeldaA[21]         ; Inapplicable ; Inapplicable ; Inapplicable ; Inapplicable ; Inapplicable ; Pass      ; Inapplicable ; Inapplicable ; Pass      ; Pass      ; Inapplicable ; Inapplicable ; Inapplicable ; Inapplicable ; Pass         ; Inapplicable ; Inapplicable ; Pass         ; Inapplicable ; Inapplicable ; Inapplicable ; Inapplicable ; Inapplicable ; Inapplicable ; Inapplicable ; Inapplicable ; Inapplicable ; Pass      ; Inapplicable ; Inapplicable ;
; CeldaA[20]         ; Inapplicable ; Inapplicable ; Inapplicable ; Inapplicable ; Inapplicable ; Pass      ; Inapplicable ; Inapplicable ; Pass      ; Pass      ; Inapplicable ; Inapplicable ; Inapplicable ; Inapplicable ; Pass         ; Inapplicable ; Inapplicable ; Pass         ; Inapplicable ; Inapplicable ; Inapplicable ; Inapplicable ; Inapplicable ; Inapplicable ; Inapplicable ; Inapplicable ; Inapplicable ; Pass      ; Inapplicable ; Inapplicable ;
; CeldaA[19]         ; Inapplicable ; Inapplicable ; Inapplicable ; Inapplicable ; Inapplicable ; Pass      ; Inapplicable ; Inapplicable ; Pass      ; Pass      ; Inapplicable ; Inapplicable ; Inapplicable ; Inapplicable ; Pass         ; Inapplicable ; Inapplicable ; Pass         ; Inapplicable ; Inapplicable ; Inapplicable ; Inapplicable ; Inapplicable ; Inapplicable ; Inapplicable ; Inapplicable ; Inapplicable ; Pass      ; Inapplicable ; Inapplicable ;
; CeldaA[18]         ; Inapplicable ; Inapplicable ; Inapplicable ; Inapplicable ; Inapplicable ; Pass      ; Inapplicable ; Inapplicable ; Pass      ; Pass      ; Inapplicable ; Inapplicable ; Inapplicable ; Inapplicable ; Pass         ; Inapplicable ; Inapplicable ; Pass         ; Inapplicable ; Inapplicable ; Inapplicable ; Inapplicable ; Inapplicable ; Inapplicable ; Inapplicable ; Inapplicable ; Inapplicable ; Pass      ; Inapplicable ; Inapplicable ;
; CeldaA[17]         ; Inapplicable ; Inapplicable ; Inapplicable ; Inapplicable ; Inapplicable ; Pass      ; Inapplicable ; Inapplicable ; Pass      ; Pass      ; Inapplicable ; Inapplicable ; Inapplicable ; Inapplicable ; Pass         ; Inapplicable ; Inapplicable ; Pass         ; Inapplicable ; Inapplicable ; Inapplicable ; Inapplicable ; Inapplicable ; Inapplicable ; Inapplicable ; Inapplicable ; Inapplicable ; Pass      ; Inapplicable ; Inapplicable ;
; CeldaA[16]         ; Inapplicable ; Inapplicable ; Inapplicable ; Inapplicable ; Inapplicable ; Pass      ; Inapplicable ; Inapplicable ; Pass      ; Pass      ; Inapplicable ; Inapplicable ; Inapplicable ; Inapplicable ; Pass         ; Inapplicable ; Inapplicable ; Pass         ; Inapplicable ; Inapplicable ; Inapplicable ; Inapplicable ; Inapplicable ; Inapplicable ; Inapplicable ; Inapplicable ; Inapplicable ; Pass      ; Inapplicable ; Inapplicable ;
; CeldaA[15]         ; Inapplicable ; Inapplicable ; Inapplicable ; Inapplicable ; Inapplicable ; Pass      ; Inapplicable ; Inapplicable ; Pass      ; Pass      ; Inapplicable ; Inapplicable ; Inapplicable ; Inapplicable ; Pass         ; Inapplicable ; Inapplicable ; Pass         ; Inapplicable ; Inapplicable ; Inapplicable ; Inapplicable ; Inapplicable ; Inapplicable ; Inapplicable ; Inapplicable ; Inapplicable ; Pass      ; Inapplicable ; Inapplicable ;
; CeldaA[14]         ; Inapplicable ; Inapplicable ; Inapplicable ; Inapplicable ; Inapplicable ; Pass      ; Inapplicable ; Inapplicable ; Pass      ; Pass      ; Inapplicable ; Inapplicable ; Inapplicable ; Inapplicable ; Pass         ; Inapplicable ; Inapplicable ; Pass         ; Inapplicable ; Inapplicable ; Inapplicable ; Inapplicable ; Inapplicable ; Inapplicable ; Inapplicable ; Inapplicable ; Inapplicable ; Pass      ; Inapplicable ; Inapplicable ;
; CeldaA[13]         ; Inapplicable ; Inapplicable ; Inapplicable ; Inapplicable ; Inapplicable ; Pass      ; Inapplicable ; Inapplicable ; Pass      ; Pass      ; Inapplicable ; Inapplicable ; Inapplicable ; Inapplicable ; Pass         ; Inapplicable ; Inapplicable ; Pass         ; Inapplicable ; Inapplicable ; Inapplicable ; Inapplicable ; Inapplicable ; Inapplicable ; Inapplicable ; Inapplicable ; Inapplicable ; Pass      ; Inapplicable ; Inapplicable ;
; CeldaA[12]         ; Inapplicable ; Inapplicable ; Inapplicable ; Inapplicable ; Inapplicable ; Pass      ; Inapplicable ; Inapplicable ; Pass      ; Pass      ; Inapplicable ; Inapplicable ; Inapplicable ; Inapplicable ; Pass         ; Inapplicable ; Inapplicable ; Pass         ; Inapplicable ; Inapplicable ; Inapplicable ; Inapplicable ; Inapplicable ; Inapplicable ; Inapplicable ; Inapplicable ; Inapplicable ; Pass      ; Inapplicable ; Inapplicable ;
; CeldaA[11]         ; Inapplicable ; Inapplicable ; Inapplicable ; Inapplicable ; Inapplicable ; Pass      ; Inapplicable ; Inapplicable ; Pass      ; Pass      ; Inapplicable ; Inapplicable ; Inapplicable ; Inapplicable ; Pass         ; Inapplicable ; Inapplicable ; Pass         ; Inapplicable ; Inapplicable ; Inapplicable ; Inapplicable ; Inapplicable ; Inapplicable ; Inapplicable ; Inapplicable ; Inapplicable ; Pass      ; Inapplicable ; Inapplicable ;
; CeldaA[10]         ; Inapplicable ; Inapplicable ; Inapplicable ; Inapplicable ; Inapplicable ; Pass      ; Inapplicable ; Inapplicable ; Pass      ; Pass      ; Inapplicable ; Inapplicable ; Inapplicable ; Inapplicable ; Pass         ; Inapplicable ; Inapplicable ; Pass         ; Inapplicable ; Inapplicable ; Inapplicable ; Inapplicable ; Inapplicable ; Inapplicable ; Inapplicable ; Inapplicable ; Inapplicable ; Pass      ; Inapplicable ; Inapplicable ;
; CeldaA[9]          ; Inapplicable ; Inapplicable ; Inapplicable ; Inapplicable ; Inapplicable ; Pass      ; Inapplicable ; Inapplicable ; Pass      ; Pass      ; Inapplicable ; Inapplicable ; Inapplicable ; Inapplicable ; Pass         ; Inapplicable ; Inapplicable ; Pass         ; Inapplicable ; Inapplicable ; Inapplicable ; Inapplicable ; Inapplicable ; Inapplicable ; Inapplicable ; Inapplicable ; Inapplicable ; Pass      ; Inapplicable ; Inapplicable ;
; CeldaA[8]          ; Inapplicable ; Inapplicable ; Inapplicable ; Inapplicable ; Inapplicable ; Pass      ; Inapplicable ; Inapplicable ; Pass      ; Pass      ; Inapplicable ; Inapplicable ; Inapplicable ; Inapplicable ; Pass         ; Inapplicable ; Inapplicable ; Pass         ; Inapplicable ; Inapplicable ; Inapplicable ; Inapplicable ; Inapplicable ; Inapplicable ; Inapplicable ; Inapplicable ; Inapplicable ; Pass      ; Inapplicable ; Inapplicable ;
; CeldaA[7]          ; Inapplicable ; Inapplicable ; Inapplicable ; Inapplicable ; Inapplicable ; Pass      ; Inapplicable ; Inapplicable ; Pass      ; Pass      ; Inapplicable ; Inapplicable ; Inapplicable ; Inapplicable ; Pass         ; Inapplicable ; Inapplicable ; Pass         ; Inapplicable ; Inapplicable ; Inapplicable ; Inapplicable ; Inapplicable ; Inapplicable ; Inapplicable ; Inapplicable ; Inapplicable ; Pass      ; Inapplicable ; Inapplicable ;
; CeldaA[6]          ; Inapplicable ; Inapplicable ; Inapplicable ; Inapplicable ; Inapplicable ; Pass      ; Inapplicable ; Inapplicable ; Pass      ; Pass      ; Inapplicable ; Inapplicable ; Inapplicable ; Inapplicable ; Pass         ; Inapplicable ; Inapplicable ; Pass         ; Inapplicable ; Inapplicable ; Inapplicable ; Inapplicable ; Inapplicable ; Inapplicable ; Inapplicable ; Inapplicable ; Inapplicable ; Pass      ; Inapplicable ; Inapplicable ;
; CeldaA[5]          ; Inapplicable ; Inapplicable ; Inapplicable ; Inapplicable ; Inapplicable ; Pass      ; Inapplicable ; Inapplicable ; Pass      ; Pass      ; Inapplicable ; Inapplicable ; Inapplicable ; Inapplicable ; Pass         ; Inapplicable ; Inapplicable ; Pass         ; Inapplicable ; Inapplicable ; Inapplicable ; Inapplicable ; Inapplicable ; Inapplicable ; Inapplicable ; Inapplicable ; Inapplicable ; Pass      ; Inapplicable ; Inapplicable ;
; CeldaA[4]          ; Inapplicable ; Inapplicable ; Inapplicable ; Inapplicable ; Inapplicable ; Pass      ; Inapplicable ; Inapplicable ; Pass      ; Pass      ; Inapplicable ; Inapplicable ; Inapplicable ; Inapplicable ; Pass         ; Inapplicable ; Inapplicable ; Pass         ; Inapplicable ; Inapplicable ; Inapplicable ; Inapplicable ; Inapplicable ; Inapplicable ; Inapplicable ; Inapplicable ; Inapplicable ; Pass      ; Inapplicable ; Inapplicable ;
; CeldaA[3]          ; Inapplicable ; Inapplicable ; Inapplicable ; Inapplicable ; Inapplicable ; Pass      ; Inapplicable ; Inapplicable ; Pass      ; Pass      ; Inapplicable ; Inapplicable ; Inapplicable ; Inapplicable ; Pass         ; Inapplicable ; Inapplicable ; Pass         ; Inapplicable ; Inapplicable ; Inapplicable ; Inapplicable ; Inapplicable ; Inapplicable ; Inapplicable ; Inapplicable ; Inapplicable ; Pass      ; Inapplicable ; Inapplicable ;
; CeldaA[2]          ; Inapplicable ; Inapplicable ; Inapplicable ; Inapplicable ; Inapplicable ; Pass      ; Inapplicable ; Inapplicable ; Pass      ; Pass      ; Inapplicable ; Inapplicable ; Inapplicable ; Inapplicable ; Pass         ; Inapplicable ; Inapplicable ; Pass         ; Inapplicable ; Inapplicable ; Inapplicable ; Inapplicable ; Inapplicable ; Inapplicable ; Inapplicable ; Inapplicable ; Inapplicable ; Pass      ; Inapplicable ; Inapplicable ;
; CeldaA[1]          ; Inapplicable ; Inapplicable ; Inapplicable ; Inapplicable ; Inapplicable ; Pass      ; Inapplicable ; Inapplicable ; Pass      ; Pass      ; Inapplicable ; Inapplicable ; Inapplicable ; Inapplicable ; Pass         ; Inapplicable ; Inapplicable ; Pass         ; Inapplicable ; Inapplicable ; Inapplicable ; Inapplicable ; Inapplicable ; Inapplicable ; Inapplicable ; Inapplicable ; Inapplicable ; Pass      ; Inapplicable ; Inapplicable ;
; CeldaA[0]          ; Inapplicable ; Inapplicable ; Inapplicable ; Inapplicable ; Inapplicable ; Pass      ; Inapplicable ; Inapplicable ; Pass      ; Pass      ; Inapplicable ; Inapplicable ; Inapplicable ; Inapplicable ; Pass         ; Inapplicable ; Inapplicable ; Pass         ; Inapplicable ; Inapplicable ; Inapplicable ; Inapplicable ; Inapplicable ; Inapplicable ; Inapplicable ; Inapplicable ; Inapplicable ; Pass      ; Inapplicable ; Inapplicable ;
; Celda11[23]        ; Inapplicable ; Inapplicable ; Inapplicable ; Inapplicable ; Inapplicable ; Pass      ; Inapplicable ; Inapplicable ; Pass      ; Pass      ; Inapplicable ; Inapplicable ; Inapplicable ; Inapplicable ; Pass         ; Inapplicable ; Inapplicable ; Pass         ; Inapplicable ; Inapplicable ; Inapplicable ; Inapplicable ; Inapplicable ; Inapplicable ; Inapplicable ; Inapplicable ; Inapplicable ; Pass      ; Inapplicable ; Inapplicable ;
; Celda11[22]        ; Inapplicable ; Inapplicable ; Inapplicable ; Inapplicable ; Inapplicable ; Pass      ; Inapplicable ; Inapplicable ; Pass      ; Pass      ; Inapplicable ; Inapplicable ; Inapplicable ; Inapplicable ; Pass         ; Inapplicable ; Inapplicable ; Pass         ; Inapplicable ; Inapplicable ; Inapplicable ; Inapplicable ; Inapplicable ; Inapplicable ; Inapplicable ; Inapplicable ; Inapplicable ; Pass      ; Inapplicable ; Inapplicable ;
; Celda11[21]        ; Inapplicable ; Inapplicable ; Inapplicable ; Inapplicable ; Inapplicable ; Pass      ; Inapplicable ; Inapplicable ; Pass      ; Pass      ; Inapplicable ; Inapplicable ; Inapplicable ; Inapplicable ; Pass         ; Inapplicable ; Inapplicable ; Pass         ; Inapplicable ; Inapplicable ; Inapplicable ; Inapplicable ; Inapplicable ; Inapplicable ; Inapplicable ; Inapplicable ; Inapplicable ; Pass      ; Inapplicable ; Inapplicable ;
; Celda11[20]        ; Inapplicable ; Inapplicable ; Inapplicable ; Inapplicable ; Inapplicable ; Pass      ; Inapplicable ; Inapplicable ; Pass      ; Pass      ; Inapplicable ; Inapplicable ; Inapplicable ; Inapplicable ; Pass         ; Inapplicable ; Inapplicable ; Pass         ; Inapplicable ; Inapplicable ; Inapplicable ; Inapplicable ; Inapplicable ; Inapplicable ; Inapplicable ; Inapplicable ; Inapplicable ; Pass      ; Inapplicable ; Inapplicable ;
; Celda11[19]        ; Inapplicable ; Inapplicable ; Inapplicable ; Inapplicable ; Inapplicable ; Pass      ; Inapplicable ; Inapplicable ; Pass      ; Pass      ; Inapplicable ; Inapplicable ; Inapplicable ; Inapplicable ; Pass         ; Inapplicable ; Inapplicable ; Pass         ; Inapplicable ; Inapplicable ; Inapplicable ; Inapplicable ; Inapplicable ; Inapplicable ; Inapplicable ; Inapplicable ; Inapplicable ; Pass      ; Inapplicable ; Inapplicable ;
; Celda11[18]        ; Inapplicable ; Inapplicable ; Inapplicable ; Inapplicable ; Inapplicable ; Pass      ; Inapplicable ; Inapplicable ; Pass      ; Pass      ; Inapplicable ; Inapplicable ; Inapplicable ; Inapplicable ; Pass         ; Inapplicable ; Inapplicable ; Pass         ; Inapplicable ; Inapplicable ; Inapplicable ; Inapplicable ; Inapplicable ; Inapplicable ; Inapplicable ; Inapplicable ; Inapplicable ; Pass      ; Inapplicable ; Inapplicable ;
; Celda11[17]        ; Inapplicable ; Inapplicable ; Inapplicable ; Inapplicable ; Inapplicable ; Pass      ; Inapplicable ; Inapplicable ; Pass      ; Pass      ; Inapplicable ; Inapplicable ; Inapplicable ; Inapplicable ; Pass         ; Inapplicable ; Inapplicable ; Pass         ; Inapplicable ; Inapplicable ; Inapplicable ; Inapplicable ; Inapplicable ; Inapplicable ; Inapplicable ; Inapplicable ; Inapplicable ; Pass      ; Inapplicable ; Inapplicable ;
; Celda11[16]        ; Inapplicable ; Inapplicable ; Inapplicable ; Inapplicable ; Inapplicable ; Pass      ; Inapplicable ; Inapplicable ; Pass      ; Pass      ; Inapplicable ; Inapplicable ; Inapplicable ; Inapplicable ; Pass         ; Inapplicable ; Inapplicable ; Pass         ; Inapplicable ; Inapplicable ; Inapplicable ; Inapplicable ; Inapplicable ; Inapplicable ; Inapplicable ; Inapplicable ; Inapplicable ; Pass      ; Inapplicable ; Inapplicable ;
; Celda11[15]        ; Inapplicable ; Inapplicable ; Inapplicable ; Inapplicable ; Inapplicable ; Pass      ; Inapplicable ; Inapplicable ; Pass      ; Pass      ; Inapplicable ; Inapplicable ; Inapplicable ; Inapplicable ; Pass         ; Inapplicable ; Inapplicable ; Pass         ; Inapplicable ; Inapplicable ; Inapplicable ; Inapplicable ; Inapplicable ; Inapplicable ; Inapplicable ; Inapplicable ; Inapplicable ; Pass      ; Inapplicable ; Inapplicable ;
; Celda11[14]        ; Inapplicable ; Inapplicable ; Inapplicable ; Inapplicable ; Inapplicable ; Pass      ; Inapplicable ; Inapplicable ; Pass      ; Pass      ; Inapplicable ; Inapplicable ; Inapplicable ; Inapplicable ; Pass         ; Inapplicable ; Inapplicable ; Pass         ; Inapplicable ; Inapplicable ; Inapplicable ; Inapplicable ; Inapplicable ; Inapplicable ; Inapplicable ; Inapplicable ; Inapplicable ; Pass      ; Inapplicable ; Inapplicable ;
; Celda11[13]        ; Inapplicable ; Inapplicable ; Inapplicable ; Inapplicable ; Inapplicable ; Pass      ; Inapplicable ; Inapplicable ; Pass      ; Pass      ; Inapplicable ; Inapplicable ; Inapplicable ; Inapplicable ; Pass         ; Inapplicable ; Inapplicable ; Pass         ; Inapplicable ; Inapplicable ; Inapplicable ; Inapplicable ; Inapplicable ; Inapplicable ; Inapplicable ; Inapplicable ; Inapplicable ; Pass      ; Inapplicable ; Inapplicable ;
; Celda11[12]        ; Inapplicable ; Inapplicable ; Inapplicable ; Inapplicable ; Inapplicable ; Pass      ; Inapplicable ; Inapplicable ; Pass      ; Pass      ; Inapplicable ; Inapplicable ; Inapplicable ; Inapplicable ; Pass         ; Inapplicable ; Inapplicable ; Pass         ; Inapplicable ; Inapplicable ; Inapplicable ; Inapplicable ; Inapplicable ; Inapplicable ; Inapplicable ; Inapplicable ; Inapplicable ; Pass      ; Inapplicable ; Inapplicable ;
; Celda11[11]        ; Inapplicable ; Inapplicable ; Inapplicable ; Inapplicable ; Inapplicable ; Pass      ; Inapplicable ; Inapplicable ; Pass      ; Pass      ; Inapplicable ; Inapplicable ; Inapplicable ; Inapplicable ; Pass         ; Inapplicable ; Inapplicable ; Pass         ; Inapplicable ; Inapplicable ; Inapplicable ; Inapplicable ; Inapplicable ; Inapplicable ; Inapplicable ; Inapplicable ; Inapplicable ; Pass      ; Inapplicable ; Inapplicable ;
; Celda11[10]        ; Inapplicable ; Inapplicable ; Inapplicable ; Inapplicable ; Inapplicable ; Pass      ; Inapplicable ; Inapplicable ; Pass      ; Pass      ; Inapplicable ; Inapplicable ; Inapplicable ; Inapplicable ; Pass         ; Inapplicable ; Inapplicable ; Pass         ; Inapplicable ; Inapplicable ; Inapplicable ; Inapplicable ; Inapplicable ; Inapplicable ; Inapplicable ; Inapplicable ; Inapplicable ; Pass      ; Inapplicable ; Inapplicable ;
; Celda11[9]         ; Inapplicable ; Inapplicable ; Inapplicable ; Inapplicable ; Inapplicable ; Pass      ; Inapplicable ; Inapplicable ; Pass      ; Pass      ; Inapplicable ; Inapplicable ; Inapplicable ; Inapplicable ; Pass         ; Inapplicable ; Inapplicable ; Pass         ; Inapplicable ; Inapplicable ; Inapplicable ; Inapplicable ; Inapplicable ; Inapplicable ; Inapplicable ; Inapplicable ; Inapplicable ; Pass      ; Inapplicable ; Inapplicable ;
; Celda11[8]         ; Inapplicable ; Inapplicable ; Inapplicable ; Inapplicable ; Inapplicable ; Pass      ; Inapplicable ; Inapplicable ; Pass      ; Pass      ; Inapplicable ; Inapplicable ; Inapplicable ; Inapplicable ; Pass         ; Inapplicable ; Inapplicable ; Pass         ; Inapplicable ; Inapplicable ; Inapplicable ; Inapplicable ; Inapplicable ; Inapplicable ; Inapplicable ; Inapplicable ; Inapplicable ; Pass      ; Inapplicable ; Inapplicable ;
; Celda11[7]         ; Inapplicable ; Inapplicable ; Inapplicable ; Inapplicable ; Inapplicable ; Pass      ; Inapplicable ; Inapplicable ; Pass      ; Pass      ; Inapplicable ; Inapplicable ; Inapplicable ; Inapplicable ; Pass         ; Inapplicable ; Inapplicable ; Pass         ; Inapplicable ; Inapplicable ; Inapplicable ; Inapplicable ; Inapplicable ; Inapplicable ; Inapplicable ; Inapplicable ; Inapplicable ; Pass      ; Inapplicable ; Inapplicable ;
; Celda11[6]         ; Inapplicable ; Inapplicable ; Inapplicable ; Inapplicable ; Inapplicable ; Pass      ; Inapplicable ; Inapplicable ; Pass      ; Pass      ; Inapplicable ; Inapplicable ; Inapplicable ; Inapplicable ; Pass         ; Inapplicable ; Inapplicable ; Pass         ; Inapplicable ; Inapplicable ; Inapplicable ; Inapplicable ; Inapplicable ; Inapplicable ; Inapplicable ; Inapplicable ; Inapplicable ; Pass      ; Inapplicable ; Inapplicable ;
; Celda11[5]         ; Inapplicable ; Inapplicable ; Inapplicable ; Inapplicable ; Inapplicable ; Pass      ; Inapplicable ; Inapplicable ; Pass      ; Pass      ; Inapplicable ; Inapplicable ; Inapplicable ; Inapplicable ; Pass         ; Inapplicable ; Inapplicable ; Pass         ; Inapplicable ; Inapplicable ; Inapplicable ; Inapplicable ; Inapplicable ; Inapplicable ; Inapplicable ; Inapplicable ; Inapplicable ; Pass      ; Inapplicable ; Inapplicable ;
; Celda11[4]         ; Inapplicable ; Inapplicable ; Inapplicable ; Inapplicable ; Inapplicable ; Pass      ; Inapplicable ; Inapplicable ; Pass      ; Pass      ; Inapplicable ; Inapplicable ; Inapplicable ; Inapplicable ; Pass         ; Inapplicable ; Inapplicable ; Pass         ; Inapplicable ; Inapplicable ; Inapplicable ; Inapplicable ; Inapplicable ; Inapplicable ; Inapplicable ; Inapplicable ; Inapplicable ; Pass      ; Inapplicable ; Inapplicable ;
; Celda11[3]         ; Inapplicable ; Inapplicable ; Inapplicable ; Inapplicable ; Inapplicable ; Pass      ; Inapplicable ; Inapplicable ; Pass      ; Pass      ; Inapplicable ; Inapplicable ; Inapplicable ; Inapplicable ; Pass         ; Inapplicable ; Inapplicable ; Pass         ; Inapplicable ; Inapplicable ; Inapplicable ; Inapplicable ; Inapplicable ; Inapplicable ; Inapplicable ; Inapplicable ; Inapplicable ; Pass      ; Inapplicable ; Inapplicable ;
; Celda11[2]         ; Inapplicable ; Inapplicable ; Inapplicable ; Inapplicable ; Inapplicable ; Pass      ; Inapplicable ; Inapplicable ; Pass      ; Pass      ; Inapplicable ; Inapplicable ; Inapplicable ; Inapplicable ; Pass         ; Inapplicable ; Inapplicable ; Pass         ; Inapplicable ; Inapplicable ; Inapplicable ; Inapplicable ; Inapplicable ; Inapplicable ; Inapplicable ; Inapplicable ; Inapplicable ; Pass      ; Inapplicable ; Inapplicable ;
; Celda11[1]         ; Inapplicable ; Inapplicable ; Inapplicable ; Inapplicable ; Inapplicable ; Pass      ; Inapplicable ; Inapplicable ; Pass      ; Pass      ; Inapplicable ; Inapplicable ; Inapplicable ; Inapplicable ; Pass         ; Inapplicable ; Inapplicable ; Pass         ; Inapplicable ; Inapplicable ; Inapplicable ; Inapplicable ; Inapplicable ; Inapplicable ; Inapplicable ; Inapplicable ; Inapplicable ; Pass      ; Inapplicable ; Inapplicable ;
; Celda11[0]         ; Inapplicable ; Inapplicable ; Inapplicable ; Inapplicable ; Inapplicable ; Pass      ; Inapplicable ; Inapplicable ; Pass      ; Pass      ; Inapplicable ; Inapplicable ; Inapplicable ; Inapplicable ; Pass         ; Inapplicable ; Inapplicable ; Pass         ; Inapplicable ; Inapplicable ; Inapplicable ; Inapplicable ; Inapplicable ; Inapplicable ; Inapplicable ; Inapplicable ; Inapplicable ; Pass      ; Inapplicable ; Inapplicable ;
; Celda12[23]        ; Inapplicable ; Inapplicable ; Inapplicable ; Inapplicable ; Inapplicable ; Pass      ; Inapplicable ; Inapplicable ; Pass      ; Pass      ; Inapplicable ; Inapplicable ; Inapplicable ; Inapplicable ; Pass         ; Inapplicable ; Inapplicable ; Pass         ; Inapplicable ; Inapplicable ; Inapplicable ; Inapplicable ; Inapplicable ; Inapplicable ; Inapplicable ; Inapplicable ; Inapplicable ; Pass      ; Inapplicable ; Inapplicable ;
; Celda12[22]        ; Inapplicable ; Inapplicable ; Inapplicable ; Inapplicable ; Inapplicable ; Pass      ; Inapplicable ; Inapplicable ; Pass      ; Pass      ; Inapplicable ; Inapplicable ; Inapplicable ; Inapplicable ; Pass         ; Inapplicable ; Inapplicable ; Pass         ; Inapplicable ; Inapplicable ; Inapplicable ; Inapplicable ; Inapplicable ; Inapplicable ; Inapplicable ; Inapplicable ; Inapplicable ; Pass      ; Inapplicable ; Inapplicable ;
; Celda12[21]        ; Inapplicable ; Inapplicable ; Inapplicable ; Inapplicable ; Inapplicable ; Pass      ; Inapplicable ; Inapplicable ; Pass      ; Pass      ; Inapplicable ; Inapplicable ; Inapplicable ; Inapplicable ; Pass         ; Inapplicable ; Inapplicable ; Pass         ; Inapplicable ; Inapplicable ; Inapplicable ; Inapplicable ; Inapplicable ; Inapplicable ; Inapplicable ; Inapplicable ; Inapplicable ; Pass      ; Inapplicable ; Inapplicable ;
; Celda12[20]        ; Inapplicable ; Inapplicable ; Inapplicable ; Inapplicable ; Inapplicable ; Pass      ; Inapplicable ; Inapplicable ; Pass      ; Pass      ; Inapplicable ; Inapplicable ; Inapplicable ; Inapplicable ; Pass         ; Inapplicable ; Inapplicable ; Pass         ; Inapplicable ; Inapplicable ; Inapplicable ; Inapplicable ; Inapplicable ; Inapplicable ; Inapplicable ; Inapplicable ; Inapplicable ; Pass      ; Inapplicable ; Inapplicable ;
; Celda12[19]        ; Inapplicable ; Inapplicable ; Inapplicable ; Inapplicable ; Inapplicable ; Pass      ; Inapplicable ; Inapplicable ; Pass      ; Pass      ; Inapplicable ; Inapplicable ; Inapplicable ; Inapplicable ; Pass         ; Inapplicable ; Inapplicable ; Pass         ; Inapplicable ; Inapplicable ; Inapplicable ; Inapplicable ; Inapplicable ; Inapplicable ; Inapplicable ; Inapplicable ; Inapplicable ; Pass      ; Inapplicable ; Inapplicable ;
; Celda12[18]        ; Inapplicable ; Inapplicable ; Inapplicable ; Inapplicable ; Inapplicable ; Pass      ; Inapplicable ; Inapplicable ; Pass      ; Pass      ; Inapplicable ; Inapplicable ; Inapplicable ; Inapplicable ; Pass         ; Inapplicable ; Inapplicable ; Pass         ; Inapplicable ; Inapplicable ; Inapplicable ; Inapplicable ; Inapplicable ; Inapplicable ; Inapplicable ; Inapplicable ; Inapplicable ; Pass      ; Inapplicable ; Inapplicable ;
; Celda12[17]        ; Inapplicable ; Inapplicable ; Inapplicable ; Inapplicable ; Inapplicable ; Pass      ; Inapplicable ; Inapplicable ; Pass      ; Pass      ; Inapplicable ; Inapplicable ; Inapplicable ; Inapplicable ; Pass         ; Inapplicable ; Inapplicable ; Pass         ; Inapplicable ; Inapplicable ; Inapplicable ; Inapplicable ; Inapplicable ; Inapplicable ; Inapplicable ; Inapplicable ; Inapplicable ; Pass      ; Inapplicable ; Inapplicable ;
; Celda12[16]        ; Inapplicable ; Inapplicable ; Inapplicable ; Inapplicable ; Inapplicable ; Pass      ; Inapplicable ; Inapplicable ; Pass      ; Pass      ; Inapplicable ; Inapplicable ; Inapplicable ; Inapplicable ; Pass         ; Inapplicable ; Inapplicable ; Pass         ; Inapplicable ; Inapplicable ; Inapplicable ; Inapplicable ; Inapplicable ; Inapplicable ; Inapplicable ; Inapplicable ; Inapplicable ; Pass      ; Inapplicable ; Inapplicable ;
; Celda12[15]        ; Inapplicable ; Inapplicable ; Inapplicable ; Inapplicable ; Inapplicable ; Pass      ; Inapplicable ; Inapplicable ; Pass      ; Pass      ; Inapplicable ; Inapplicable ; Inapplicable ; Inapplicable ; Pass         ; Inapplicable ; Inapplicable ; Pass         ; Inapplicable ; Inapplicable ; Inapplicable ; Inapplicable ; Inapplicable ; Inapplicable ; Inapplicable ; Inapplicable ; Inapplicable ; Pass      ; Inapplicable ; Inapplicable ;
; Celda12[14]        ; Inapplicable ; Inapplicable ; Inapplicable ; Inapplicable ; Inapplicable ; Pass      ; Inapplicable ; Inapplicable ; Pass      ; Pass      ; Inapplicable ; Inapplicable ; Inapplicable ; Inapplicable ; Pass         ; Inapplicable ; Inapplicable ; Pass         ; Inapplicable ; Inapplicable ; Inapplicable ; Inapplicable ; Inapplicable ; Inapplicable ; Inapplicable ; Inapplicable ; Inapplicable ; Pass      ; Inapplicable ; Inapplicable ;
; Celda12[13]        ; Inapplicable ; Inapplicable ; Inapplicable ; Inapplicable ; Inapplicable ; Pass      ; Inapplicable ; Inapplicable ; Pass      ; Pass      ; Inapplicable ; Inapplicable ; Inapplicable ; Inapplicable ; Pass         ; Inapplicable ; Inapplicable ; Pass         ; Inapplicable ; Inapplicable ; Inapplicable ; Inapplicable ; Inapplicable ; Inapplicable ; Inapplicable ; Inapplicable ; Inapplicable ; Pass      ; Inapplicable ; Inapplicable ;
; Celda12[12]        ; Inapplicable ; Inapplicable ; Inapplicable ; Inapplicable ; Inapplicable ; Pass      ; Inapplicable ; Inapplicable ; Pass      ; Pass      ; Inapplicable ; Inapplicable ; Inapplicable ; Inapplicable ; Pass         ; Inapplicable ; Inapplicable ; Pass         ; Inapplicable ; Inapplicable ; Inapplicable ; Inapplicable ; Inapplicable ; Inapplicable ; Inapplicable ; Inapplicable ; Inapplicable ; Pass      ; Inapplicable ; Inapplicable ;
; Celda12[11]        ; Inapplicable ; Inapplicable ; Inapplicable ; Inapplicable ; Inapplicable ; Pass      ; Inapplicable ; Inapplicable ; Pass      ; Pass      ; Inapplicable ; Inapplicable ; Inapplicable ; Inapplicable ; Pass         ; Inapplicable ; Inapplicable ; Pass         ; Inapplicable ; Inapplicable ; Inapplicable ; Inapplicable ; Inapplicable ; Inapplicable ; Inapplicable ; Inapplicable ; Inapplicable ; Pass      ; Inapplicable ; Inapplicable ;
; Celda12[10]        ; Inapplicable ; Inapplicable ; Inapplicable ; Inapplicable ; Inapplicable ; Pass      ; Inapplicable ; Inapplicable ; Pass      ; Pass      ; Inapplicable ; Inapplicable ; Inapplicable ; Inapplicable ; Pass         ; Inapplicable ; Inapplicable ; Pass         ; Inapplicable ; Inapplicable ; Inapplicable ; Inapplicable ; Inapplicable ; Inapplicable ; Inapplicable ; Inapplicable ; Inapplicable ; Pass      ; Inapplicable ; Inapplicable ;
; Celda12[9]         ; Inapplicable ; Inapplicable ; Inapplicable ; Inapplicable ; Inapplicable ; Pass      ; Inapplicable ; Inapplicable ; Pass      ; Pass      ; Inapplicable ; Inapplicable ; Inapplicable ; Inapplicable ; Pass         ; Inapplicable ; Inapplicable ; Pass         ; Inapplicable ; Inapplicable ; Inapplicable ; Inapplicable ; Inapplicable ; Inapplicable ; Inapplicable ; Inapplicable ; Inapplicable ; Pass      ; Inapplicable ; Inapplicable ;
; Celda12[8]         ; Inapplicable ; Inapplicable ; Inapplicable ; Inapplicable ; Inapplicable ; Pass      ; Inapplicable ; Inapplicable ; Pass      ; Pass      ; Inapplicable ; Inapplicable ; Inapplicable ; Inapplicable ; Pass         ; Inapplicable ; Inapplicable ; Pass         ; Inapplicable ; Inapplicable ; Inapplicable ; Inapplicable ; Inapplicable ; Inapplicable ; Inapplicable ; Inapplicable ; Inapplicable ; Pass      ; Inapplicable ; Inapplicable ;
; Celda12[7]         ; Inapplicable ; Inapplicable ; Inapplicable ; Inapplicable ; Inapplicable ; Pass      ; Inapplicable ; Inapplicable ; Pass      ; Pass      ; Inapplicable ; Inapplicable ; Inapplicable ; Inapplicable ; Pass         ; Inapplicable ; Inapplicable ; Pass         ; Inapplicable ; Inapplicable ; Inapplicable ; Inapplicable ; Inapplicable ; Inapplicable ; Inapplicable ; Inapplicable ; Inapplicable ; Pass      ; Inapplicable ; Inapplicable ;
; Celda12[6]         ; Inapplicable ; Inapplicable ; Inapplicable ; Inapplicable ; Inapplicable ; Pass      ; Inapplicable ; Inapplicable ; Pass      ; Pass      ; Inapplicable ; Inapplicable ; Inapplicable ; Inapplicable ; Pass         ; Inapplicable ; Inapplicable ; Pass         ; Inapplicable ; Inapplicable ; Inapplicable ; Inapplicable ; Inapplicable ; Inapplicable ; Inapplicable ; Inapplicable ; Inapplicable ; Pass      ; Inapplicable ; Inapplicable ;
; Celda12[5]         ; Inapplicable ; Inapplicable ; Inapplicable ; Inapplicable ; Inapplicable ; Pass      ; Inapplicable ; Inapplicable ; Pass      ; Pass      ; Inapplicable ; Inapplicable ; Inapplicable ; Inapplicable ; Pass         ; Inapplicable ; Inapplicable ; Pass         ; Inapplicable ; Inapplicable ; Inapplicable ; Inapplicable ; Inapplicable ; Inapplicable ; Inapplicable ; Inapplicable ; Inapplicable ; Pass      ; Inapplicable ; Inapplicable ;
; Celda12[4]         ; Inapplicable ; Inapplicable ; Inapplicable ; Inapplicable ; Inapplicable ; Pass      ; Inapplicable ; Inapplicable ; Pass      ; Pass      ; Inapplicable ; Inapplicable ; Inapplicable ; Inapplicable ; Pass         ; Inapplicable ; Inapplicable ; Pass         ; Inapplicable ; Inapplicable ; Inapplicable ; Inapplicable ; Inapplicable ; Inapplicable ; Inapplicable ; Inapplicable ; Inapplicable ; Pass      ; Inapplicable ; Inapplicable ;
; Celda12[3]         ; Inapplicable ; Inapplicable ; Inapplicable ; Inapplicable ; Inapplicable ; Pass      ; Inapplicable ; Inapplicable ; Pass      ; Pass      ; Inapplicable ; Inapplicable ; Inapplicable ; Inapplicable ; Pass         ; Inapplicable ; Inapplicable ; Pass         ; Inapplicable ; Inapplicable ; Inapplicable ; Inapplicable ; Inapplicable ; Inapplicable ; Inapplicable ; Inapplicable ; Inapplicable ; Pass      ; Inapplicable ; Inapplicable ;
; Celda12[2]         ; Inapplicable ; Inapplicable ; Inapplicable ; Inapplicable ; Inapplicable ; Pass      ; Inapplicable ; Inapplicable ; Pass      ; Pass      ; Inapplicable ; Inapplicable ; Inapplicable ; Inapplicable ; Pass         ; Inapplicable ; Inapplicable ; Pass         ; Inapplicable ; Inapplicable ; Inapplicable ; Inapplicable ; Inapplicable ; Inapplicable ; Inapplicable ; Inapplicable ; Inapplicable ; Pass      ; Inapplicable ; Inapplicable ;
; Celda12[1]         ; Inapplicable ; Inapplicable ; Inapplicable ; Inapplicable ; Inapplicable ; Pass      ; Inapplicable ; Inapplicable ; Pass      ; Pass      ; Inapplicable ; Inapplicable ; Inapplicable ; Inapplicable ; Pass         ; Inapplicable ; Inapplicable ; Pass         ; Inapplicable ; Inapplicable ; Inapplicable ; Inapplicable ; Inapplicable ; Inapplicable ; Inapplicable ; Inapplicable ; Inapplicable ; Pass      ; Inapplicable ; Inapplicable ;
; Celda12[0]         ; Inapplicable ; Inapplicable ; Inapplicable ; Inapplicable ; Inapplicable ; Pass      ; Inapplicable ; Inapplicable ; Pass      ; Pass      ; Inapplicable ; Inapplicable ; Inapplicable ; Inapplicable ; Pass         ; Inapplicable ; Inapplicable ; Pass         ; Inapplicable ; Inapplicable ; Inapplicable ; Inapplicable ; Inapplicable ; Inapplicable ; Inapplicable ; Inapplicable ; Inapplicable ; Pass      ; Inapplicable ; Inapplicable ;
; Celda13[23]        ; Inapplicable ; Inapplicable ; Inapplicable ; Inapplicable ; Inapplicable ; Pass      ; Inapplicable ; Inapplicable ; Pass      ; Pass      ; Inapplicable ; Inapplicable ; Inapplicable ; Inapplicable ; Pass         ; Inapplicable ; Inapplicable ; Pass         ; Inapplicable ; Inapplicable ; Inapplicable ; Inapplicable ; Inapplicable ; Inapplicable ; Inapplicable ; Inapplicable ; Inapplicable ; Pass      ; Inapplicable ; Inapplicable ;
; Celda13[22]        ; Inapplicable ; Inapplicable ; Inapplicable ; Inapplicable ; Inapplicable ; Pass      ; Inapplicable ; Inapplicable ; Pass      ; Pass      ; Inapplicable ; Inapplicable ; Inapplicable ; Inapplicable ; Pass         ; Inapplicable ; Inapplicable ; Pass         ; Inapplicable ; Inapplicable ; Inapplicable ; Inapplicable ; Inapplicable ; Inapplicable ; Inapplicable ; Inapplicable ; Inapplicable ; Pass      ; Inapplicable ; Inapplicable ;
; Celda13[21]        ; Inapplicable ; Inapplicable ; Inapplicable ; Inapplicable ; Inapplicable ; Pass      ; Inapplicable ; Inapplicable ; Pass      ; Pass      ; Inapplicable ; Inapplicable ; Inapplicable ; Inapplicable ; Pass         ; Inapplicable ; Inapplicable ; Pass         ; Inapplicable ; Inapplicable ; Inapplicable ; Inapplicable ; Inapplicable ; Inapplicable ; Inapplicable ; Inapplicable ; Inapplicable ; Pass      ; Inapplicable ; Inapplicable ;
; Celda13[20]        ; Inapplicable ; Inapplicable ; Inapplicable ; Inapplicable ; Inapplicable ; Pass      ; Inapplicable ; Inapplicable ; Pass      ; Pass      ; Inapplicable ; Inapplicable ; Inapplicable ; Inapplicable ; Pass         ; Inapplicable ; Inapplicable ; Pass         ; Inapplicable ; Inapplicable ; Inapplicable ; Inapplicable ; Inapplicable ; Inapplicable ; Inapplicable ; Inapplicable ; Inapplicable ; Pass      ; Inapplicable ; Inapplicable ;
; Celda13[19]        ; Inapplicable ; Inapplicable ; Inapplicable ; Inapplicable ; Inapplicable ; Pass      ; Inapplicable ; Inapplicable ; Pass      ; Pass      ; Inapplicable ; Inapplicable ; Inapplicable ; Inapplicable ; Pass         ; Inapplicable ; Inapplicable ; Pass         ; Inapplicable ; Inapplicable ; Inapplicable ; Inapplicable ; Inapplicable ; Inapplicable ; Inapplicable ; Inapplicable ; Inapplicable ; Pass      ; Inapplicable ; Inapplicable ;
; Celda13[18]        ; Inapplicable ; Inapplicable ; Inapplicable ; Inapplicable ; Inapplicable ; Pass      ; Inapplicable ; Inapplicable ; Pass      ; Pass      ; Inapplicable ; Inapplicable ; Inapplicable ; Inapplicable ; Pass         ; Inapplicable ; Inapplicable ; Pass         ; Inapplicable ; Inapplicable ; Inapplicable ; Inapplicable ; Inapplicable ; Inapplicable ; Inapplicable ; Inapplicable ; Inapplicable ; Pass      ; Inapplicable ; Inapplicable ;
; Celda13[17]        ; Inapplicable ; Inapplicable ; Inapplicable ; Inapplicable ; Inapplicable ; Pass      ; Inapplicable ; Inapplicable ; Pass      ; Pass      ; Inapplicable ; Inapplicable ; Inapplicable ; Inapplicable ; Pass         ; Inapplicable ; Inapplicable ; Pass         ; Inapplicable ; Inapplicable ; Inapplicable ; Inapplicable ; Inapplicable ; Inapplicable ; Inapplicable ; Inapplicable ; Inapplicable ; Pass      ; Inapplicable ; Inapplicable ;
; Celda13[16]        ; Inapplicable ; Inapplicable ; Inapplicable ; Inapplicable ; Inapplicable ; Pass      ; Inapplicable ; Inapplicable ; Pass      ; Pass      ; Inapplicable ; Inapplicable ; Inapplicable ; Inapplicable ; Pass         ; Inapplicable ; Inapplicable ; Pass         ; Inapplicable ; Inapplicable ; Inapplicable ; Inapplicable ; Inapplicable ; Inapplicable ; Inapplicable ; Inapplicable ; Inapplicable ; Pass      ; Inapplicable ; Inapplicable ;
; Celda13[15]        ; Inapplicable ; Inapplicable ; Inapplicable ; Inapplicable ; Inapplicable ; Pass      ; Inapplicable ; Inapplicable ; Pass      ; Pass      ; Inapplicable ; Inapplicable ; Inapplicable ; Inapplicable ; Pass         ; Inapplicable ; Inapplicable ; Pass         ; Inapplicable ; Inapplicable ; Inapplicable ; Inapplicable ; Inapplicable ; Inapplicable ; Inapplicable ; Inapplicable ; Inapplicable ; Pass      ; Inapplicable ; Inapplicable ;
; Celda13[14]        ; Inapplicable ; Inapplicable ; Inapplicable ; Inapplicable ; Inapplicable ; Pass      ; Inapplicable ; Inapplicable ; Pass      ; Pass      ; Inapplicable ; Inapplicable ; Inapplicable ; Inapplicable ; Pass         ; Inapplicable ; Inapplicable ; Pass         ; Inapplicable ; Inapplicable ; Inapplicable ; Inapplicable ; Inapplicable ; Inapplicable ; Inapplicable ; Inapplicable ; Inapplicable ; Pass      ; Inapplicable ; Inapplicable ;
; Celda13[13]        ; Inapplicable ; Inapplicable ; Inapplicable ; Inapplicable ; Inapplicable ; Pass      ; Inapplicable ; Inapplicable ; Pass      ; Pass      ; Inapplicable ; Inapplicable ; Inapplicable ; Inapplicable ; Pass         ; Inapplicable ; Inapplicable ; Pass         ; Inapplicable ; Inapplicable ; Inapplicable ; Inapplicable ; Inapplicable ; Inapplicable ; Inapplicable ; Inapplicable ; Inapplicable ; Pass      ; Inapplicable ; Inapplicable ;
; Celda13[12]        ; Inapplicable ; Inapplicable ; Inapplicable ; Inapplicable ; Inapplicable ; Pass      ; Inapplicable ; Inapplicable ; Pass      ; Pass      ; Inapplicable ; Inapplicable ; Inapplicable ; Inapplicable ; Pass         ; Inapplicable ; Inapplicable ; Pass         ; Inapplicable ; Inapplicable ; Inapplicable ; Inapplicable ; Inapplicable ; Inapplicable ; Inapplicable ; Inapplicable ; Inapplicable ; Pass      ; Inapplicable ; Inapplicable ;
; Celda13[11]        ; Inapplicable ; Inapplicable ; Inapplicable ; Inapplicable ; Inapplicable ; Pass      ; Inapplicable ; Inapplicable ; Pass      ; Pass      ; Inapplicable ; Inapplicable ; Inapplicable ; Inapplicable ; Pass         ; Inapplicable ; Inapplicable ; Pass         ; Inapplicable ; Inapplicable ; Inapplicable ; Inapplicable ; Inapplicable ; Inapplicable ; Inapplicable ; Inapplicable ; Inapplicable ; Pass      ; Inapplicable ; Inapplicable ;
; Celda13[10]        ; Inapplicable ; Inapplicable ; Inapplicable ; Inapplicable ; Inapplicable ; Pass      ; Inapplicable ; Inapplicable ; Pass      ; Pass      ; Inapplicable ; Inapplicable ; Inapplicable ; Inapplicable ; Pass         ; Inapplicable ; Inapplicable ; Pass         ; Inapplicable ; Inapplicable ; Inapplicable ; Inapplicable ; Inapplicable ; Inapplicable ; Inapplicable ; Inapplicable ; Inapplicable ; Pass      ; Inapplicable ; Inapplicable ;
; Celda13[9]         ; Inapplicable ; Inapplicable ; Inapplicable ; Inapplicable ; Inapplicable ; Pass      ; Inapplicable ; Inapplicable ; Pass      ; Pass      ; Inapplicable ; Inapplicable ; Inapplicable ; Inapplicable ; Pass         ; Inapplicable ; Inapplicable ; Pass         ; Inapplicable ; Inapplicable ; Inapplicable ; Inapplicable ; Inapplicable ; Inapplicable ; Inapplicable ; Inapplicable ; Inapplicable ; Pass      ; Inapplicable ; Inapplicable ;
; Celda13[8]         ; Inapplicable ; Inapplicable ; Inapplicable ; Inapplicable ; Inapplicable ; Pass      ; Inapplicable ; Inapplicable ; Pass      ; Pass      ; Inapplicable ; Inapplicable ; Inapplicable ; Inapplicable ; Pass         ; Inapplicable ; Inapplicable ; Pass         ; Inapplicable ; Inapplicable ; Inapplicable ; Inapplicable ; Inapplicable ; Inapplicable ; Inapplicable ; Inapplicable ; Inapplicable ; Pass      ; Inapplicable ; Inapplicable ;
; Celda13[7]         ; Inapplicable ; Inapplicable ; Inapplicable ; Inapplicable ; Inapplicable ; Pass      ; Inapplicable ; Inapplicable ; Pass      ; Pass      ; Inapplicable ; Inapplicable ; Inapplicable ; Inapplicable ; Pass         ; Inapplicable ; Inapplicable ; Pass         ; Inapplicable ; Inapplicable ; Inapplicable ; Inapplicable ; Inapplicable ; Inapplicable ; Inapplicable ; Inapplicable ; Inapplicable ; Pass      ; Inapplicable ; Inapplicable ;
; Celda13[6]         ; Inapplicable ; Inapplicable ; Inapplicable ; Inapplicable ; Inapplicable ; Pass      ; Inapplicable ; Inapplicable ; Pass      ; Pass      ; Inapplicable ; Inapplicable ; Inapplicable ; Inapplicable ; Pass         ; Inapplicable ; Inapplicable ; Pass         ; Inapplicable ; Inapplicable ; Inapplicable ; Inapplicable ; Inapplicable ; Inapplicable ; Inapplicable ; Inapplicable ; Inapplicable ; Pass      ; Inapplicable ; Inapplicable ;
; Celda13[5]         ; Inapplicable ; Inapplicable ; Inapplicable ; Inapplicable ; Inapplicable ; Pass      ; Inapplicable ; Inapplicable ; Pass      ; Pass      ; Inapplicable ; Inapplicable ; Inapplicable ; Inapplicable ; Pass         ; Inapplicable ; Inapplicable ; Pass         ; Inapplicable ; Inapplicable ; Inapplicable ; Inapplicable ; Inapplicable ; Inapplicable ; Inapplicable ; Inapplicable ; Inapplicable ; Pass      ; Inapplicable ; Inapplicable ;
; Celda13[4]         ; Inapplicable ; Inapplicable ; Inapplicable ; Inapplicable ; Inapplicable ; Pass      ; Inapplicable ; Inapplicable ; Pass      ; Pass      ; Inapplicable ; Inapplicable ; Inapplicable ; Inapplicable ; Pass         ; Inapplicable ; Inapplicable ; Pass         ; Inapplicable ; Inapplicable ; Inapplicable ; Inapplicable ; Inapplicable ; Inapplicable ; Inapplicable ; Inapplicable ; Inapplicable ; Pass      ; Inapplicable ; Inapplicable ;
; Celda13[3]         ; Inapplicable ; Inapplicable ; Inapplicable ; Inapplicable ; Inapplicable ; Pass      ; Inapplicable ; Inapplicable ; Pass      ; Pass      ; Inapplicable ; Inapplicable ; Inapplicable ; Inapplicable ; Pass         ; Inapplicable ; Inapplicable ; Pass         ; Inapplicable ; Inapplicable ; Inapplicable ; Inapplicable ; Inapplicable ; Inapplicable ; Inapplicable ; Inapplicable ; Inapplicable ; Pass      ; Inapplicable ; Inapplicable ;
; Celda13[2]         ; Inapplicable ; Inapplicable ; Inapplicable ; Inapplicable ; Inapplicable ; Pass      ; Inapplicable ; Inapplicable ; Pass      ; Pass      ; Inapplicable ; Inapplicable ; Inapplicable ; Inapplicable ; Pass         ; Inapplicable ; Inapplicable ; Pass         ; Inapplicable ; Inapplicable ; Inapplicable ; Inapplicable ; Inapplicable ; Inapplicable ; Inapplicable ; Inapplicable ; Inapplicable ; Pass      ; Inapplicable ; Inapplicable ;
; Celda13[1]         ; Inapplicable ; Inapplicable ; Inapplicable ; Inapplicable ; Inapplicable ; Pass      ; Inapplicable ; Inapplicable ; Pass      ; Pass      ; Inapplicable ; Inapplicable ; Inapplicable ; Inapplicable ; Pass         ; Inapplicable ; Inapplicable ; Pass         ; Inapplicable ; Inapplicable ; Inapplicable ; Inapplicable ; Inapplicable ; Inapplicable ; Inapplicable ; Inapplicable ; Inapplicable ; Pass      ; Inapplicable ; Inapplicable ;
; Celda13[0]         ; Inapplicable ; Inapplicable ; Inapplicable ; Inapplicable ; Inapplicable ; Pass      ; Inapplicable ; Inapplicable ; Pass      ; Pass      ; Inapplicable ; Inapplicable ; Inapplicable ; Inapplicable ; Pass         ; Inapplicable ; Inapplicable ; Pass         ; Inapplicable ; Inapplicable ; Inapplicable ; Inapplicable ; Inapplicable ; Inapplicable ; Inapplicable ; Inapplicable ; Inapplicable ; Pass      ; Inapplicable ; Inapplicable ;
; Celda14[23]        ; Inapplicable ; Inapplicable ; Inapplicable ; Inapplicable ; Inapplicable ; Pass      ; Inapplicable ; Inapplicable ; Pass      ; Pass      ; Inapplicable ; Inapplicable ; Inapplicable ; Inapplicable ; Pass         ; Inapplicable ; Inapplicable ; Pass         ; Inapplicable ; Inapplicable ; Inapplicable ; Inapplicable ; Inapplicable ; Inapplicable ; Inapplicable ; Inapplicable ; Inapplicable ; Pass      ; Inapplicable ; Inapplicable ;
; Celda14[22]        ; Inapplicable ; Inapplicable ; Inapplicable ; Inapplicable ; Inapplicable ; Pass      ; Inapplicable ; Inapplicable ; Pass      ; Pass      ; Inapplicable ; Inapplicable ; Inapplicable ; Inapplicable ; Pass         ; Inapplicable ; Inapplicable ; Pass         ; Inapplicable ; Inapplicable ; Inapplicable ; Inapplicable ; Inapplicable ; Inapplicable ; Inapplicable ; Inapplicable ; Inapplicable ; Pass      ; Inapplicable ; Inapplicable ;
; Celda14[21]        ; Inapplicable ; Inapplicable ; Inapplicable ; Inapplicable ; Inapplicable ; Pass      ; Inapplicable ; Inapplicable ; Pass      ; Pass      ; Inapplicable ; Inapplicable ; Inapplicable ; Inapplicable ; Pass         ; Inapplicable ; Inapplicable ; Pass         ; Inapplicable ; Inapplicable ; Inapplicable ; Inapplicable ; Inapplicable ; Inapplicable ; Inapplicable ; Inapplicable ; Inapplicable ; Pass      ; Inapplicable ; Inapplicable ;
; Celda14[20]        ; Inapplicable ; Inapplicable ; Inapplicable ; Inapplicable ; Inapplicable ; Pass      ; Inapplicable ; Inapplicable ; Pass      ; Pass      ; Inapplicable ; Inapplicable ; Inapplicable ; Inapplicable ; Pass         ; Inapplicable ; Inapplicable ; Pass         ; Inapplicable ; Inapplicable ; Inapplicable ; Inapplicable ; Inapplicable ; Inapplicable ; Inapplicable ; Inapplicable ; Inapplicable ; Pass      ; Inapplicable ; Inapplicable ;
; Celda14[19]        ; Inapplicable ; Inapplicable ; Inapplicable ; Inapplicable ; Inapplicable ; Pass      ; Inapplicable ; Inapplicable ; Pass      ; Pass      ; Inapplicable ; Inapplicable ; Inapplicable ; Inapplicable ; Pass         ; Inapplicable ; Inapplicable ; Pass         ; Inapplicable ; Inapplicable ; Inapplicable ; Inapplicable ; Inapplicable ; Inapplicable ; Inapplicable ; Inapplicable ; Inapplicable ; Pass      ; Inapplicable ; Inapplicable ;
; Celda14[18]        ; Inapplicable ; Inapplicable ; Inapplicable ; Inapplicable ; Inapplicable ; Pass      ; Inapplicable ; Inapplicable ; Pass      ; Pass      ; Inapplicable ; Inapplicable ; Inapplicable ; Inapplicable ; Pass         ; Inapplicable ; Inapplicable ; Pass         ; Inapplicable ; Inapplicable ; Inapplicable ; Inapplicable ; Inapplicable ; Inapplicable ; Inapplicable ; Inapplicable ; Inapplicable ; Pass      ; Inapplicable ; Inapplicable ;
; Celda14[17]        ; Inapplicable ; Inapplicable ; Inapplicable ; Inapplicable ; Inapplicable ; Pass      ; Inapplicable ; Inapplicable ; Pass      ; Pass      ; Inapplicable ; Inapplicable ; Inapplicable ; Inapplicable ; Pass         ; Inapplicable ; Inapplicable ; Pass         ; Inapplicable ; Inapplicable ; Inapplicable ; Inapplicable ; Inapplicable ; Inapplicable ; Inapplicable ; Inapplicable ; Inapplicable ; Pass      ; Inapplicable ; Inapplicable ;
; Celda14[16]        ; Inapplicable ; Inapplicable ; Inapplicable ; Inapplicable ; Inapplicable ; Pass      ; Inapplicable ; Inapplicable ; Pass      ; Pass      ; Inapplicable ; Inapplicable ; Inapplicable ; Inapplicable ; Pass         ; Inapplicable ; Inapplicable ; Pass         ; Inapplicable ; Inapplicable ; Inapplicable ; Inapplicable ; Inapplicable ; Inapplicable ; Inapplicable ; Inapplicable ; Inapplicable ; Pass      ; Inapplicable ; Inapplicable ;
; Celda14[15]        ; Inapplicable ; Inapplicable ; Inapplicable ; Inapplicable ; Inapplicable ; Pass      ; Inapplicable ; Inapplicable ; Pass      ; Pass      ; Inapplicable ; Inapplicable ; Inapplicable ; Inapplicable ; Pass         ; Inapplicable ; Inapplicable ; Pass         ; Inapplicable ; Inapplicable ; Inapplicable ; Inapplicable ; Inapplicable ; Inapplicable ; Inapplicable ; Inapplicable ; Inapplicable ; Pass      ; Inapplicable ; Inapplicable ;
; Celda14[14]        ; Inapplicable ; Inapplicable ; Inapplicable ; Inapplicable ; Inapplicable ; Pass      ; Inapplicable ; Inapplicable ; Pass      ; Pass      ; Inapplicable ; Inapplicable ; Inapplicable ; Inapplicable ; Pass         ; Inapplicable ; Inapplicable ; Pass         ; Inapplicable ; Inapplicable ; Inapplicable ; Inapplicable ; Inapplicable ; Inapplicable ; Inapplicable ; Inapplicable ; Inapplicable ; Pass      ; Inapplicable ; Inapplicable ;
; Celda14[13]        ; Inapplicable ; Inapplicable ; Inapplicable ; Inapplicable ; Inapplicable ; Pass      ; Inapplicable ; Inapplicable ; Pass      ; Pass      ; Inapplicable ; Inapplicable ; Inapplicable ; Inapplicable ; Pass         ; Inapplicable ; Inapplicable ; Pass         ; Inapplicable ; Inapplicable ; Inapplicable ; Inapplicable ; Inapplicable ; Inapplicable ; Inapplicable ; Inapplicable ; Inapplicable ; Pass      ; Inapplicable ; Inapplicable ;
; Celda14[12]        ; Inapplicable ; Inapplicable ; Inapplicable ; Inapplicable ; Inapplicable ; Pass      ; Inapplicable ; Inapplicable ; Pass      ; Pass      ; Inapplicable ; Inapplicable ; Inapplicable ; Inapplicable ; Pass         ; Inapplicable ; Inapplicable ; Pass         ; Inapplicable ; Inapplicable ; Inapplicable ; Inapplicable ; Inapplicable ; Inapplicable ; Inapplicable ; Inapplicable ; Inapplicable ; Pass      ; Inapplicable ; Inapplicable ;
; Celda14[11]        ; Inapplicable ; Inapplicable ; Inapplicable ; Inapplicable ; Inapplicable ; Pass      ; Inapplicable ; Inapplicable ; Pass      ; Pass      ; Inapplicable ; Inapplicable ; Inapplicable ; Inapplicable ; Pass         ; Inapplicable ; Inapplicable ; Pass         ; Inapplicable ; Inapplicable ; Inapplicable ; Inapplicable ; Inapplicable ; Inapplicable ; Inapplicable ; Inapplicable ; Inapplicable ; Pass      ; Inapplicable ; Inapplicable ;
; Celda14[10]        ; Inapplicable ; Inapplicable ; Inapplicable ; Inapplicable ; Inapplicable ; Pass      ; Inapplicable ; Inapplicable ; Pass      ; Pass      ; Inapplicable ; Inapplicable ; Inapplicable ; Inapplicable ; Pass         ; Inapplicable ; Inapplicable ; Pass         ; Inapplicable ; Inapplicable ; Inapplicable ; Inapplicable ; Inapplicable ; Inapplicable ; Inapplicable ; Inapplicable ; Inapplicable ; Pass      ; Inapplicable ; Inapplicable ;
; Celda14[9]         ; Inapplicable ; Inapplicable ; Inapplicable ; Inapplicable ; Inapplicable ; Pass      ; Inapplicable ; Inapplicable ; Pass      ; Pass      ; Inapplicable ; Inapplicable ; Inapplicable ; Inapplicable ; Pass         ; Inapplicable ; Inapplicable ; Pass         ; Inapplicable ; Inapplicable ; Inapplicable ; Inapplicable ; Inapplicable ; Inapplicable ; Inapplicable ; Inapplicable ; Inapplicable ; Pass      ; Inapplicable ; Inapplicable ;
; Celda14[8]         ; Inapplicable ; Inapplicable ; Inapplicable ; Inapplicable ; Inapplicable ; Pass      ; Inapplicable ; Inapplicable ; Pass      ; Pass      ; Inapplicable ; Inapplicable ; Inapplicable ; Inapplicable ; Pass         ; Inapplicable ; Inapplicable ; Pass         ; Inapplicable ; Inapplicable ; Inapplicable ; Inapplicable ; Inapplicable ; Inapplicable ; Inapplicable ; Inapplicable ; Inapplicable ; Pass      ; Inapplicable ; Inapplicable ;
; Celda14[7]         ; Inapplicable ; Inapplicable ; Inapplicable ; Inapplicable ; Inapplicable ; Pass      ; Inapplicable ; Inapplicable ; Pass      ; Pass      ; Inapplicable ; Inapplicable ; Inapplicable ; Inapplicable ; Pass         ; Inapplicable ; Inapplicable ; Pass         ; Inapplicable ; Inapplicable ; Inapplicable ; Inapplicable ; Inapplicable ; Inapplicable ; Inapplicable ; Inapplicable ; Inapplicable ; Pass      ; Inapplicable ; Inapplicable ;
; Celda14[6]         ; Inapplicable ; Inapplicable ; Inapplicable ; Inapplicable ; Inapplicable ; Pass      ; Inapplicable ; Inapplicable ; Pass      ; Pass      ; Inapplicable ; Inapplicable ; Inapplicable ; Inapplicable ; Pass         ; Inapplicable ; Inapplicable ; Pass         ; Inapplicable ; Inapplicable ; Inapplicable ; Inapplicable ; Inapplicable ; Inapplicable ; Inapplicable ; Inapplicable ; Inapplicable ; Pass      ; Inapplicable ; Inapplicable ;
; Celda14[5]         ; Inapplicable ; Inapplicable ; Inapplicable ; Inapplicable ; Inapplicable ; Pass      ; Inapplicable ; Inapplicable ; Pass      ; Pass      ; Inapplicable ; Inapplicable ; Inapplicable ; Inapplicable ; Pass         ; Inapplicable ; Inapplicable ; Pass         ; Inapplicable ; Inapplicable ; Inapplicable ; Inapplicable ; Inapplicable ; Inapplicable ; Inapplicable ; Inapplicable ; Inapplicable ; Pass      ; Inapplicable ; Inapplicable ;
; Celda14[4]         ; Inapplicable ; Inapplicable ; Inapplicable ; Inapplicable ; Inapplicable ; Pass      ; Inapplicable ; Inapplicable ; Pass      ; Pass      ; Inapplicable ; Inapplicable ; Inapplicable ; Inapplicable ; Pass         ; Inapplicable ; Inapplicable ; Pass         ; Inapplicable ; Inapplicable ; Inapplicable ; Inapplicable ; Inapplicable ; Inapplicable ; Inapplicable ; Inapplicable ; Inapplicable ; Pass      ; Inapplicable ; Inapplicable ;
; Celda14[3]         ; Inapplicable ; Inapplicable ; Inapplicable ; Inapplicable ; Inapplicable ; Pass      ; Inapplicable ; Inapplicable ; Pass      ; Pass      ; Inapplicable ; Inapplicable ; Inapplicable ; Inapplicable ; Pass         ; Inapplicable ; Inapplicable ; Pass         ; Inapplicable ; Inapplicable ; Inapplicable ; Inapplicable ; Inapplicable ; Inapplicable ; Inapplicable ; Inapplicable ; Inapplicable ; Pass      ; Inapplicable ; Inapplicable ;
; Celda14[2]         ; Inapplicable ; Inapplicable ; Inapplicable ; Inapplicable ; Inapplicable ; Pass      ; Inapplicable ; Inapplicable ; Pass      ; Pass      ; Inapplicable ; Inapplicable ; Inapplicable ; Inapplicable ; Pass         ; Inapplicable ; Inapplicable ; Pass         ; Inapplicable ; Inapplicable ; Inapplicable ; Inapplicable ; Inapplicable ; Inapplicable ; Inapplicable ; Inapplicable ; Inapplicable ; Pass      ; Inapplicable ; Inapplicable ;
; Celda14[1]         ; Inapplicable ; Inapplicable ; Inapplicable ; Inapplicable ; Inapplicable ; Pass      ; Inapplicable ; Inapplicable ; Pass      ; Pass      ; Inapplicable ; Inapplicable ; Inapplicable ; Inapplicable ; Pass         ; Inapplicable ; Inapplicable ; Pass         ; Inapplicable ; Inapplicable ; Inapplicable ; Inapplicable ; Inapplicable ; Inapplicable ; Inapplicable ; Inapplicable ; Inapplicable ; Pass      ; Inapplicable ; Inapplicable ;
; Celda14[0]         ; Inapplicable ; Inapplicable ; Inapplicable ; Inapplicable ; Inapplicable ; Pass      ; Inapplicable ; Inapplicable ; Pass      ; Pass      ; Inapplicable ; Inapplicable ; Inapplicable ; Inapplicable ; Pass         ; Inapplicable ; Inapplicable ; Pass         ; Inapplicable ; Inapplicable ; Inapplicable ; Inapplicable ; Inapplicable ; Inapplicable ; Inapplicable ; Inapplicable ; Inapplicable ; Pass      ; Inapplicable ; Inapplicable ;
; Celda15[23]        ; Inapplicable ; Inapplicable ; Inapplicable ; Inapplicable ; Inapplicable ; Pass      ; Inapplicable ; Inapplicable ; Pass      ; Pass      ; Inapplicable ; Inapplicable ; Inapplicable ; Inapplicable ; Pass         ; Inapplicable ; Inapplicable ; Pass         ; Inapplicable ; Inapplicable ; Inapplicable ; Inapplicable ; Inapplicable ; Inapplicable ; Inapplicable ; Inapplicable ; Inapplicable ; Pass      ; Inapplicable ; Inapplicable ;
; Celda15[22]        ; Inapplicable ; Inapplicable ; Inapplicable ; Inapplicable ; Inapplicable ; Pass      ; Inapplicable ; Inapplicable ; Pass      ; Pass      ; Inapplicable ; Inapplicable ; Inapplicable ; Inapplicable ; Pass         ; Inapplicable ; Inapplicable ; Pass         ; Inapplicable ; Inapplicable ; Inapplicable ; Inapplicable ; Inapplicable ; Inapplicable ; Inapplicable ; Inapplicable ; Inapplicable ; Pass      ; Inapplicable ; Inapplicable ;
; Celda15[21]        ; Inapplicable ; Inapplicable ; Inapplicable ; Inapplicable ; Inapplicable ; Pass      ; Inapplicable ; Inapplicable ; Pass      ; Pass      ; Inapplicable ; Inapplicable ; Inapplicable ; Inapplicable ; Pass         ; Inapplicable ; Inapplicable ; Pass         ; Inapplicable ; Inapplicable ; Inapplicable ; Inapplicable ; Inapplicable ; Inapplicable ; Inapplicable ; Inapplicable ; Inapplicable ; Pass      ; Inapplicable ; Inapplicable ;
; Celda15[20]        ; Inapplicable ; Inapplicable ; Inapplicable ; Inapplicable ; Inapplicable ; Pass      ; Inapplicable ; Inapplicable ; Pass      ; Pass      ; Inapplicable ; Inapplicable ; Inapplicable ; Inapplicable ; Pass         ; Inapplicable ; Inapplicable ; Pass         ; Inapplicable ; Inapplicable ; Inapplicable ; Inapplicable ; Inapplicable ; Inapplicable ; Inapplicable ; Inapplicable ; Inapplicable ; Pass      ; Inapplicable ; Inapplicable ;
; Celda15[19]        ; Inapplicable ; Inapplicable ; Inapplicable ; Inapplicable ; Inapplicable ; Pass      ; Inapplicable ; Inapplicable ; Pass      ; Pass      ; Inapplicable ; Inapplicable ; Inapplicable ; Inapplicable ; Pass         ; Inapplicable ; Inapplicable ; Pass         ; Inapplicable ; Inapplicable ; Inapplicable ; Inapplicable ; Inapplicable ; Inapplicable ; Inapplicable ; Inapplicable ; Inapplicable ; Pass      ; Inapplicable ; Inapplicable ;
; Celda15[18]        ; Inapplicable ; Inapplicable ; Inapplicable ; Inapplicable ; Inapplicable ; Pass      ; Inapplicable ; Inapplicable ; Pass      ; Pass      ; Inapplicable ; Inapplicable ; Inapplicable ; Inapplicable ; Pass         ; Inapplicable ; Inapplicable ; Pass         ; Inapplicable ; Inapplicable ; Inapplicable ; Inapplicable ; Inapplicable ; Inapplicable ; Inapplicable ; Inapplicable ; Inapplicable ; Pass      ; Inapplicable ; Inapplicable ;
; Celda15[17]        ; Inapplicable ; Inapplicable ; Inapplicable ; Inapplicable ; Inapplicable ; Pass      ; Inapplicable ; Inapplicable ; Pass      ; Pass      ; Inapplicable ; Inapplicable ; Inapplicable ; Inapplicable ; Pass         ; Inapplicable ; Inapplicable ; Pass         ; Inapplicable ; Inapplicable ; Inapplicable ; Inapplicable ; Inapplicable ; Inapplicable ; Inapplicable ; Inapplicable ; Inapplicable ; Pass      ; Inapplicable ; Inapplicable ;
; Celda15[16]        ; Inapplicable ; Inapplicable ; Inapplicable ; Inapplicable ; Inapplicable ; Pass      ; Inapplicable ; Inapplicable ; Pass      ; Pass      ; Inapplicable ; Inapplicable ; Inapplicable ; Inapplicable ; Pass         ; Inapplicable ; Inapplicable ; Pass         ; Inapplicable ; Inapplicable ; Inapplicable ; Inapplicable ; Inapplicable ; Inapplicable ; Inapplicable ; Inapplicable ; Inapplicable ; Pass      ; Inapplicable ; Inapplicable ;
; Celda15[15]        ; Inapplicable ; Inapplicable ; Inapplicable ; Inapplicable ; Inapplicable ; Pass      ; Inapplicable ; Inapplicable ; Pass      ; Pass      ; Inapplicable ; Inapplicable ; Inapplicable ; Inapplicable ; Pass         ; Inapplicable ; Inapplicable ; Pass         ; Inapplicable ; Inapplicable ; Inapplicable ; Inapplicable ; Inapplicable ; Inapplicable ; Inapplicable ; Inapplicable ; Inapplicable ; Pass      ; Inapplicable ; Inapplicable ;
; Celda15[14]        ; Inapplicable ; Inapplicable ; Inapplicable ; Inapplicable ; Inapplicable ; Pass      ; Inapplicable ; Inapplicable ; Pass      ; Pass      ; Inapplicable ; Inapplicable ; Inapplicable ; Inapplicable ; Pass         ; Inapplicable ; Inapplicable ; Pass         ; Inapplicable ; Inapplicable ; Inapplicable ; Inapplicable ; Inapplicable ; Inapplicable ; Inapplicable ; Inapplicable ; Inapplicable ; Pass      ; Inapplicable ; Inapplicable ;
; Celda15[13]        ; Inapplicable ; Inapplicable ; Inapplicable ; Inapplicable ; Inapplicable ; Pass      ; Inapplicable ; Inapplicable ; Pass      ; Pass      ; Inapplicable ; Inapplicable ; Inapplicable ; Inapplicable ; Pass         ; Inapplicable ; Inapplicable ; Pass         ; Inapplicable ; Inapplicable ; Inapplicable ; Inapplicable ; Inapplicable ; Inapplicable ; Inapplicable ; Inapplicable ; Inapplicable ; Pass      ; Inapplicable ; Inapplicable ;
; Celda15[12]        ; Inapplicable ; Inapplicable ; Inapplicable ; Inapplicable ; Inapplicable ; Pass      ; Inapplicable ; Inapplicable ; Pass      ; Pass      ; Inapplicable ; Inapplicable ; Inapplicable ; Inapplicable ; Pass         ; Inapplicable ; Inapplicable ; Pass         ; Inapplicable ; Inapplicable ; Inapplicable ; Inapplicable ; Inapplicable ; Inapplicable ; Inapplicable ; Inapplicable ; Inapplicable ; Pass      ; Inapplicable ; Inapplicable ;
; Celda15[11]        ; Inapplicable ; Inapplicable ; Inapplicable ; Inapplicable ; Inapplicable ; Pass      ; Inapplicable ; Inapplicable ; Pass      ; Pass      ; Inapplicable ; Inapplicable ; Inapplicable ; Inapplicable ; Pass         ; Inapplicable ; Inapplicable ; Pass         ; Inapplicable ; Inapplicable ; Inapplicable ; Inapplicable ; Inapplicable ; Inapplicable ; Inapplicable ; Inapplicable ; Inapplicable ; Pass      ; Inapplicable ; Inapplicable ;
; Celda15[10]        ; Inapplicable ; Inapplicable ; Inapplicable ; Inapplicable ; Inapplicable ; Pass      ; Inapplicable ; Inapplicable ; Pass      ; Pass      ; Inapplicable ; Inapplicable ; Inapplicable ; Inapplicable ; Pass         ; Inapplicable ; Inapplicable ; Pass         ; Inapplicable ; Inapplicable ; Inapplicable ; Inapplicable ; Inapplicable ; Inapplicable ; Inapplicable ; Inapplicable ; Inapplicable ; Pass      ; Inapplicable ; Inapplicable ;
; Celda15[9]         ; Inapplicable ; Inapplicable ; Inapplicable ; Inapplicable ; Inapplicable ; Pass      ; Inapplicable ; Inapplicable ; Pass      ; Pass      ; Inapplicable ; Inapplicable ; Inapplicable ; Inapplicable ; Pass         ; Inapplicable ; Inapplicable ; Pass         ; Inapplicable ; Inapplicable ; Inapplicable ; Inapplicable ; Inapplicable ; Inapplicable ; Inapplicable ; Inapplicable ; Inapplicable ; Pass      ; Inapplicable ; Inapplicable ;
; Celda15[8]         ; Inapplicable ; Inapplicable ; Inapplicable ; Inapplicable ; Inapplicable ; Pass      ; Inapplicable ; Inapplicable ; Pass      ; Pass      ; Inapplicable ; Inapplicable ; Inapplicable ; Inapplicable ; Pass         ; Inapplicable ; Inapplicable ; Pass         ; Inapplicable ; Inapplicable ; Inapplicable ; Inapplicable ; Inapplicable ; Inapplicable ; Inapplicable ; Inapplicable ; Inapplicable ; Pass      ; Inapplicable ; Inapplicable ;
; Celda15[7]         ; Inapplicable ; Inapplicable ; Inapplicable ; Inapplicable ; Inapplicable ; Pass      ; Inapplicable ; Inapplicable ; Pass      ; Pass      ; Inapplicable ; Inapplicable ; Inapplicable ; Inapplicable ; Pass         ; Inapplicable ; Inapplicable ; Pass         ; Inapplicable ; Inapplicable ; Inapplicable ; Inapplicable ; Inapplicable ; Inapplicable ; Inapplicable ; Inapplicable ; Inapplicable ; Pass      ; Inapplicable ; Inapplicable ;
; Celda15[6]         ; Inapplicable ; Inapplicable ; Inapplicable ; Inapplicable ; Inapplicable ; Pass      ; Inapplicable ; Inapplicable ; Pass      ; Pass      ; Inapplicable ; Inapplicable ; Inapplicable ; Inapplicable ; Pass         ; Inapplicable ; Inapplicable ; Pass         ; Inapplicable ; Inapplicable ; Inapplicable ; Inapplicable ; Inapplicable ; Inapplicable ; Inapplicable ; Inapplicable ; Inapplicable ; Pass      ; Inapplicable ; Inapplicable ;
; Celda15[5]         ; Inapplicable ; Inapplicable ; Inapplicable ; Inapplicable ; Inapplicable ; Pass      ; Inapplicable ; Inapplicable ; Pass      ; Pass      ; Inapplicable ; Inapplicable ; Inapplicable ; Inapplicable ; Pass         ; Inapplicable ; Inapplicable ; Pass         ; Inapplicable ; Inapplicable ; Inapplicable ; Inapplicable ; Inapplicable ; Inapplicable ; Inapplicable ; Inapplicable ; Inapplicable ; Pass      ; Inapplicable ; Inapplicable ;
; Celda15[4]         ; Inapplicable ; Inapplicable ; Inapplicable ; Inapplicable ; Inapplicable ; Pass      ; Inapplicable ; Inapplicable ; Pass      ; Pass      ; Inapplicable ; Inapplicable ; Inapplicable ; Inapplicable ; Pass         ; Inapplicable ; Inapplicable ; Pass         ; Inapplicable ; Inapplicable ; Inapplicable ; Inapplicable ; Inapplicable ; Inapplicable ; Inapplicable ; Inapplicable ; Inapplicable ; Pass      ; Inapplicable ; Inapplicable ;
; Celda15[3]         ; Inapplicable ; Inapplicable ; Inapplicable ; Inapplicable ; Inapplicable ; Pass      ; Inapplicable ; Inapplicable ; Pass      ; Pass      ; Inapplicable ; Inapplicable ; Inapplicable ; Inapplicable ; Pass         ; Inapplicable ; Inapplicable ; Pass         ; Inapplicable ; Inapplicable ; Inapplicable ; Inapplicable ; Inapplicable ; Inapplicable ; Inapplicable ; Inapplicable ; Inapplicable ; Pass      ; Inapplicable ; Inapplicable ;
; Celda15[2]         ; Inapplicable ; Inapplicable ; Inapplicable ; Inapplicable ; Inapplicable ; Pass      ; Inapplicable ; Inapplicable ; Pass      ; Pass      ; Inapplicable ; Inapplicable ; Inapplicable ; Inapplicable ; Pass         ; Inapplicable ; Inapplicable ; Pass         ; Inapplicable ; Inapplicable ; Inapplicable ; Inapplicable ; Inapplicable ; Inapplicable ; Inapplicable ; Inapplicable ; Inapplicable ; Pass      ; Inapplicable ; Inapplicable ;
; Celda15[1]         ; Inapplicable ; Inapplicable ; Inapplicable ; Inapplicable ; Inapplicable ; Pass      ; Inapplicable ; Inapplicable ; Pass      ; Pass      ; Inapplicable ; Inapplicable ; Inapplicable ; Inapplicable ; Pass         ; Inapplicable ; Inapplicable ; Pass         ; Inapplicable ; Inapplicable ; Inapplicable ; Inapplicable ; Inapplicable ; Inapplicable ; Inapplicable ; Inapplicable ; Inapplicable ; Pass      ; Inapplicable ; Inapplicable ;
; Celda15[0]         ; Inapplicable ; Inapplicable ; Inapplicable ; Inapplicable ; Inapplicable ; Pass      ; Inapplicable ; Inapplicable ; Pass      ; Pass      ; Inapplicable ; Inapplicable ; Inapplicable ; Inapplicable ; Pass         ; Inapplicable ; Inapplicable ; Pass         ; Inapplicable ; Inapplicable ; Inapplicable ; Inapplicable ; Inapplicable ; Inapplicable ; Inapplicable ; Inapplicable ; Inapplicable ; Pass      ; Inapplicable ; Inapplicable ;
; Celda16[23]        ; Inapplicable ; Inapplicable ; Inapplicable ; Inapplicable ; Inapplicable ; Pass      ; Inapplicable ; Inapplicable ; Pass      ; Pass      ; Inapplicable ; Inapplicable ; Inapplicable ; Inapplicable ; Pass         ; Inapplicable ; Inapplicable ; Pass         ; Inapplicable ; Inapplicable ; Inapplicable ; Inapplicable ; Inapplicable ; Inapplicable ; Inapplicable ; Inapplicable ; Inapplicable ; Pass      ; Inapplicable ; Inapplicable ;
; Celda16[22]        ; Inapplicable ; Inapplicable ; Inapplicable ; Inapplicable ; Inapplicable ; Pass      ; Inapplicable ; Inapplicable ; Pass      ; Pass      ; Inapplicable ; Inapplicable ; Inapplicable ; Inapplicable ; Pass         ; Inapplicable ; Inapplicable ; Pass         ; Inapplicable ; Inapplicable ; Inapplicable ; Inapplicable ; Inapplicable ; Inapplicable ; Inapplicable ; Inapplicable ; Inapplicable ; Pass      ; Inapplicable ; Inapplicable ;
; Celda16[21]        ; Inapplicable ; Inapplicable ; Inapplicable ; Inapplicable ; Inapplicable ; Pass      ; Inapplicable ; Inapplicable ; Pass      ; Pass      ; Inapplicable ; Inapplicable ; Inapplicable ; Inapplicable ; Pass         ; Inapplicable ; Inapplicable ; Pass         ; Inapplicable ; Inapplicable ; Inapplicable ; Inapplicable ; Inapplicable ; Inapplicable ; Inapplicable ; Inapplicable ; Inapplicable ; Pass      ; Inapplicable ; Inapplicable ;
; Celda16[20]        ; Inapplicable ; Inapplicable ; Inapplicable ; Inapplicable ; Inapplicable ; Pass      ; Inapplicable ; Inapplicable ; Pass      ; Pass      ; Inapplicable ; Inapplicable ; Inapplicable ; Inapplicable ; Pass         ; Inapplicable ; Inapplicable ; Pass         ; Inapplicable ; Inapplicable ; Inapplicable ; Inapplicable ; Inapplicable ; Inapplicable ; Inapplicable ; Inapplicable ; Inapplicable ; Pass      ; Inapplicable ; Inapplicable ;
; Celda16[19]        ; Inapplicable ; Inapplicable ; Inapplicable ; Inapplicable ; Inapplicable ; Pass      ; Inapplicable ; Inapplicable ; Pass      ; Pass      ; Inapplicable ; Inapplicable ; Inapplicable ; Inapplicable ; Pass         ; Inapplicable ; Inapplicable ; Pass         ; Inapplicable ; Inapplicable ; Inapplicable ; Inapplicable ; Inapplicable ; Inapplicable ; Inapplicable ; Inapplicable ; Inapplicable ; Pass      ; Inapplicable ; Inapplicable ;
; Celda16[18]        ; Inapplicable ; Inapplicable ; Inapplicable ; Inapplicable ; Inapplicable ; Pass      ; Inapplicable ; Inapplicable ; Pass      ; Pass      ; Inapplicable ; Inapplicable ; Inapplicable ; Inapplicable ; Pass         ; Inapplicable ; Inapplicable ; Pass         ; Inapplicable ; Inapplicable ; Inapplicable ; Inapplicable ; Inapplicable ; Inapplicable ; Inapplicable ; Inapplicable ; Inapplicable ; Pass      ; Inapplicable ; Inapplicable ;
; Celda16[17]        ; Inapplicable ; Inapplicable ; Inapplicable ; Inapplicable ; Inapplicable ; Pass      ; Inapplicable ; Inapplicable ; Pass      ; Pass      ; Inapplicable ; Inapplicable ; Inapplicable ; Inapplicable ; Pass         ; Inapplicable ; Inapplicable ; Pass         ; Inapplicable ; Inapplicable ; Inapplicable ; Inapplicable ; Inapplicable ; Inapplicable ; Inapplicable ; Inapplicable ; Inapplicable ; Pass      ; Inapplicable ; Inapplicable ;
; Celda16[16]        ; Inapplicable ; Inapplicable ; Inapplicable ; Inapplicable ; Inapplicable ; Pass      ; Inapplicable ; Inapplicable ; Pass      ; Pass      ; Inapplicable ; Inapplicable ; Inapplicable ; Inapplicable ; Pass         ; Inapplicable ; Inapplicable ; Pass         ; Inapplicable ; Inapplicable ; Inapplicable ; Inapplicable ; Inapplicable ; Inapplicable ; Inapplicable ; Inapplicable ; Inapplicable ; Pass      ; Inapplicable ; Inapplicable ;
; Celda16[15]        ; Inapplicable ; Inapplicable ; Inapplicable ; Inapplicable ; Inapplicable ; Pass      ; Inapplicable ; Inapplicable ; Pass      ; Pass      ; Inapplicable ; Inapplicable ; Inapplicable ; Inapplicable ; Pass         ; Inapplicable ; Inapplicable ; Pass         ; Inapplicable ; Inapplicable ; Inapplicable ; Inapplicable ; Inapplicable ; Inapplicable ; Inapplicable ; Inapplicable ; Inapplicable ; Pass      ; Inapplicable ; Inapplicable ;
; Celda16[14]        ; Inapplicable ; Inapplicable ; Inapplicable ; Inapplicable ; Inapplicable ; Pass      ; Inapplicable ; Inapplicable ; Pass      ; Pass      ; Inapplicable ; Inapplicable ; Inapplicable ; Inapplicable ; Pass         ; Inapplicable ; Inapplicable ; Pass         ; Inapplicable ; Inapplicable ; Inapplicable ; Inapplicable ; Inapplicable ; Inapplicable ; Inapplicable ; Inapplicable ; Inapplicable ; Pass      ; Inapplicable ; Inapplicable ;
; Celda16[13]        ; Inapplicable ; Inapplicable ; Inapplicable ; Inapplicable ; Inapplicable ; Pass      ; Inapplicable ; Inapplicable ; Pass      ; Pass      ; Inapplicable ; Inapplicable ; Inapplicable ; Inapplicable ; Pass         ; Inapplicable ; Inapplicable ; Pass         ; Inapplicable ; Inapplicable ; Inapplicable ; Inapplicable ; Inapplicable ; Inapplicable ; Inapplicable ; Inapplicable ; Inapplicable ; Pass      ; Inapplicable ; Inapplicable ;
; Celda16[12]        ; Inapplicable ; Inapplicable ; Inapplicable ; Inapplicable ; Inapplicable ; Pass      ; Inapplicable ; Inapplicable ; Pass      ; Pass      ; Inapplicable ; Inapplicable ; Inapplicable ; Inapplicable ; Pass         ; Inapplicable ; Inapplicable ; Pass         ; Inapplicable ; Inapplicable ; Inapplicable ; Inapplicable ; Inapplicable ; Inapplicable ; Inapplicable ; Inapplicable ; Inapplicable ; Pass      ; Inapplicable ; Inapplicable ;
; Celda16[11]        ; Inapplicable ; Inapplicable ; Inapplicable ; Inapplicable ; Inapplicable ; Pass      ; Inapplicable ; Inapplicable ; Pass      ; Pass      ; Inapplicable ; Inapplicable ; Inapplicable ; Inapplicable ; Pass         ; Inapplicable ; Inapplicable ; Pass         ; Inapplicable ; Inapplicable ; Inapplicable ; Inapplicable ; Inapplicable ; Inapplicable ; Inapplicable ; Inapplicable ; Inapplicable ; Pass      ; Inapplicable ; Inapplicable ;
; Celda16[10]        ; Inapplicable ; Inapplicable ; Inapplicable ; Inapplicable ; Inapplicable ; Pass      ; Inapplicable ; Inapplicable ; Pass      ; Pass      ; Inapplicable ; Inapplicable ; Inapplicable ; Inapplicable ; Pass         ; Inapplicable ; Inapplicable ; Pass         ; Inapplicable ; Inapplicable ; Inapplicable ; Inapplicable ; Inapplicable ; Inapplicable ; Inapplicable ; Inapplicable ; Inapplicable ; Pass      ; Inapplicable ; Inapplicable ;
; Celda16[9]         ; Inapplicable ; Inapplicable ; Inapplicable ; Inapplicable ; Inapplicable ; Pass      ; Inapplicable ; Inapplicable ; Pass      ; Pass      ; Inapplicable ; Inapplicable ; Inapplicable ; Inapplicable ; Pass         ; Inapplicable ; Inapplicable ; Pass         ; Inapplicable ; Inapplicable ; Inapplicable ; Inapplicable ; Inapplicable ; Inapplicable ; Inapplicable ; Inapplicable ; Inapplicable ; Pass      ; Inapplicable ; Inapplicable ;
; Celda16[8]         ; Inapplicable ; Inapplicable ; Inapplicable ; Inapplicable ; Inapplicable ; Pass      ; Inapplicable ; Inapplicable ; Pass      ; Pass      ; Inapplicable ; Inapplicable ; Inapplicable ; Inapplicable ; Pass         ; Inapplicable ; Inapplicable ; Pass         ; Inapplicable ; Inapplicable ; Inapplicable ; Inapplicable ; Inapplicable ; Inapplicable ; Inapplicable ; Inapplicable ; Inapplicable ; Pass      ; Inapplicable ; Inapplicable ;
; Celda16[7]         ; Inapplicable ; Inapplicable ; Inapplicable ; Inapplicable ; Inapplicable ; Pass      ; Inapplicable ; Inapplicable ; Pass      ; Pass      ; Inapplicable ; Inapplicable ; Inapplicable ; Inapplicable ; Pass         ; Inapplicable ; Inapplicable ; Pass         ; Inapplicable ; Inapplicable ; Inapplicable ; Inapplicable ; Inapplicable ; Inapplicable ; Inapplicable ; Inapplicable ; Inapplicable ; Pass      ; Inapplicable ; Inapplicable ;
; Celda16[6]         ; Inapplicable ; Inapplicable ; Inapplicable ; Inapplicable ; Inapplicable ; Pass      ; Inapplicable ; Inapplicable ; Pass      ; Pass      ; Inapplicable ; Inapplicable ; Inapplicable ; Inapplicable ; Pass         ; Inapplicable ; Inapplicable ; Pass         ; Inapplicable ; Inapplicable ; Inapplicable ; Inapplicable ; Inapplicable ; Inapplicable ; Inapplicable ; Inapplicable ; Inapplicable ; Pass      ; Inapplicable ; Inapplicable ;
; Celda16[5]         ; Inapplicable ; Inapplicable ; Inapplicable ; Inapplicable ; Inapplicable ; Pass      ; Inapplicable ; Inapplicable ; Pass      ; Pass      ; Inapplicable ; Inapplicable ; Inapplicable ; Inapplicable ; Pass         ; Inapplicable ; Inapplicable ; Pass         ; Inapplicable ; Inapplicable ; Inapplicable ; Inapplicable ; Inapplicable ; Inapplicable ; Inapplicable ; Inapplicable ; Inapplicable ; Pass      ; Inapplicable ; Inapplicable ;
; Celda16[4]         ; Inapplicable ; Inapplicable ; Inapplicable ; Inapplicable ; Inapplicable ; Pass      ; Inapplicable ; Inapplicable ; Pass      ; Pass      ; Inapplicable ; Inapplicable ; Inapplicable ; Inapplicable ; Pass         ; Inapplicable ; Inapplicable ; Pass         ; Inapplicable ; Inapplicable ; Inapplicable ; Inapplicable ; Inapplicable ; Inapplicable ; Inapplicable ; Inapplicable ; Inapplicable ; Pass      ; Inapplicable ; Inapplicable ;
; Celda16[3]         ; Inapplicable ; Inapplicable ; Inapplicable ; Inapplicable ; Inapplicable ; Pass      ; Inapplicable ; Inapplicable ; Pass      ; Pass      ; Inapplicable ; Inapplicable ; Inapplicable ; Inapplicable ; Pass         ; Inapplicable ; Inapplicable ; Pass         ; Inapplicable ; Inapplicable ; Inapplicable ; Inapplicable ; Inapplicable ; Inapplicable ; Inapplicable ; Inapplicable ; Inapplicable ; Pass      ; Inapplicable ; Inapplicable ;
; Celda16[2]         ; Inapplicable ; Inapplicable ; Inapplicable ; Inapplicable ; Inapplicable ; Pass      ; Inapplicable ; Inapplicable ; Pass      ; Pass      ; Inapplicable ; Inapplicable ; Inapplicable ; Inapplicable ; Pass         ; Inapplicable ; Inapplicable ; Pass         ; Inapplicable ; Inapplicable ; Inapplicable ; Inapplicable ; Inapplicable ; Inapplicable ; Inapplicable ; Inapplicable ; Inapplicable ; Pass      ; Inapplicable ; Inapplicable ;
; Celda16[1]         ; Inapplicable ; Inapplicable ; Inapplicable ; Inapplicable ; Inapplicable ; Pass      ; Inapplicable ; Inapplicable ; Pass      ; Pass      ; Inapplicable ; Inapplicable ; Inapplicable ; Inapplicable ; Pass         ; Inapplicable ; Inapplicable ; Pass         ; Inapplicable ; Inapplicable ; Inapplicable ; Inapplicable ; Inapplicable ; Inapplicable ; Inapplicable ; Inapplicable ; Inapplicable ; Pass      ; Inapplicable ; Inapplicable ;
; Celda16[0]         ; Inapplicable ; Inapplicable ; Inapplicable ; Inapplicable ; Inapplicable ; Pass      ; Inapplicable ; Inapplicable ; Pass      ; Pass      ; Inapplicable ; Inapplicable ; Inapplicable ; Inapplicable ; Pass         ; Inapplicable ; Inapplicable ; Pass         ; Inapplicable ; Inapplicable ; Inapplicable ; Inapplicable ; Inapplicable ; Inapplicable ; Inapplicable ; Inapplicable ; Inapplicable ; Pass      ; Inapplicable ; Inapplicable ;
; CeldaB[23]         ; Inapplicable ; Inapplicable ; Inapplicable ; Inapplicable ; Inapplicable ; Pass      ; Inapplicable ; Inapplicable ; Pass      ; Pass      ; Inapplicable ; Inapplicable ; Inapplicable ; Inapplicable ; Pass         ; Inapplicable ; Inapplicable ; Pass         ; Inapplicable ; Inapplicable ; Inapplicable ; Inapplicable ; Inapplicable ; Inapplicable ; Inapplicable ; Inapplicable ; Inapplicable ; Pass      ; Inapplicable ; Inapplicable ;
; CeldaB[22]         ; Inapplicable ; Inapplicable ; Inapplicable ; Inapplicable ; Inapplicable ; Pass      ; Inapplicable ; Inapplicable ; Pass      ; Pass      ; Inapplicable ; Inapplicable ; Inapplicable ; Inapplicable ; Pass         ; Inapplicable ; Inapplicable ; Pass         ; Inapplicable ; Inapplicable ; Inapplicable ; Inapplicable ; Inapplicable ; Inapplicable ; Inapplicable ; Inapplicable ; Inapplicable ; Pass      ; Inapplicable ; Inapplicable ;
; CeldaB[21]         ; Inapplicable ; Inapplicable ; Inapplicable ; Inapplicable ; Inapplicable ; Pass      ; Inapplicable ; Inapplicable ; Pass      ; Pass      ; Inapplicable ; Inapplicable ; Inapplicable ; Inapplicable ; Pass         ; Inapplicable ; Inapplicable ; Pass         ; Inapplicable ; Inapplicable ; Inapplicable ; Inapplicable ; Inapplicable ; Inapplicable ; Inapplicable ; Inapplicable ; Inapplicable ; Pass      ; Inapplicable ; Inapplicable ;
; CeldaB[20]         ; Inapplicable ; Inapplicable ; Inapplicable ; Inapplicable ; Inapplicable ; Pass      ; Inapplicable ; Inapplicable ; Pass      ; Pass      ; Inapplicable ; Inapplicable ; Inapplicable ; Inapplicable ; Pass         ; Inapplicable ; Inapplicable ; Pass         ; Inapplicable ; Inapplicable ; Inapplicable ; Inapplicable ; Inapplicable ; Inapplicable ; Inapplicable ; Inapplicable ; Inapplicable ; Pass      ; Inapplicable ; Inapplicable ;
; CeldaB[19]         ; Inapplicable ; Inapplicable ; Inapplicable ; Inapplicable ; Inapplicable ; Pass      ; Inapplicable ; Inapplicable ; Pass      ; Pass      ; Inapplicable ; Inapplicable ; Inapplicable ; Inapplicable ; Pass         ; Inapplicable ; Inapplicable ; Pass         ; Inapplicable ; Inapplicable ; Inapplicable ; Inapplicable ; Inapplicable ; Inapplicable ; Inapplicable ; Inapplicable ; Inapplicable ; Pass      ; Inapplicable ; Inapplicable ;
; CeldaB[18]         ; Inapplicable ; Inapplicable ; Inapplicable ; Inapplicable ; Inapplicable ; Pass      ; Inapplicable ; Inapplicable ; Pass      ; Pass      ; Inapplicable ; Inapplicable ; Inapplicable ; Inapplicable ; Pass         ; Inapplicable ; Inapplicable ; Pass         ; Inapplicable ; Inapplicable ; Inapplicable ; Inapplicable ; Inapplicable ; Inapplicable ; Inapplicable ; Inapplicable ; Inapplicable ; Pass      ; Inapplicable ; Inapplicable ;
; CeldaB[17]         ; Inapplicable ; Inapplicable ; Inapplicable ; Inapplicable ; Inapplicable ; Pass      ; Inapplicable ; Inapplicable ; Pass      ; Pass      ; Inapplicable ; Inapplicable ; Inapplicable ; Inapplicable ; Pass         ; Inapplicable ; Inapplicable ; Pass         ; Inapplicable ; Inapplicable ; Inapplicable ; Inapplicable ; Inapplicable ; Inapplicable ; Inapplicable ; Inapplicable ; Inapplicable ; Pass      ; Inapplicable ; Inapplicable ;
; CeldaB[16]         ; Inapplicable ; Inapplicable ; Inapplicable ; Inapplicable ; Inapplicable ; Pass      ; Inapplicable ; Inapplicable ; Pass      ; Pass      ; Inapplicable ; Inapplicable ; Inapplicable ; Inapplicable ; Pass         ; Inapplicable ; Inapplicable ; Pass         ; Inapplicable ; Inapplicable ; Inapplicable ; Inapplicable ; Inapplicable ; Inapplicable ; Inapplicable ; Inapplicable ; Inapplicable ; Pass      ; Inapplicable ; Inapplicable ;
; CeldaB[15]         ; Inapplicable ; Inapplicable ; Inapplicable ; Inapplicable ; Inapplicable ; Pass      ; Inapplicable ; Inapplicable ; Pass      ; Pass      ; Inapplicable ; Inapplicable ; Inapplicable ; Inapplicable ; Pass         ; Inapplicable ; Inapplicable ; Pass         ; Inapplicable ; Inapplicable ; Inapplicable ; Inapplicable ; Inapplicable ; Inapplicable ; Inapplicable ; Inapplicable ; Inapplicable ; Pass      ; Inapplicable ; Inapplicable ;
; CeldaB[14]         ; Inapplicable ; Inapplicable ; Inapplicable ; Inapplicable ; Inapplicable ; Pass      ; Inapplicable ; Inapplicable ; Pass      ; Pass      ; Inapplicable ; Inapplicable ; Inapplicable ; Inapplicable ; Pass         ; Inapplicable ; Inapplicable ; Pass         ; Inapplicable ; Inapplicable ; Inapplicable ; Inapplicable ; Inapplicable ; Inapplicable ; Inapplicable ; Inapplicable ; Inapplicable ; Pass      ; Inapplicable ; Inapplicable ;
; CeldaB[13]         ; Inapplicable ; Inapplicable ; Inapplicable ; Inapplicable ; Inapplicable ; Pass      ; Inapplicable ; Inapplicable ; Pass      ; Pass      ; Inapplicable ; Inapplicable ; Inapplicable ; Inapplicable ; Pass         ; Inapplicable ; Inapplicable ; Pass         ; Inapplicable ; Inapplicable ; Inapplicable ; Inapplicable ; Inapplicable ; Inapplicable ; Inapplicable ; Inapplicable ; Inapplicable ; Pass      ; Inapplicable ; Inapplicable ;
; CeldaB[12]         ; Inapplicable ; Inapplicable ; Inapplicable ; Inapplicable ; Inapplicable ; Pass      ; Inapplicable ; Inapplicable ; Pass      ; Pass      ; Inapplicable ; Inapplicable ; Inapplicable ; Inapplicable ; Pass         ; Inapplicable ; Inapplicable ; Pass         ; Inapplicable ; Inapplicable ; Inapplicable ; Inapplicable ; Inapplicable ; Inapplicable ; Inapplicable ; Inapplicable ; Inapplicable ; Pass      ; Inapplicable ; Inapplicable ;
; CeldaB[11]         ; Inapplicable ; Inapplicable ; Inapplicable ; Inapplicable ; Inapplicable ; Pass      ; Inapplicable ; Inapplicable ; Pass      ; Pass      ; Inapplicable ; Inapplicable ; Inapplicable ; Inapplicable ; Pass         ; Inapplicable ; Inapplicable ; Pass         ; Inapplicable ; Inapplicable ; Inapplicable ; Inapplicable ; Inapplicable ; Inapplicable ; Inapplicable ; Inapplicable ; Inapplicable ; Pass      ; Inapplicable ; Inapplicable ;
; CeldaB[10]         ; Inapplicable ; Inapplicable ; Inapplicable ; Inapplicable ; Inapplicable ; Pass      ; Inapplicable ; Inapplicable ; Pass      ; Pass      ; Inapplicable ; Inapplicable ; Inapplicable ; Inapplicable ; Pass         ; Inapplicable ; Inapplicable ; Pass         ; Inapplicable ; Inapplicable ; Inapplicable ; Inapplicable ; Inapplicable ; Inapplicable ; Inapplicable ; Inapplicable ; Inapplicable ; Pass      ; Inapplicable ; Inapplicable ;
; CeldaB[9]          ; Inapplicable ; Inapplicable ; Inapplicable ; Inapplicable ; Inapplicable ; Pass      ; Inapplicable ; Inapplicable ; Pass      ; Pass      ; Inapplicable ; Inapplicable ; Inapplicable ; Inapplicable ; Pass         ; Inapplicable ; Inapplicable ; Pass         ; Inapplicable ; Inapplicable ; Inapplicable ; Inapplicable ; Inapplicable ; Inapplicable ; Inapplicable ; Inapplicable ; Inapplicable ; Pass      ; Inapplicable ; Inapplicable ;
; CeldaB[8]          ; Inapplicable ; Inapplicable ; Inapplicable ; Inapplicable ; Inapplicable ; Pass      ; Inapplicable ; Inapplicable ; Pass      ; Pass      ; Inapplicable ; Inapplicable ; Inapplicable ; Inapplicable ; Pass         ; Inapplicable ; Inapplicable ; Pass         ; Inapplicable ; Inapplicable ; Inapplicable ; Inapplicable ; Inapplicable ; Inapplicable ; Inapplicable ; Inapplicable ; Inapplicable ; Pass      ; Inapplicable ; Inapplicable ;
; CeldaB[7]          ; Inapplicable ; Inapplicable ; Inapplicable ; Inapplicable ; Inapplicable ; Pass      ; Inapplicable ; Inapplicable ; Pass      ; Pass      ; Inapplicable ; Inapplicable ; Inapplicable ; Inapplicable ; Pass         ; Inapplicable ; Inapplicable ; Pass         ; Inapplicable ; Inapplicable ; Inapplicable ; Inapplicable ; Inapplicable ; Inapplicable ; Inapplicable ; Inapplicable ; Inapplicable ; Pass      ; Inapplicable ; Inapplicable ;
; CeldaB[6]          ; Inapplicable ; Inapplicable ; Inapplicable ; Inapplicable ; Inapplicable ; Pass      ; Inapplicable ; Inapplicable ; Pass      ; Pass      ; Inapplicable ; Inapplicable ; Inapplicable ; Inapplicable ; Pass         ; Inapplicable ; Inapplicable ; Pass         ; Inapplicable ; Inapplicable ; Inapplicable ; Inapplicable ; Inapplicable ; Inapplicable ; Inapplicable ; Inapplicable ; Inapplicable ; Pass      ; Inapplicable ; Inapplicable ;
; CeldaB[5]          ; Inapplicable ; Inapplicable ; Inapplicable ; Inapplicable ; Inapplicable ; Pass      ; Inapplicable ; Inapplicable ; Pass      ; Pass      ; Inapplicable ; Inapplicable ; Inapplicable ; Inapplicable ; Pass         ; Inapplicable ; Inapplicable ; Pass         ; Inapplicable ; Inapplicable ; Inapplicable ; Inapplicable ; Inapplicable ; Inapplicable ; Inapplicable ; Inapplicable ; Inapplicable ; Pass      ; Inapplicable ; Inapplicable ;
; CeldaB[4]          ; Inapplicable ; Inapplicable ; Inapplicable ; Inapplicable ; Inapplicable ; Pass      ; Inapplicable ; Inapplicable ; Pass      ; Pass      ; Inapplicable ; Inapplicable ; Inapplicable ; Inapplicable ; Pass         ; Inapplicable ; Inapplicable ; Pass         ; Inapplicable ; Inapplicable ; Inapplicable ; Inapplicable ; Inapplicable ; Inapplicable ; Inapplicable ; Inapplicable ; Inapplicable ; Pass      ; Inapplicable ; Inapplicable ;
; CeldaB[3]          ; Inapplicable ; Inapplicable ; Inapplicable ; Inapplicable ; Inapplicable ; Pass      ; Inapplicable ; Inapplicable ; Pass      ; Pass      ; Inapplicable ; Inapplicable ; Inapplicable ; Inapplicable ; Pass         ; Inapplicable ; Inapplicable ; Pass         ; Inapplicable ; Inapplicable ; Inapplicable ; Inapplicable ; Inapplicable ; Inapplicable ; Inapplicable ; Inapplicable ; Inapplicable ; Pass      ; Inapplicable ; Inapplicable ;
; CeldaB[2]          ; Inapplicable ; Inapplicable ; Inapplicable ; Inapplicable ; Inapplicable ; Pass      ; Inapplicable ; Inapplicable ; Pass      ; Pass      ; Inapplicable ; Inapplicable ; Inapplicable ; Inapplicable ; Pass         ; Inapplicable ; Inapplicable ; Pass         ; Inapplicable ; Inapplicable ; Inapplicable ; Inapplicable ; Inapplicable ; Inapplicable ; Inapplicable ; Inapplicable ; Inapplicable ; Pass      ; Inapplicable ; Inapplicable ;
; CeldaB[1]          ; Inapplicable ; Inapplicable ; Inapplicable ; Inapplicable ; Inapplicable ; Pass      ; Inapplicable ; Inapplicable ; Pass      ; Pass      ; Inapplicable ; Inapplicable ; Inapplicable ; Inapplicable ; Pass         ; Inapplicable ; Inapplicable ; Pass         ; Inapplicable ; Inapplicable ; Inapplicable ; Inapplicable ; Inapplicable ; Inapplicable ; Inapplicable ; Inapplicable ; Inapplicable ; Pass      ; Inapplicable ; Inapplicable ;
; CeldaB[0]          ; Inapplicable ; Inapplicable ; Inapplicable ; Inapplicable ; Inapplicable ; Pass      ; Inapplicable ; Inapplicable ; Pass      ; Pass      ; Inapplicable ; Inapplicable ; Inapplicable ; Inapplicable ; Pass         ; Inapplicable ; Inapplicable ; Pass         ; Inapplicable ; Inapplicable ; Inapplicable ; Inapplicable ; Inapplicable ; Inapplicable ; Inapplicable ; Inapplicable ; Inapplicable ; Pass      ; Inapplicable ; Inapplicable ;
; CeldaC[23]         ; Inapplicable ; Inapplicable ; Inapplicable ; Inapplicable ; Inapplicable ; Pass      ; Inapplicable ; Inapplicable ; Pass      ; Pass      ; Inapplicable ; Inapplicable ; Inapplicable ; Inapplicable ; Pass         ; Inapplicable ; Inapplicable ; Pass         ; Inapplicable ; Inapplicable ; Inapplicable ; Inapplicable ; Inapplicable ; Inapplicable ; Inapplicable ; Inapplicable ; Inapplicable ; Pass      ; Inapplicable ; Inapplicable ;
; CeldaC[22]         ; Inapplicable ; Inapplicable ; Inapplicable ; Inapplicable ; Inapplicable ; Pass      ; Inapplicable ; Inapplicable ; Pass      ; Pass      ; Inapplicable ; Inapplicable ; Inapplicable ; Inapplicable ; Pass         ; Inapplicable ; Inapplicable ; Pass         ; Inapplicable ; Inapplicable ; Inapplicable ; Inapplicable ; Inapplicable ; Inapplicable ; Inapplicable ; Inapplicable ; Inapplicable ; Pass      ; Inapplicable ; Inapplicable ;
; CeldaC[21]         ; Inapplicable ; Inapplicable ; Inapplicable ; Inapplicable ; Inapplicable ; Pass      ; Inapplicable ; Inapplicable ; Pass      ; Pass      ; Inapplicable ; Inapplicable ; Inapplicable ; Inapplicable ; Pass         ; Inapplicable ; Inapplicable ; Pass         ; Inapplicable ; Inapplicable ; Inapplicable ; Inapplicable ; Inapplicable ; Inapplicable ; Inapplicable ; Inapplicable ; Inapplicable ; Pass      ; Inapplicable ; Inapplicable ;
; CeldaC[20]         ; Inapplicable ; Inapplicable ; Inapplicable ; Inapplicable ; Inapplicable ; Pass      ; Inapplicable ; Inapplicable ; Pass      ; Pass      ; Inapplicable ; Inapplicable ; Inapplicable ; Inapplicable ; Pass         ; Inapplicable ; Inapplicable ; Pass         ; Inapplicable ; Inapplicable ; Inapplicable ; Inapplicable ; Inapplicable ; Inapplicable ; Inapplicable ; Inapplicable ; Inapplicable ; Pass      ; Inapplicable ; Inapplicable ;
; CeldaC[19]         ; Inapplicable ; Inapplicable ; Inapplicable ; Inapplicable ; Inapplicable ; Pass      ; Inapplicable ; Inapplicable ; Pass      ; Pass      ; Inapplicable ; Inapplicable ; Inapplicable ; Inapplicable ; Pass         ; Inapplicable ; Inapplicable ; Pass         ; Inapplicable ; Inapplicable ; Inapplicable ; Inapplicable ; Inapplicable ; Inapplicable ; Inapplicable ; Inapplicable ; Inapplicable ; Pass      ; Inapplicable ; Inapplicable ;
; CeldaC[18]         ; Inapplicable ; Inapplicable ; Inapplicable ; Inapplicable ; Inapplicable ; Pass      ; Inapplicable ; Inapplicable ; Pass      ; Pass      ; Inapplicable ; Inapplicable ; Inapplicable ; Inapplicable ; Pass         ; Inapplicable ; Inapplicable ; Pass         ; Inapplicable ; Inapplicable ; Inapplicable ; Inapplicable ; Inapplicable ; Inapplicable ; Inapplicable ; Inapplicable ; Inapplicable ; Pass      ; Inapplicable ; Inapplicable ;
; CeldaC[17]         ; Inapplicable ; Inapplicable ; Inapplicable ; Inapplicable ; Inapplicable ; Pass      ; Inapplicable ; Inapplicable ; Pass      ; Pass      ; Inapplicable ; Inapplicable ; Inapplicable ; Inapplicable ; Pass         ; Inapplicable ; Inapplicable ; Pass         ; Inapplicable ; Inapplicable ; Inapplicable ; Inapplicable ; Inapplicable ; Inapplicable ; Inapplicable ; Inapplicable ; Inapplicable ; Pass      ; Inapplicable ; Inapplicable ;
; CeldaC[16]         ; Inapplicable ; Inapplicable ; Inapplicable ; Inapplicable ; Inapplicable ; Pass      ; Inapplicable ; Inapplicable ; Pass      ; Pass      ; Inapplicable ; Inapplicable ; Inapplicable ; Inapplicable ; Pass         ; Inapplicable ; Inapplicable ; Pass         ; Inapplicable ; Inapplicable ; Inapplicable ; Inapplicable ; Inapplicable ; Inapplicable ; Inapplicable ; Inapplicable ; Inapplicable ; Pass      ; Inapplicable ; Inapplicable ;
; CeldaC[15]         ; Inapplicable ; Inapplicable ; Inapplicable ; Inapplicable ; Inapplicable ; Pass      ; Inapplicable ; Inapplicable ; Pass      ; Pass      ; Inapplicable ; Inapplicable ; Inapplicable ; Inapplicable ; Pass         ; Inapplicable ; Inapplicable ; Pass         ; Inapplicable ; Inapplicable ; Inapplicable ; Inapplicable ; Inapplicable ; Inapplicable ; Inapplicable ; Inapplicable ; Inapplicable ; Pass      ; Inapplicable ; Inapplicable ;
; CeldaC[14]         ; Inapplicable ; Inapplicable ; Inapplicable ; Inapplicable ; Inapplicable ; Pass      ; Inapplicable ; Inapplicable ; Pass      ; Pass      ; Inapplicable ; Inapplicable ; Inapplicable ; Inapplicable ; Pass         ; Inapplicable ; Inapplicable ; Pass         ; Inapplicable ; Inapplicable ; Inapplicable ; Inapplicable ; Inapplicable ; Inapplicable ; Inapplicable ; Inapplicable ; Inapplicable ; Pass      ; Inapplicable ; Inapplicable ;
; CeldaC[13]         ; Inapplicable ; Inapplicable ; Inapplicable ; Inapplicable ; Inapplicable ; Pass      ; Inapplicable ; Inapplicable ; Pass      ; Pass      ; Inapplicable ; Inapplicable ; Inapplicable ; Inapplicable ; Pass         ; Inapplicable ; Inapplicable ; Pass         ; Inapplicable ; Inapplicable ; Inapplicable ; Inapplicable ; Inapplicable ; Inapplicable ; Inapplicable ; Inapplicable ; Inapplicable ; Pass      ; Inapplicable ; Inapplicable ;
; CeldaC[12]         ; Inapplicable ; Inapplicable ; Inapplicable ; Inapplicable ; Inapplicable ; Pass      ; Inapplicable ; Inapplicable ; Pass      ; Pass      ; Inapplicable ; Inapplicable ; Inapplicable ; Inapplicable ; Pass         ; Inapplicable ; Inapplicable ; Pass         ; Inapplicable ; Inapplicable ; Inapplicable ; Inapplicable ; Inapplicable ; Inapplicable ; Inapplicable ; Inapplicable ; Inapplicable ; Pass      ; Inapplicable ; Inapplicable ;
; CeldaC[11]         ; Inapplicable ; Inapplicable ; Inapplicable ; Inapplicable ; Inapplicable ; Pass      ; Inapplicable ; Inapplicable ; Pass      ; Pass      ; Inapplicable ; Inapplicable ; Inapplicable ; Inapplicable ; Pass         ; Inapplicable ; Inapplicable ; Pass         ; Inapplicable ; Inapplicable ; Inapplicable ; Inapplicable ; Inapplicable ; Inapplicable ; Inapplicable ; Inapplicable ; Inapplicable ; Pass      ; Inapplicable ; Inapplicable ;
; CeldaC[10]         ; Inapplicable ; Inapplicable ; Inapplicable ; Inapplicable ; Inapplicable ; Pass      ; Inapplicable ; Inapplicable ; Pass      ; Pass      ; Inapplicable ; Inapplicable ; Inapplicable ; Inapplicable ; Pass         ; Inapplicable ; Inapplicable ; Pass         ; Inapplicable ; Inapplicable ; Inapplicable ; Inapplicable ; Inapplicable ; Inapplicable ; Inapplicable ; Inapplicable ; Inapplicable ; Pass      ; Inapplicable ; Inapplicable ;
; CeldaC[9]          ; Inapplicable ; Inapplicable ; Inapplicable ; Inapplicable ; Inapplicable ; Pass      ; Inapplicable ; Inapplicable ; Pass      ; Pass      ; Inapplicable ; Inapplicable ; Inapplicable ; Inapplicable ; Pass         ; Inapplicable ; Inapplicable ; Pass         ; Inapplicable ; Inapplicable ; Inapplicable ; Inapplicable ; Inapplicable ; Inapplicable ; Inapplicable ; Inapplicable ; Inapplicable ; Pass      ; Inapplicable ; Inapplicable ;
; CeldaC[8]          ; Inapplicable ; Inapplicable ; Inapplicable ; Inapplicable ; Inapplicable ; Pass      ; Inapplicable ; Inapplicable ; Pass      ; Pass      ; Inapplicable ; Inapplicable ; Inapplicable ; Inapplicable ; Pass         ; Inapplicable ; Inapplicable ; Pass         ; Inapplicable ; Inapplicable ; Inapplicable ; Inapplicable ; Inapplicable ; Inapplicable ; Inapplicable ; Inapplicable ; Inapplicable ; Pass      ; Inapplicable ; Inapplicable ;
; CeldaC[7]          ; Inapplicable ; Inapplicable ; Inapplicable ; Inapplicable ; Inapplicable ; Pass      ; Inapplicable ; Inapplicable ; Pass      ; Pass      ; Inapplicable ; Inapplicable ; Inapplicable ; Inapplicable ; Pass         ; Inapplicable ; Inapplicable ; Pass         ; Inapplicable ; Inapplicable ; Inapplicable ; Inapplicable ; Inapplicable ; Inapplicable ; Inapplicable ; Inapplicable ; Inapplicable ; Pass      ; Inapplicable ; Inapplicable ;
; CeldaC[6]          ; Inapplicable ; Inapplicable ; Inapplicable ; Inapplicable ; Inapplicable ; Pass      ; Inapplicable ; Inapplicable ; Pass      ; Pass      ; Inapplicable ; Inapplicable ; Inapplicable ; Inapplicable ; Pass         ; Inapplicable ; Inapplicable ; Pass         ; Inapplicable ; Inapplicable ; Inapplicable ; Inapplicable ; Inapplicable ; Inapplicable ; Inapplicable ; Inapplicable ; Inapplicable ; Pass      ; Inapplicable ; Inapplicable ;
; CeldaC[5]          ; Inapplicable ; Inapplicable ; Inapplicable ; Inapplicable ; Inapplicable ; Pass      ; Inapplicable ; Inapplicable ; Pass      ; Pass      ; Inapplicable ; Inapplicable ; Inapplicable ; Inapplicable ; Pass         ; Inapplicable ; Inapplicable ; Pass         ; Inapplicable ; Inapplicable ; Inapplicable ; Inapplicable ; Inapplicable ; Inapplicable ; Inapplicable ; Inapplicable ; Inapplicable ; Pass      ; Inapplicable ; Inapplicable ;
; CeldaC[4]          ; Inapplicable ; Inapplicable ; Inapplicable ; Inapplicable ; Inapplicable ; Pass      ; Inapplicable ; Inapplicable ; Pass      ; Pass      ; Inapplicable ; Inapplicable ; Inapplicable ; Inapplicable ; Pass         ; Inapplicable ; Inapplicable ; Pass         ; Inapplicable ; Inapplicable ; Inapplicable ; Inapplicable ; Inapplicable ; Inapplicable ; Inapplicable ; Inapplicable ; Inapplicable ; Pass      ; Inapplicable ; Inapplicable ;
; CeldaC[3]          ; Inapplicable ; Inapplicable ; Inapplicable ; Inapplicable ; Inapplicable ; Pass      ; Inapplicable ; Inapplicable ; Pass      ; Pass      ; Inapplicable ; Inapplicable ; Inapplicable ; Inapplicable ; Pass         ; Inapplicable ; Inapplicable ; Pass         ; Inapplicable ; Inapplicable ; Inapplicable ; Inapplicable ; Inapplicable ; Inapplicable ; Inapplicable ; Inapplicable ; Inapplicable ; Pass      ; Inapplicable ; Inapplicable ;
; CeldaC[2]          ; Inapplicable ; Inapplicable ; Inapplicable ; Inapplicable ; Inapplicable ; Pass      ; Inapplicable ; Inapplicable ; Pass      ; Pass      ; Inapplicable ; Inapplicable ; Inapplicable ; Inapplicable ; Pass         ; Inapplicable ; Inapplicable ; Pass         ; Inapplicable ; Inapplicable ; Inapplicable ; Inapplicable ; Inapplicable ; Inapplicable ; Inapplicable ; Inapplicable ; Inapplicable ; Pass      ; Inapplicable ; Inapplicable ;
; CeldaC[1]          ; Inapplicable ; Inapplicable ; Inapplicable ; Inapplicable ; Inapplicable ; Pass      ; Inapplicable ; Inapplicable ; Pass      ; Pass      ; Inapplicable ; Inapplicable ; Inapplicable ; Inapplicable ; Pass         ; Inapplicable ; Inapplicable ; Pass         ; Inapplicable ; Inapplicable ; Inapplicable ; Inapplicable ; Inapplicable ; Inapplicable ; Inapplicable ; Inapplicable ; Inapplicable ; Pass      ; Inapplicable ; Inapplicable ;
; CeldaC[0]          ; Inapplicable ; Inapplicable ; Inapplicable ; Inapplicable ; Inapplicable ; Pass      ; Inapplicable ; Inapplicable ; Pass      ; Pass      ; Inapplicable ; Inapplicable ; Inapplicable ; Inapplicable ; Pass         ; Inapplicable ; Inapplicable ; Pass         ; Inapplicable ; Inapplicable ; Inapplicable ; Inapplicable ; Inapplicable ; Inapplicable ; Inapplicable ; Inapplicable ; Inapplicable ; Pass      ; Inapplicable ; Inapplicable ;
; CeldaD[23]         ; Inapplicable ; Inapplicable ; Inapplicable ; Inapplicable ; Inapplicable ; Pass      ; Inapplicable ; Inapplicable ; Pass      ; Pass      ; Inapplicable ; Inapplicable ; Inapplicable ; Inapplicable ; Pass         ; Inapplicable ; Inapplicable ; Pass         ; Inapplicable ; Inapplicable ; Inapplicable ; Inapplicable ; Inapplicable ; Inapplicable ; Inapplicable ; Inapplicable ; Inapplicable ; Pass      ; Inapplicable ; Inapplicable ;
; CeldaD[22]         ; Inapplicable ; Inapplicable ; Inapplicable ; Inapplicable ; Inapplicable ; Pass      ; Inapplicable ; Inapplicable ; Pass      ; Pass      ; Inapplicable ; Inapplicable ; Inapplicable ; Inapplicable ; Pass         ; Inapplicable ; Inapplicable ; Pass         ; Inapplicable ; Inapplicable ; Inapplicable ; Inapplicable ; Inapplicable ; Inapplicable ; Inapplicable ; Inapplicable ; Inapplicable ; Pass      ; Inapplicable ; Inapplicable ;
; CeldaD[21]         ; Inapplicable ; Inapplicable ; Inapplicable ; Inapplicable ; Inapplicable ; Pass      ; Inapplicable ; Inapplicable ; Pass      ; Pass      ; Inapplicable ; Inapplicable ; Inapplicable ; Inapplicable ; Pass         ; Inapplicable ; Inapplicable ; Pass         ; Inapplicable ; Inapplicable ; Inapplicable ; Inapplicable ; Inapplicable ; Inapplicable ; Inapplicable ; Inapplicable ; Inapplicable ; Pass      ; Inapplicable ; Inapplicable ;
; CeldaD[20]         ; Inapplicable ; Inapplicable ; Inapplicable ; Inapplicable ; Inapplicable ; Pass      ; Inapplicable ; Inapplicable ; Pass      ; Pass      ; Inapplicable ; Inapplicable ; Inapplicable ; Inapplicable ; Pass         ; Inapplicable ; Inapplicable ; Pass         ; Inapplicable ; Inapplicable ; Inapplicable ; Inapplicable ; Inapplicable ; Inapplicable ; Inapplicable ; Inapplicable ; Inapplicable ; Pass      ; Inapplicable ; Inapplicable ;
; CeldaD[19]         ; Inapplicable ; Inapplicable ; Inapplicable ; Inapplicable ; Inapplicable ; Pass      ; Inapplicable ; Inapplicable ; Pass      ; Pass      ; Inapplicable ; Inapplicable ; Inapplicable ; Inapplicable ; Pass         ; Inapplicable ; Inapplicable ; Pass         ; Inapplicable ; Inapplicable ; Inapplicable ; Inapplicable ; Inapplicable ; Inapplicable ; Inapplicable ; Inapplicable ; Inapplicable ; Pass      ; Inapplicable ; Inapplicable ;
; CeldaD[18]         ; Inapplicable ; Inapplicable ; Inapplicable ; Inapplicable ; Inapplicable ; Pass      ; Inapplicable ; Inapplicable ; Pass      ; Pass      ; Inapplicable ; Inapplicable ; Inapplicable ; Inapplicable ; Pass         ; Inapplicable ; Inapplicable ; Pass         ; Inapplicable ; Inapplicable ; Inapplicable ; Inapplicable ; Inapplicable ; Inapplicable ; Inapplicable ; Inapplicable ; Inapplicable ; Pass      ; Inapplicable ; Inapplicable ;
; CeldaD[17]         ; Inapplicable ; Inapplicable ; Inapplicable ; Inapplicable ; Inapplicable ; Pass      ; Inapplicable ; Inapplicable ; Pass      ; Pass      ; Inapplicable ; Inapplicable ; Inapplicable ; Inapplicable ; Pass         ; Inapplicable ; Inapplicable ; Pass         ; Inapplicable ; Inapplicable ; Inapplicable ; Inapplicable ; Inapplicable ; Inapplicable ; Inapplicable ; Inapplicable ; Inapplicable ; Pass      ; Inapplicable ; Inapplicable ;
; CeldaD[16]         ; Inapplicable ; Inapplicable ; Inapplicable ; Inapplicable ; Inapplicable ; Pass      ; Inapplicable ; Inapplicable ; Pass      ; Pass      ; Inapplicable ; Inapplicable ; Inapplicable ; Inapplicable ; Pass         ; Inapplicable ; Inapplicable ; Pass         ; Inapplicable ; Inapplicable ; Inapplicable ; Inapplicable ; Inapplicable ; Inapplicable ; Inapplicable ; Inapplicable ; Inapplicable ; Pass      ; Inapplicable ; Inapplicable ;
; CeldaD[15]         ; Inapplicable ; Inapplicable ; Inapplicable ; Inapplicable ; Inapplicable ; Pass      ; Inapplicable ; Inapplicable ; Pass      ; Pass      ; Inapplicable ; Inapplicable ; Inapplicable ; Inapplicable ; Pass         ; Inapplicable ; Inapplicable ; Pass         ; Inapplicable ; Inapplicable ; Inapplicable ; Inapplicable ; Inapplicable ; Inapplicable ; Inapplicable ; Inapplicable ; Inapplicable ; Pass      ; Inapplicable ; Inapplicable ;
; CeldaD[14]         ; Inapplicable ; Inapplicable ; Inapplicable ; Inapplicable ; Inapplicable ; Pass      ; Inapplicable ; Inapplicable ; Pass      ; Pass      ; Inapplicable ; Inapplicable ; Inapplicable ; Inapplicable ; Pass         ; Inapplicable ; Inapplicable ; Pass         ; Inapplicable ; Inapplicable ; Inapplicable ; Inapplicable ; Inapplicable ; Inapplicable ; Inapplicable ; Inapplicable ; Inapplicable ; Pass      ; Inapplicable ; Inapplicable ;
; CeldaD[13]         ; Inapplicable ; Inapplicable ; Inapplicable ; Inapplicable ; Inapplicable ; Pass      ; Inapplicable ; Inapplicable ; Pass      ; Pass      ; Inapplicable ; Inapplicable ; Inapplicable ; Inapplicable ; Pass         ; Inapplicable ; Inapplicable ; Pass         ; Inapplicable ; Inapplicable ; Inapplicable ; Inapplicable ; Inapplicable ; Inapplicable ; Inapplicable ; Inapplicable ; Inapplicable ; Pass      ; Inapplicable ; Inapplicable ;
; CeldaD[12]         ; Inapplicable ; Inapplicable ; Inapplicable ; Inapplicable ; Inapplicable ; Pass      ; Inapplicable ; Inapplicable ; Pass      ; Pass      ; Inapplicable ; Inapplicable ; Inapplicable ; Inapplicable ; Pass         ; Inapplicable ; Inapplicable ; Pass         ; Inapplicable ; Inapplicable ; Inapplicable ; Inapplicable ; Inapplicable ; Inapplicable ; Inapplicable ; Inapplicable ; Inapplicable ; Pass      ; Inapplicable ; Inapplicable ;
; CeldaD[11]         ; Inapplicable ; Inapplicable ; Inapplicable ; Inapplicable ; Inapplicable ; Pass      ; Inapplicable ; Inapplicable ; Pass      ; Pass      ; Inapplicable ; Inapplicable ; Inapplicable ; Inapplicable ; Pass         ; Inapplicable ; Inapplicable ; Pass         ; Inapplicable ; Inapplicable ; Inapplicable ; Inapplicable ; Inapplicable ; Inapplicable ; Inapplicable ; Inapplicable ; Inapplicable ; Pass      ; Inapplicable ; Inapplicable ;
; CeldaD[10]         ; Inapplicable ; Inapplicable ; Inapplicable ; Inapplicable ; Inapplicable ; Pass      ; Inapplicable ; Inapplicable ; Pass      ; Pass      ; Inapplicable ; Inapplicable ; Inapplicable ; Inapplicable ; Pass         ; Inapplicable ; Inapplicable ; Pass         ; Inapplicable ; Inapplicable ; Inapplicable ; Inapplicable ; Inapplicable ; Inapplicable ; Inapplicable ; Inapplicable ; Inapplicable ; Pass      ; Inapplicable ; Inapplicable ;
; CeldaD[9]          ; Inapplicable ; Inapplicable ; Inapplicable ; Inapplicable ; Inapplicable ; Pass      ; Inapplicable ; Inapplicable ; Pass      ; Pass      ; Inapplicable ; Inapplicable ; Inapplicable ; Inapplicable ; Pass         ; Inapplicable ; Inapplicable ; Pass         ; Inapplicable ; Inapplicable ; Inapplicable ; Inapplicable ; Inapplicable ; Inapplicable ; Inapplicable ; Inapplicable ; Inapplicable ; Pass      ; Inapplicable ; Inapplicable ;
; CeldaD[8]          ; Inapplicable ; Inapplicable ; Inapplicable ; Inapplicable ; Inapplicable ; Pass      ; Inapplicable ; Inapplicable ; Pass      ; Pass      ; Inapplicable ; Inapplicable ; Inapplicable ; Inapplicable ; Pass         ; Inapplicable ; Inapplicable ; Pass         ; Inapplicable ; Inapplicable ; Inapplicable ; Inapplicable ; Inapplicable ; Inapplicable ; Inapplicable ; Inapplicable ; Inapplicable ; Pass      ; Inapplicable ; Inapplicable ;
; CeldaD[7]          ; Inapplicable ; Inapplicable ; Inapplicable ; Inapplicable ; Inapplicable ; Pass      ; Inapplicable ; Inapplicable ; Pass      ; Pass      ; Inapplicable ; Inapplicable ; Inapplicable ; Inapplicable ; Pass         ; Inapplicable ; Inapplicable ; Pass         ; Inapplicable ; Inapplicable ; Inapplicable ; Inapplicable ; Inapplicable ; Inapplicable ; Inapplicable ; Inapplicable ; Inapplicable ; Pass      ; Inapplicable ; Inapplicable ;
; CeldaD[6]          ; Inapplicable ; Inapplicable ; Inapplicable ; Inapplicable ; Inapplicable ; Pass      ; Inapplicable ; Inapplicable ; Pass      ; Pass      ; Inapplicable ; Inapplicable ; Inapplicable ; Inapplicable ; Pass         ; Inapplicable ; Inapplicable ; Pass         ; Inapplicable ; Inapplicable ; Inapplicable ; Inapplicable ; Inapplicable ; Inapplicable ; Inapplicable ; Inapplicable ; Inapplicable ; Pass      ; Inapplicable ; Inapplicable ;
; CeldaD[5]          ; Inapplicable ; Inapplicable ; Inapplicable ; Inapplicable ; Inapplicable ; Pass      ; Inapplicable ; Inapplicable ; Pass      ; Pass      ; Inapplicable ; Inapplicable ; Inapplicable ; Inapplicable ; Pass         ; Inapplicable ; Inapplicable ; Pass         ; Inapplicable ; Inapplicable ; Inapplicable ; Inapplicable ; Inapplicable ; Inapplicable ; Inapplicable ; Inapplicable ; Inapplicable ; Pass      ; Inapplicable ; Inapplicable ;
; CeldaD[4]          ; Inapplicable ; Inapplicable ; Inapplicable ; Inapplicable ; Inapplicable ; Pass      ; Inapplicable ; Inapplicable ; Pass      ; Pass      ; Inapplicable ; Inapplicable ; Inapplicable ; Inapplicable ; Pass         ; Inapplicable ; Inapplicable ; Pass         ; Inapplicable ; Inapplicable ; Inapplicable ; Inapplicable ; Inapplicable ; Inapplicable ; Inapplicable ; Inapplicable ; Inapplicable ; Pass      ; Inapplicable ; Inapplicable ;
; CeldaD[3]          ; Inapplicable ; Inapplicable ; Inapplicable ; Inapplicable ; Inapplicable ; Pass      ; Inapplicable ; Inapplicable ; Pass      ; Pass      ; Inapplicable ; Inapplicable ; Inapplicable ; Inapplicable ; Pass         ; Inapplicable ; Inapplicable ; Pass         ; Inapplicable ; Inapplicable ; Inapplicable ; Inapplicable ; Inapplicable ; Inapplicable ; Inapplicable ; Inapplicable ; Inapplicable ; Pass      ; Inapplicable ; Inapplicable ;
; CeldaD[2]          ; Inapplicable ; Inapplicable ; Inapplicable ; Inapplicable ; Inapplicable ; Pass      ; Inapplicable ; Inapplicable ; Pass      ; Pass      ; Inapplicable ; Inapplicable ; Inapplicable ; Inapplicable ; Pass         ; Inapplicable ; Inapplicable ; Pass         ; Inapplicable ; Inapplicable ; Inapplicable ; Inapplicable ; Inapplicable ; Inapplicable ; Inapplicable ; Inapplicable ; Inapplicable ; Pass      ; Inapplicable ; Inapplicable ;
; CeldaD[1]          ; Inapplicable ; Inapplicable ; Inapplicable ; Inapplicable ; Inapplicable ; Pass      ; Inapplicable ; Inapplicable ; Pass      ; Pass      ; Inapplicable ; Inapplicable ; Inapplicable ; Inapplicable ; Pass         ; Inapplicable ; Inapplicable ; Pass         ; Inapplicable ; Inapplicable ; Inapplicable ; Inapplicable ; Inapplicable ; Inapplicable ; Inapplicable ; Inapplicable ; Inapplicable ; Pass      ; Inapplicable ; Inapplicable ;
; CeldaD[0]          ; Inapplicable ; Inapplicable ; Inapplicable ; Inapplicable ; Inapplicable ; Pass      ; Inapplicable ; Inapplicable ; Pass      ; Pass      ; Inapplicable ; Inapplicable ; Inapplicable ; Inapplicable ; Pass         ; Inapplicable ; Inapplicable ; Pass         ; Inapplicable ; Inapplicable ; Inapplicable ; Inapplicable ; Inapplicable ; Inapplicable ; Inapplicable ; Inapplicable ; Inapplicable ; Pass      ; Inapplicable ; Inapplicable ;
; Celda5[23]         ; Inapplicable ; Inapplicable ; Inapplicable ; Inapplicable ; Inapplicable ; Pass      ; Inapplicable ; Inapplicable ; Pass      ; Pass      ; Inapplicable ; Inapplicable ; Inapplicable ; Inapplicable ; Pass         ; Inapplicable ; Inapplicable ; Pass         ; Inapplicable ; Inapplicable ; Inapplicable ; Inapplicable ; Inapplicable ; Inapplicable ; Inapplicable ; Inapplicable ; Inapplicable ; Pass      ; Inapplicable ; Inapplicable ;
; Celda5[22]         ; Inapplicable ; Inapplicable ; Inapplicable ; Inapplicable ; Inapplicable ; Pass      ; Inapplicable ; Inapplicable ; Pass      ; Pass      ; Inapplicable ; Inapplicable ; Inapplicable ; Inapplicable ; Pass         ; Inapplicable ; Inapplicable ; Pass         ; Inapplicable ; Inapplicable ; Inapplicable ; Inapplicable ; Inapplicable ; Inapplicable ; Inapplicable ; Inapplicable ; Inapplicable ; Pass      ; Inapplicable ; Inapplicable ;
; Celda5[21]         ; Inapplicable ; Inapplicable ; Inapplicable ; Inapplicable ; Inapplicable ; Pass      ; Inapplicable ; Inapplicable ; Pass      ; Pass      ; Inapplicable ; Inapplicable ; Inapplicable ; Inapplicable ; Pass         ; Inapplicable ; Inapplicable ; Pass         ; Inapplicable ; Inapplicable ; Inapplicable ; Inapplicable ; Inapplicable ; Inapplicable ; Inapplicable ; Inapplicable ; Inapplicable ; Pass      ; Inapplicable ; Inapplicable ;
; Celda5[20]         ; Inapplicable ; Inapplicable ; Inapplicable ; Inapplicable ; Inapplicable ; Pass      ; Inapplicable ; Inapplicable ; Pass      ; Pass      ; Inapplicable ; Inapplicable ; Inapplicable ; Inapplicable ; Pass         ; Inapplicable ; Inapplicable ; Pass         ; Inapplicable ; Inapplicable ; Inapplicable ; Inapplicable ; Inapplicable ; Inapplicable ; Inapplicable ; Inapplicable ; Inapplicable ; Pass      ; Inapplicable ; Inapplicable ;
; Celda5[19]         ; Inapplicable ; Inapplicable ; Inapplicable ; Inapplicable ; Inapplicable ; Pass      ; Inapplicable ; Inapplicable ; Pass      ; Pass      ; Inapplicable ; Inapplicable ; Inapplicable ; Inapplicable ; Pass         ; Inapplicable ; Inapplicable ; Pass         ; Inapplicable ; Inapplicable ; Inapplicable ; Inapplicable ; Inapplicable ; Inapplicable ; Inapplicable ; Inapplicable ; Inapplicable ; Pass      ; Inapplicable ; Inapplicable ;
; Celda5[18]         ; Inapplicable ; Inapplicable ; Inapplicable ; Inapplicable ; Inapplicable ; Pass      ; Inapplicable ; Inapplicable ; Pass      ; Pass      ; Inapplicable ; Inapplicable ; Inapplicable ; Inapplicable ; Pass         ; Inapplicable ; Inapplicable ; Pass         ; Inapplicable ; Inapplicable ; Inapplicable ; Inapplicable ; Inapplicable ; Inapplicable ; Inapplicable ; Inapplicable ; Inapplicable ; Pass      ; Inapplicable ; Inapplicable ;
; Celda5[17]         ; Inapplicable ; Inapplicable ; Inapplicable ; Inapplicable ; Inapplicable ; Pass      ; Inapplicable ; Inapplicable ; Pass      ; Pass      ; Inapplicable ; Inapplicable ; Inapplicable ; Inapplicable ; Pass         ; Inapplicable ; Inapplicable ; Pass         ; Inapplicable ; Inapplicable ; Inapplicable ; Inapplicable ; Inapplicable ; Inapplicable ; Inapplicable ; Inapplicable ; Inapplicable ; Pass      ; Inapplicable ; Inapplicable ;
; Celda5[16]         ; Inapplicable ; Inapplicable ; Inapplicable ; Inapplicable ; Inapplicable ; Pass      ; Inapplicable ; Inapplicable ; Pass      ; Pass      ; Inapplicable ; Inapplicable ; Inapplicable ; Inapplicable ; Pass         ; Inapplicable ; Inapplicable ; Pass         ; Inapplicable ; Inapplicable ; Inapplicable ; Inapplicable ; Inapplicable ; Inapplicable ; Inapplicable ; Inapplicable ; Inapplicable ; Pass      ; Inapplicable ; Inapplicable ;
; Celda5[15]         ; Inapplicable ; Inapplicable ; Inapplicable ; Inapplicable ; Inapplicable ; Pass      ; Inapplicable ; Inapplicable ; Pass      ; Pass      ; Inapplicable ; Inapplicable ; Inapplicable ; Inapplicable ; Pass         ; Inapplicable ; Inapplicable ; Pass         ; Inapplicable ; Inapplicable ; Inapplicable ; Inapplicable ; Inapplicable ; Inapplicable ; Inapplicable ; Inapplicable ; Inapplicable ; Pass      ; Inapplicable ; Inapplicable ;
; Celda5[14]         ; Inapplicable ; Inapplicable ; Inapplicable ; Inapplicable ; Inapplicable ; Pass      ; Inapplicable ; Inapplicable ; Pass      ; Pass      ; Inapplicable ; Inapplicable ; Inapplicable ; Inapplicable ; Pass         ; Inapplicable ; Inapplicable ; Pass         ; Inapplicable ; Inapplicable ; Inapplicable ; Inapplicable ; Inapplicable ; Inapplicable ; Inapplicable ; Inapplicable ; Inapplicable ; Pass      ; Inapplicable ; Inapplicable ;
; Celda5[13]         ; Inapplicable ; Inapplicable ; Inapplicable ; Inapplicable ; Inapplicable ; Pass      ; Inapplicable ; Inapplicable ; Pass      ; Pass      ; Inapplicable ; Inapplicable ; Inapplicable ; Inapplicable ; Pass         ; Inapplicable ; Inapplicable ; Pass         ; Inapplicable ; Inapplicable ; Inapplicable ; Inapplicable ; Inapplicable ; Inapplicable ; Inapplicable ; Inapplicable ; Inapplicable ; Pass      ; Inapplicable ; Inapplicable ;
; Celda5[12]         ; Inapplicable ; Inapplicable ; Inapplicable ; Inapplicable ; Inapplicable ; Pass      ; Inapplicable ; Inapplicable ; Pass      ; Pass      ; Inapplicable ; Inapplicable ; Inapplicable ; Inapplicable ; Pass         ; Inapplicable ; Inapplicable ; Pass         ; Inapplicable ; Inapplicable ; Inapplicable ; Inapplicable ; Inapplicable ; Inapplicable ; Inapplicable ; Inapplicable ; Inapplicable ; Pass      ; Inapplicable ; Inapplicable ;
; Celda5[11]         ; Inapplicable ; Inapplicable ; Inapplicable ; Inapplicable ; Inapplicable ; Pass      ; Inapplicable ; Inapplicable ; Pass      ; Pass      ; Inapplicable ; Inapplicable ; Inapplicable ; Inapplicable ; Pass         ; Inapplicable ; Inapplicable ; Pass         ; Inapplicable ; Inapplicable ; Inapplicable ; Inapplicable ; Inapplicable ; Inapplicable ; Inapplicable ; Inapplicable ; Inapplicable ; Pass      ; Inapplicable ; Inapplicable ;
; Celda5[10]         ; Inapplicable ; Inapplicable ; Inapplicable ; Inapplicable ; Inapplicable ; Pass      ; Inapplicable ; Inapplicable ; Pass      ; Pass      ; Inapplicable ; Inapplicable ; Inapplicable ; Inapplicable ; Pass         ; Inapplicable ; Inapplicable ; Pass         ; Inapplicable ; Inapplicable ; Inapplicable ; Inapplicable ; Inapplicable ; Inapplicable ; Inapplicable ; Inapplicable ; Inapplicable ; Pass      ; Inapplicable ; Inapplicable ;
; Celda5[9]          ; Inapplicable ; Inapplicable ; Inapplicable ; Inapplicable ; Inapplicable ; Pass      ; Inapplicable ; Inapplicable ; Pass      ; Pass      ; Inapplicable ; Inapplicable ; Inapplicable ; Inapplicable ; Pass         ; Inapplicable ; Inapplicable ; Pass         ; Inapplicable ; Inapplicable ; Inapplicable ; Inapplicable ; Inapplicable ; Inapplicable ; Inapplicable ; Inapplicable ; Inapplicable ; Pass      ; Inapplicable ; Inapplicable ;
; Celda5[8]          ; Inapplicable ; Inapplicable ; Inapplicable ; Inapplicable ; Inapplicable ; Pass      ; Inapplicable ; Inapplicable ; Pass      ; Pass      ; Inapplicable ; Inapplicable ; Inapplicable ; Inapplicable ; Pass         ; Inapplicable ; Inapplicable ; Pass         ; Inapplicable ; Inapplicable ; Inapplicable ; Inapplicable ; Inapplicable ; Inapplicable ; Inapplicable ; Inapplicable ; Inapplicable ; Pass      ; Inapplicable ; Inapplicable ;
; Celda5[7]          ; Inapplicable ; Inapplicable ; Inapplicable ; Inapplicable ; Inapplicable ; Pass      ; Inapplicable ; Inapplicable ; Pass      ; Pass      ; Inapplicable ; Inapplicable ; Inapplicable ; Inapplicable ; Pass         ; Inapplicable ; Inapplicable ; Pass         ; Inapplicable ; Inapplicable ; Inapplicable ; Inapplicable ; Inapplicable ; Inapplicable ; Inapplicable ; Inapplicable ; Inapplicable ; Pass      ; Inapplicable ; Inapplicable ;
; Celda5[6]          ; Inapplicable ; Inapplicable ; Inapplicable ; Inapplicable ; Inapplicable ; Pass      ; Inapplicable ; Inapplicable ; Pass      ; Pass      ; Inapplicable ; Inapplicable ; Inapplicable ; Inapplicable ; Pass         ; Inapplicable ; Inapplicable ; Pass         ; Inapplicable ; Inapplicable ; Inapplicable ; Inapplicable ; Inapplicable ; Inapplicable ; Inapplicable ; Inapplicable ; Inapplicable ; Pass      ; Inapplicable ; Inapplicable ;
; Celda5[5]          ; Inapplicable ; Inapplicable ; Inapplicable ; Inapplicable ; Inapplicable ; Pass      ; Inapplicable ; Inapplicable ; Pass      ; Pass      ; Inapplicable ; Inapplicable ; Inapplicable ; Inapplicable ; Pass         ; Inapplicable ; Inapplicable ; Pass         ; Inapplicable ; Inapplicable ; Inapplicable ; Inapplicable ; Inapplicable ; Inapplicable ; Inapplicable ; Inapplicable ; Inapplicable ; Pass      ; Inapplicable ; Inapplicable ;
; Celda5[4]          ; Inapplicable ; Inapplicable ; Inapplicable ; Inapplicable ; Inapplicable ; Pass      ; Inapplicable ; Inapplicable ; Pass      ; Pass      ; Inapplicable ; Inapplicable ; Inapplicable ; Inapplicable ; Pass         ; Inapplicable ; Inapplicable ; Pass         ; Inapplicable ; Inapplicable ; Inapplicable ; Inapplicable ; Inapplicable ; Inapplicable ; Inapplicable ; Inapplicable ; Inapplicable ; Pass      ; Inapplicable ; Inapplicable ;
; Celda5[3]          ; Inapplicable ; Inapplicable ; Inapplicable ; Inapplicable ; Inapplicable ; Pass      ; Inapplicable ; Inapplicable ; Pass      ; Pass      ; Inapplicable ; Inapplicable ; Inapplicable ; Inapplicable ; Pass         ; Inapplicable ; Inapplicable ; Pass         ; Inapplicable ; Inapplicable ; Inapplicable ; Inapplicable ; Inapplicable ; Inapplicable ; Inapplicable ; Inapplicable ; Inapplicable ; Pass      ; Inapplicable ; Inapplicable ;
; Celda5[2]          ; Inapplicable ; Inapplicable ; Inapplicable ; Inapplicable ; Inapplicable ; Pass      ; Inapplicable ; Inapplicable ; Pass      ; Pass      ; Inapplicable ; Inapplicable ; Inapplicable ; Inapplicable ; Pass         ; Inapplicable ; Inapplicable ; Pass         ; Inapplicable ; Inapplicable ; Inapplicable ; Inapplicable ; Inapplicable ; Inapplicable ; Inapplicable ; Inapplicable ; Inapplicable ; Pass      ; Inapplicable ; Inapplicable ;
; Celda5[1]          ; Inapplicable ; Inapplicable ; Inapplicable ; Inapplicable ; Inapplicable ; Pass      ; Inapplicable ; Inapplicable ; Pass      ; Pass      ; Inapplicable ; Inapplicable ; Inapplicable ; Inapplicable ; Pass         ; Inapplicable ; Inapplicable ; Pass         ; Inapplicable ; Inapplicable ; Inapplicable ; Inapplicable ; Inapplicable ; Inapplicable ; Inapplicable ; Inapplicable ; Inapplicable ; Pass      ; Inapplicable ; Inapplicable ;
; Celda5[0]          ; Inapplicable ; Inapplicable ; Inapplicable ; Inapplicable ; Inapplicable ; Pass      ; Inapplicable ; Inapplicable ; Pass      ; Pass      ; Inapplicable ; Inapplicable ; Inapplicable ; Inapplicable ; Pass         ; Inapplicable ; Inapplicable ; Pass         ; Inapplicable ; Inapplicable ; Inapplicable ; Inapplicable ; Inapplicable ; Inapplicable ; Inapplicable ; Inapplicable ; Inapplicable ; Pass      ; Inapplicable ; Inapplicable ;
; Celda6[23]         ; Inapplicable ; Inapplicable ; Inapplicable ; Inapplicable ; Inapplicable ; Pass      ; Inapplicable ; Inapplicable ; Pass      ; Pass      ; Inapplicable ; Inapplicable ; Inapplicable ; Inapplicable ; Pass         ; Inapplicable ; Inapplicable ; Pass         ; Inapplicable ; Inapplicable ; Inapplicable ; Inapplicable ; Inapplicable ; Inapplicable ; Inapplicable ; Inapplicable ; Inapplicable ; Pass      ; Inapplicable ; Inapplicable ;
; Celda6[22]         ; Inapplicable ; Inapplicable ; Inapplicable ; Inapplicable ; Inapplicable ; Pass      ; Inapplicable ; Inapplicable ; Pass      ; Pass      ; Inapplicable ; Inapplicable ; Inapplicable ; Inapplicable ; Pass         ; Inapplicable ; Inapplicable ; Pass         ; Inapplicable ; Inapplicable ; Inapplicable ; Inapplicable ; Inapplicable ; Inapplicable ; Inapplicable ; Inapplicable ; Inapplicable ; Pass      ; Inapplicable ; Inapplicable ;
; Celda6[21]         ; Inapplicable ; Inapplicable ; Inapplicable ; Inapplicable ; Inapplicable ; Pass      ; Inapplicable ; Inapplicable ; Pass      ; Pass      ; Inapplicable ; Inapplicable ; Inapplicable ; Inapplicable ; Pass         ; Inapplicable ; Inapplicable ; Pass         ; Inapplicable ; Inapplicable ; Inapplicable ; Inapplicable ; Inapplicable ; Inapplicable ; Inapplicable ; Inapplicable ; Inapplicable ; Pass      ; Inapplicable ; Inapplicable ;
; Celda6[20]         ; Inapplicable ; Inapplicable ; Inapplicable ; Inapplicable ; Inapplicable ; Pass      ; Inapplicable ; Inapplicable ; Pass      ; Pass      ; Inapplicable ; Inapplicable ; Inapplicable ; Inapplicable ; Pass         ; Inapplicable ; Inapplicable ; Pass         ; Inapplicable ; Inapplicable ; Inapplicable ; Inapplicable ; Inapplicable ; Inapplicable ; Inapplicable ; Inapplicable ; Inapplicable ; Pass      ; Inapplicable ; Inapplicable ;
; Celda6[19]         ; Inapplicable ; Inapplicable ; Inapplicable ; Inapplicable ; Inapplicable ; Pass      ; Inapplicable ; Inapplicable ; Pass      ; Pass      ; Inapplicable ; Inapplicable ; Inapplicable ; Inapplicable ; Pass         ; Inapplicable ; Inapplicable ; Pass         ; Inapplicable ; Inapplicable ; Inapplicable ; Inapplicable ; Inapplicable ; Inapplicable ; Inapplicable ; Inapplicable ; Inapplicable ; Pass      ; Inapplicable ; Inapplicable ;
; Celda6[18]         ; Inapplicable ; Inapplicable ; Inapplicable ; Inapplicable ; Inapplicable ; Pass      ; Inapplicable ; Inapplicable ; Pass      ; Pass      ; Inapplicable ; Inapplicable ; Inapplicable ; Inapplicable ; Pass         ; Inapplicable ; Inapplicable ; Pass         ; Inapplicable ; Inapplicable ; Inapplicable ; Inapplicable ; Inapplicable ; Inapplicable ; Inapplicable ; Inapplicable ; Inapplicable ; Pass      ; Inapplicable ; Inapplicable ;
; Celda6[17]         ; Inapplicable ; Inapplicable ; Inapplicable ; Inapplicable ; Inapplicable ; Pass      ; Inapplicable ; Inapplicable ; Pass      ; Pass      ; Inapplicable ; Inapplicable ; Inapplicable ; Inapplicable ; Pass         ; Inapplicable ; Inapplicable ; Pass         ; Inapplicable ; Inapplicable ; Inapplicable ; Inapplicable ; Inapplicable ; Inapplicable ; Inapplicable ; Inapplicable ; Inapplicable ; Pass      ; Inapplicable ; Inapplicable ;
; Celda6[16]         ; Inapplicable ; Inapplicable ; Inapplicable ; Inapplicable ; Inapplicable ; Pass      ; Inapplicable ; Inapplicable ; Pass      ; Pass      ; Inapplicable ; Inapplicable ; Inapplicable ; Inapplicable ; Pass         ; Inapplicable ; Inapplicable ; Pass         ; Inapplicable ; Inapplicable ; Inapplicable ; Inapplicable ; Inapplicable ; Inapplicable ; Inapplicable ; Inapplicable ; Inapplicable ; Pass      ; Inapplicable ; Inapplicable ;
; Celda6[15]         ; Inapplicable ; Inapplicable ; Inapplicable ; Inapplicable ; Inapplicable ; Pass      ; Inapplicable ; Inapplicable ; Pass      ; Pass      ; Inapplicable ; Inapplicable ; Inapplicable ; Inapplicable ; Pass         ; Inapplicable ; Inapplicable ; Pass         ; Inapplicable ; Inapplicable ; Inapplicable ; Inapplicable ; Inapplicable ; Inapplicable ; Inapplicable ; Inapplicable ; Inapplicable ; Pass      ; Inapplicable ; Inapplicable ;
; Celda6[14]         ; Inapplicable ; Inapplicable ; Inapplicable ; Inapplicable ; Inapplicable ; Pass      ; Inapplicable ; Inapplicable ; Pass      ; Pass      ; Inapplicable ; Inapplicable ; Inapplicable ; Inapplicable ; Pass         ; Inapplicable ; Inapplicable ; Pass         ; Inapplicable ; Inapplicable ; Inapplicable ; Inapplicable ; Inapplicable ; Inapplicable ; Inapplicable ; Inapplicable ; Inapplicable ; Pass      ; Inapplicable ; Inapplicable ;
; Celda6[13]         ; Inapplicable ; Inapplicable ; Inapplicable ; Inapplicable ; Inapplicable ; Pass      ; Inapplicable ; Inapplicable ; Pass      ; Pass      ; Inapplicable ; Inapplicable ; Inapplicable ; Inapplicable ; Pass         ; Inapplicable ; Inapplicable ; Pass         ; Inapplicable ; Inapplicable ; Inapplicable ; Inapplicable ; Inapplicable ; Inapplicable ; Inapplicable ; Inapplicable ; Inapplicable ; Pass      ; Inapplicable ; Inapplicable ;
; Celda6[12]         ; Inapplicable ; Inapplicable ; Inapplicable ; Inapplicable ; Inapplicable ; Pass      ; Inapplicable ; Inapplicable ; Pass      ; Pass      ; Inapplicable ; Inapplicable ; Inapplicable ; Inapplicable ; Pass         ; Inapplicable ; Inapplicable ; Pass         ; Inapplicable ; Inapplicable ; Inapplicable ; Inapplicable ; Inapplicable ; Inapplicable ; Inapplicable ; Inapplicable ; Inapplicable ; Pass      ; Inapplicable ; Inapplicable ;
; Celda6[11]         ; Inapplicable ; Inapplicable ; Inapplicable ; Inapplicable ; Inapplicable ; Pass      ; Inapplicable ; Inapplicable ; Pass      ; Pass      ; Inapplicable ; Inapplicable ; Inapplicable ; Inapplicable ; Pass         ; Inapplicable ; Inapplicable ; Pass         ; Inapplicable ; Inapplicable ; Inapplicable ; Inapplicable ; Inapplicable ; Inapplicable ; Inapplicable ; Inapplicable ; Inapplicable ; Pass      ; Inapplicable ; Inapplicable ;
; Celda6[10]         ; Inapplicable ; Inapplicable ; Inapplicable ; Inapplicable ; Inapplicable ; Pass      ; Inapplicable ; Inapplicable ; Pass      ; Pass      ; Inapplicable ; Inapplicable ; Inapplicable ; Inapplicable ; Pass         ; Inapplicable ; Inapplicable ; Pass         ; Inapplicable ; Inapplicable ; Inapplicable ; Inapplicable ; Inapplicable ; Inapplicable ; Inapplicable ; Inapplicable ; Inapplicable ; Pass      ; Inapplicable ; Inapplicable ;
; Celda6[9]          ; Inapplicable ; Inapplicable ; Inapplicable ; Inapplicable ; Inapplicable ; Pass      ; Inapplicable ; Inapplicable ; Pass      ; Pass      ; Inapplicable ; Inapplicable ; Inapplicable ; Inapplicable ; Pass         ; Inapplicable ; Inapplicable ; Pass         ; Inapplicable ; Inapplicable ; Inapplicable ; Inapplicable ; Inapplicable ; Inapplicable ; Inapplicable ; Inapplicable ; Inapplicable ; Pass      ; Inapplicable ; Inapplicable ;
; Celda6[8]          ; Inapplicable ; Inapplicable ; Inapplicable ; Inapplicable ; Inapplicable ; Pass      ; Inapplicable ; Inapplicable ; Pass      ; Pass      ; Inapplicable ; Inapplicable ; Inapplicable ; Inapplicable ; Pass         ; Inapplicable ; Inapplicable ; Pass         ; Inapplicable ; Inapplicable ; Inapplicable ; Inapplicable ; Inapplicable ; Inapplicable ; Inapplicable ; Inapplicable ; Inapplicable ; Pass      ; Inapplicable ; Inapplicable ;
; Celda6[7]          ; Inapplicable ; Inapplicable ; Inapplicable ; Inapplicable ; Inapplicable ; Pass      ; Inapplicable ; Inapplicable ; Pass      ; Pass      ; Inapplicable ; Inapplicable ; Inapplicable ; Inapplicable ; Pass         ; Inapplicable ; Inapplicable ; Pass         ; Inapplicable ; Inapplicable ; Inapplicable ; Inapplicable ; Inapplicable ; Inapplicable ; Inapplicable ; Inapplicable ; Inapplicable ; Pass      ; Inapplicable ; Inapplicable ;
; Celda6[6]          ; Inapplicable ; Inapplicable ; Inapplicable ; Inapplicable ; Inapplicable ; Pass      ; Inapplicable ; Inapplicable ; Pass      ; Pass      ; Inapplicable ; Inapplicable ; Inapplicable ; Inapplicable ; Pass         ; Inapplicable ; Inapplicable ; Pass         ; Inapplicable ; Inapplicable ; Inapplicable ; Inapplicable ; Inapplicable ; Inapplicable ; Inapplicable ; Inapplicable ; Inapplicable ; Pass      ; Inapplicable ; Inapplicable ;
; Celda6[5]          ; Inapplicable ; Inapplicable ; Inapplicable ; Inapplicable ; Inapplicable ; Pass      ; Inapplicable ; Inapplicable ; Pass      ; Pass      ; Inapplicable ; Inapplicable ; Inapplicable ; Inapplicable ; Pass         ; Inapplicable ; Inapplicable ; Pass         ; Inapplicable ; Inapplicable ; Inapplicable ; Inapplicable ; Inapplicable ; Inapplicable ; Inapplicable ; Inapplicable ; Inapplicable ; Pass      ; Inapplicable ; Inapplicable ;
; Celda6[4]          ; Inapplicable ; Inapplicable ; Inapplicable ; Inapplicable ; Inapplicable ; Pass      ; Inapplicable ; Inapplicable ; Pass      ; Pass      ; Inapplicable ; Inapplicable ; Inapplicable ; Inapplicable ; Pass         ; Inapplicable ; Inapplicable ; Pass         ; Inapplicable ; Inapplicable ; Inapplicable ; Inapplicable ; Inapplicable ; Inapplicable ; Inapplicable ; Inapplicable ; Inapplicable ; Pass      ; Inapplicable ; Inapplicable ;
; Celda6[3]          ; Inapplicable ; Inapplicable ; Inapplicable ; Inapplicable ; Inapplicable ; Pass      ; Inapplicable ; Inapplicable ; Pass      ; Pass      ; Inapplicable ; Inapplicable ; Inapplicable ; Inapplicable ; Pass         ; Inapplicable ; Inapplicable ; Pass         ; Inapplicable ; Inapplicable ; Inapplicable ; Inapplicable ; Inapplicable ; Inapplicable ; Inapplicable ; Inapplicable ; Inapplicable ; Pass      ; Inapplicable ; Inapplicable ;
; Celda6[2]          ; Inapplicable ; Inapplicable ; Inapplicable ; Inapplicable ; Inapplicable ; Pass      ; Inapplicable ; Inapplicable ; Pass      ; Pass      ; Inapplicable ; Inapplicable ; Inapplicable ; Inapplicable ; Pass         ; Inapplicable ; Inapplicable ; Pass         ; Inapplicable ; Inapplicable ; Inapplicable ; Inapplicable ; Inapplicable ; Inapplicable ; Inapplicable ; Inapplicable ; Inapplicable ; Pass      ; Inapplicable ; Inapplicable ;
; Celda6[1]          ; Inapplicable ; Inapplicable ; Inapplicable ; Inapplicable ; Inapplicable ; Pass      ; Inapplicable ; Inapplicable ; Pass      ; Pass      ; Inapplicable ; Inapplicable ; Inapplicable ; Inapplicable ; Pass         ; Inapplicable ; Inapplicable ; Pass         ; Inapplicable ; Inapplicable ; Inapplicable ; Inapplicable ; Inapplicable ; Inapplicable ; Inapplicable ; Inapplicable ; Inapplicable ; Pass      ; Inapplicable ; Inapplicable ;
; Celda6[0]          ; Inapplicable ; Inapplicable ; Inapplicable ; Inapplicable ; Inapplicable ; Pass      ; Inapplicable ; Inapplicable ; Pass      ; Pass      ; Inapplicable ; Inapplicable ; Inapplicable ; Inapplicable ; Pass         ; Inapplicable ; Inapplicable ; Pass         ; Inapplicable ; Inapplicable ; Inapplicable ; Inapplicable ; Inapplicable ; Inapplicable ; Inapplicable ; Inapplicable ; Inapplicable ; Pass      ; Inapplicable ; Inapplicable ;
; Celda7[23]         ; Inapplicable ; Inapplicable ; Inapplicable ; Inapplicable ; Inapplicable ; Pass      ; Inapplicable ; Inapplicable ; Pass      ; Pass      ; Inapplicable ; Inapplicable ; Inapplicable ; Inapplicable ; Pass         ; Inapplicable ; Inapplicable ; Pass         ; Inapplicable ; Inapplicable ; Inapplicable ; Inapplicable ; Inapplicable ; Inapplicable ; Inapplicable ; Inapplicable ; Inapplicable ; Pass      ; Inapplicable ; Inapplicable ;
; Celda7[22]         ; Inapplicable ; Inapplicable ; Inapplicable ; Inapplicable ; Inapplicable ; Pass      ; Inapplicable ; Inapplicable ; Pass      ; Pass      ; Inapplicable ; Inapplicable ; Inapplicable ; Inapplicable ; Pass         ; Inapplicable ; Inapplicable ; Pass         ; Inapplicable ; Inapplicable ; Inapplicable ; Inapplicable ; Inapplicable ; Inapplicable ; Inapplicable ; Inapplicable ; Inapplicable ; Pass      ; Inapplicable ; Inapplicable ;
; Celda7[21]         ; Inapplicable ; Inapplicable ; Inapplicable ; Inapplicable ; Inapplicable ; Pass      ; Inapplicable ; Inapplicable ; Pass      ; Pass      ; Inapplicable ; Inapplicable ; Inapplicable ; Inapplicable ; Pass         ; Inapplicable ; Inapplicable ; Pass         ; Inapplicable ; Inapplicable ; Inapplicable ; Inapplicable ; Inapplicable ; Inapplicable ; Inapplicable ; Inapplicable ; Inapplicable ; Pass      ; Inapplicable ; Inapplicable ;
; Celda7[20]         ; Inapplicable ; Inapplicable ; Inapplicable ; Inapplicable ; Inapplicable ; Pass      ; Inapplicable ; Inapplicable ; Pass      ; Pass      ; Inapplicable ; Inapplicable ; Inapplicable ; Inapplicable ; Pass         ; Inapplicable ; Inapplicable ; Pass         ; Inapplicable ; Inapplicable ; Inapplicable ; Inapplicable ; Inapplicable ; Inapplicable ; Inapplicable ; Inapplicable ; Inapplicable ; Pass      ; Inapplicable ; Inapplicable ;
; Celda7[19]         ; Inapplicable ; Inapplicable ; Inapplicable ; Inapplicable ; Inapplicable ; Pass      ; Inapplicable ; Inapplicable ; Pass      ; Pass      ; Inapplicable ; Inapplicable ; Inapplicable ; Inapplicable ; Pass         ; Inapplicable ; Inapplicable ; Pass         ; Inapplicable ; Inapplicable ; Inapplicable ; Inapplicable ; Inapplicable ; Inapplicable ; Inapplicable ; Inapplicable ; Inapplicable ; Pass      ; Inapplicable ; Inapplicable ;
; Celda7[18]         ; Inapplicable ; Inapplicable ; Inapplicable ; Inapplicable ; Inapplicable ; Pass      ; Inapplicable ; Inapplicable ; Pass      ; Pass      ; Inapplicable ; Inapplicable ; Inapplicable ; Inapplicable ; Pass         ; Inapplicable ; Inapplicable ; Pass         ; Inapplicable ; Inapplicable ; Inapplicable ; Inapplicable ; Inapplicable ; Inapplicable ; Inapplicable ; Inapplicable ; Inapplicable ; Pass      ; Inapplicable ; Inapplicable ;
; Celda7[17]         ; Inapplicable ; Inapplicable ; Inapplicable ; Inapplicable ; Inapplicable ; Pass      ; Inapplicable ; Inapplicable ; Pass      ; Pass      ; Inapplicable ; Inapplicable ; Inapplicable ; Inapplicable ; Pass         ; Inapplicable ; Inapplicable ; Pass         ; Inapplicable ; Inapplicable ; Inapplicable ; Inapplicable ; Inapplicable ; Inapplicable ; Inapplicable ; Inapplicable ; Inapplicable ; Pass      ; Inapplicable ; Inapplicable ;
; Celda7[16]         ; Inapplicable ; Inapplicable ; Inapplicable ; Inapplicable ; Inapplicable ; Pass      ; Inapplicable ; Inapplicable ; Pass      ; Pass      ; Inapplicable ; Inapplicable ; Inapplicable ; Inapplicable ; Pass         ; Inapplicable ; Inapplicable ; Pass         ; Inapplicable ; Inapplicable ; Inapplicable ; Inapplicable ; Inapplicable ; Inapplicable ; Inapplicable ; Inapplicable ; Inapplicable ; Pass      ; Inapplicable ; Inapplicable ;
; Celda7[15]         ; Inapplicable ; Inapplicable ; Inapplicable ; Inapplicable ; Inapplicable ; Pass      ; Inapplicable ; Inapplicable ; Pass      ; Pass      ; Inapplicable ; Inapplicable ; Inapplicable ; Inapplicable ; Pass         ; Inapplicable ; Inapplicable ; Pass         ; Inapplicable ; Inapplicable ; Inapplicable ; Inapplicable ; Inapplicable ; Inapplicable ; Inapplicable ; Inapplicable ; Inapplicable ; Pass      ; Inapplicable ; Inapplicable ;
; Celda7[14]         ; Inapplicable ; Inapplicable ; Inapplicable ; Inapplicable ; Inapplicable ; Pass      ; Inapplicable ; Inapplicable ; Pass      ; Pass      ; Inapplicable ; Inapplicable ; Inapplicable ; Inapplicable ; Pass         ; Inapplicable ; Inapplicable ; Pass         ; Inapplicable ; Inapplicable ; Inapplicable ; Inapplicable ; Inapplicable ; Inapplicable ; Inapplicable ; Inapplicable ; Inapplicable ; Pass      ; Inapplicable ; Inapplicable ;
; Celda7[13]         ; Inapplicable ; Inapplicable ; Inapplicable ; Inapplicable ; Inapplicable ; Pass      ; Inapplicable ; Inapplicable ; Pass      ; Pass      ; Inapplicable ; Inapplicable ; Inapplicable ; Inapplicable ; Pass         ; Inapplicable ; Inapplicable ; Pass         ; Inapplicable ; Inapplicable ; Inapplicable ; Inapplicable ; Inapplicable ; Inapplicable ; Inapplicable ; Inapplicable ; Inapplicable ; Pass      ; Inapplicable ; Inapplicable ;
; Celda7[12]         ; Inapplicable ; Inapplicable ; Inapplicable ; Inapplicable ; Inapplicable ; Pass      ; Inapplicable ; Inapplicable ; Pass      ; Pass      ; Inapplicable ; Inapplicable ; Inapplicable ; Inapplicable ; Pass         ; Inapplicable ; Inapplicable ; Pass         ; Inapplicable ; Inapplicable ; Inapplicable ; Inapplicable ; Inapplicable ; Inapplicable ; Inapplicable ; Inapplicable ; Inapplicable ; Pass      ; Inapplicable ; Inapplicable ;
; Celda7[11]         ; Inapplicable ; Inapplicable ; Inapplicable ; Inapplicable ; Inapplicable ; Pass      ; Inapplicable ; Inapplicable ; Pass      ; Pass      ; Inapplicable ; Inapplicable ; Inapplicable ; Inapplicable ; Pass         ; Inapplicable ; Inapplicable ; Pass         ; Inapplicable ; Inapplicable ; Inapplicable ; Inapplicable ; Inapplicable ; Inapplicable ; Inapplicable ; Inapplicable ; Inapplicable ; Pass      ; Inapplicable ; Inapplicable ;
; Celda7[10]         ; Inapplicable ; Inapplicable ; Inapplicable ; Inapplicable ; Inapplicable ; Pass      ; Inapplicable ; Inapplicable ; Pass      ; Pass      ; Inapplicable ; Inapplicable ; Inapplicable ; Inapplicable ; Pass         ; Inapplicable ; Inapplicable ; Pass         ; Inapplicable ; Inapplicable ; Inapplicable ; Inapplicable ; Inapplicable ; Inapplicable ; Inapplicable ; Inapplicable ; Inapplicable ; Pass      ; Inapplicable ; Inapplicable ;
; Celda7[9]          ; Inapplicable ; Inapplicable ; Inapplicable ; Inapplicable ; Inapplicable ; Pass      ; Inapplicable ; Inapplicable ; Pass      ; Pass      ; Inapplicable ; Inapplicable ; Inapplicable ; Inapplicable ; Pass         ; Inapplicable ; Inapplicable ; Pass         ; Inapplicable ; Inapplicable ; Inapplicable ; Inapplicable ; Inapplicable ; Inapplicable ; Inapplicable ; Inapplicable ; Inapplicable ; Pass      ; Inapplicable ; Inapplicable ;
; Celda7[8]          ; Inapplicable ; Inapplicable ; Inapplicable ; Inapplicable ; Inapplicable ; Pass      ; Inapplicable ; Inapplicable ; Pass      ; Pass      ; Inapplicable ; Inapplicable ; Inapplicable ; Inapplicable ; Pass         ; Inapplicable ; Inapplicable ; Pass         ; Inapplicable ; Inapplicable ; Inapplicable ; Inapplicable ; Inapplicable ; Inapplicable ; Inapplicable ; Inapplicable ; Inapplicable ; Pass      ; Inapplicable ; Inapplicable ;
; Celda7[7]          ; Inapplicable ; Inapplicable ; Inapplicable ; Inapplicable ; Inapplicable ; Pass      ; Inapplicable ; Inapplicable ; Pass      ; Pass      ; Inapplicable ; Inapplicable ; Inapplicable ; Inapplicable ; Pass         ; Inapplicable ; Inapplicable ; Pass         ; Inapplicable ; Inapplicable ; Inapplicable ; Inapplicable ; Inapplicable ; Inapplicable ; Inapplicable ; Inapplicable ; Inapplicable ; Pass      ; Inapplicable ; Inapplicable ;
; Celda7[6]          ; Inapplicable ; Inapplicable ; Inapplicable ; Inapplicable ; Inapplicable ; Pass      ; Inapplicable ; Inapplicable ; Pass      ; Pass      ; Inapplicable ; Inapplicable ; Inapplicable ; Inapplicable ; Pass         ; Inapplicable ; Inapplicable ; Pass         ; Inapplicable ; Inapplicable ; Inapplicable ; Inapplicable ; Inapplicable ; Inapplicable ; Inapplicable ; Inapplicable ; Inapplicable ; Pass      ; Inapplicable ; Inapplicable ;
; Celda7[5]          ; Inapplicable ; Inapplicable ; Inapplicable ; Inapplicable ; Inapplicable ; Pass      ; Inapplicable ; Inapplicable ; Pass      ; Pass      ; Inapplicable ; Inapplicable ; Inapplicable ; Inapplicable ; Pass         ; Inapplicable ; Inapplicable ; Pass         ; Inapplicable ; Inapplicable ; Inapplicable ; Inapplicable ; Inapplicable ; Inapplicable ; Inapplicable ; Inapplicable ; Inapplicable ; Pass      ; Inapplicable ; Inapplicable ;
; Celda7[4]          ; Inapplicable ; Inapplicable ; Inapplicable ; Inapplicable ; Inapplicable ; Pass      ; Inapplicable ; Inapplicable ; Pass      ; Pass      ; Inapplicable ; Inapplicable ; Inapplicable ; Inapplicable ; Pass         ; Inapplicable ; Inapplicable ; Pass         ; Inapplicable ; Inapplicable ; Inapplicable ; Inapplicable ; Inapplicable ; Inapplicable ; Inapplicable ; Inapplicable ; Inapplicable ; Pass      ; Inapplicable ; Inapplicable ;
; Celda7[3]          ; Inapplicable ; Inapplicable ; Inapplicable ; Inapplicable ; Inapplicable ; Pass      ; Inapplicable ; Inapplicable ; Pass      ; Pass      ; Inapplicable ; Inapplicable ; Inapplicable ; Inapplicable ; Pass         ; Inapplicable ; Inapplicable ; Pass         ; Inapplicable ; Inapplicable ; Inapplicable ; Inapplicable ; Inapplicable ; Inapplicable ; Inapplicable ; Inapplicable ; Inapplicable ; Pass      ; Inapplicable ; Inapplicable ;
; Celda7[2]          ; Inapplicable ; Inapplicable ; Inapplicable ; Inapplicable ; Inapplicable ; Pass      ; Inapplicable ; Inapplicable ; Pass      ; Pass      ; Inapplicable ; Inapplicable ; Inapplicable ; Inapplicable ; Pass         ; Inapplicable ; Inapplicable ; Pass         ; Inapplicable ; Inapplicable ; Inapplicable ; Inapplicable ; Inapplicable ; Inapplicable ; Inapplicable ; Inapplicable ; Inapplicable ; Pass      ; Inapplicable ; Inapplicable ;
; Celda7[1]          ; Inapplicable ; Inapplicable ; Inapplicable ; Inapplicable ; Inapplicable ; Pass      ; Inapplicable ; Inapplicable ; Pass      ; Pass      ; Inapplicable ; Inapplicable ; Inapplicable ; Inapplicable ; Pass         ; Inapplicable ; Inapplicable ; Pass         ; Inapplicable ; Inapplicable ; Inapplicable ; Inapplicable ; Inapplicable ; Inapplicable ; Inapplicable ; Inapplicable ; Inapplicable ; Pass      ; Inapplicable ; Inapplicable ;
; Celda7[0]          ; Inapplicable ; Inapplicable ; Inapplicable ; Inapplicable ; Inapplicable ; Pass      ; Inapplicable ; Inapplicable ; Pass      ; Pass      ; Inapplicable ; Inapplicable ; Inapplicable ; Inapplicable ; Pass         ; Inapplicable ; Inapplicable ; Pass         ; Inapplicable ; Inapplicable ; Inapplicable ; Inapplicable ; Inapplicable ; Inapplicable ; Inapplicable ; Inapplicable ; Inapplicable ; Pass      ; Inapplicable ; Inapplicable ;
; Celda8[23]         ; Inapplicable ; Inapplicable ; Inapplicable ; Inapplicable ; Inapplicable ; Pass      ; Inapplicable ; Inapplicable ; Pass      ; Pass      ; Inapplicable ; Inapplicable ; Inapplicable ; Inapplicable ; Pass         ; Inapplicable ; Inapplicable ; Pass         ; Inapplicable ; Inapplicable ; Inapplicable ; Inapplicable ; Inapplicable ; Inapplicable ; Inapplicable ; Inapplicable ; Inapplicable ; Pass      ; Inapplicable ; Inapplicable ;
; Celda8[22]         ; Inapplicable ; Inapplicable ; Inapplicable ; Inapplicable ; Inapplicable ; Pass      ; Inapplicable ; Inapplicable ; Pass      ; Pass      ; Inapplicable ; Inapplicable ; Inapplicable ; Inapplicable ; Pass         ; Inapplicable ; Inapplicable ; Pass         ; Inapplicable ; Inapplicable ; Inapplicable ; Inapplicable ; Inapplicable ; Inapplicable ; Inapplicable ; Inapplicable ; Inapplicable ; Pass      ; Inapplicable ; Inapplicable ;
; Celda8[21]         ; Inapplicable ; Inapplicable ; Inapplicable ; Inapplicable ; Inapplicable ; Pass      ; Inapplicable ; Inapplicable ; Pass      ; Pass      ; Inapplicable ; Inapplicable ; Inapplicable ; Inapplicable ; Pass         ; Inapplicable ; Inapplicable ; Pass         ; Inapplicable ; Inapplicable ; Inapplicable ; Inapplicable ; Inapplicable ; Inapplicable ; Inapplicable ; Inapplicable ; Inapplicable ; Pass      ; Inapplicable ; Inapplicable ;
; Celda8[20]         ; Inapplicable ; Inapplicable ; Inapplicable ; Inapplicable ; Inapplicable ; Pass      ; Inapplicable ; Inapplicable ; Pass      ; Pass      ; Inapplicable ; Inapplicable ; Inapplicable ; Inapplicable ; Pass         ; Inapplicable ; Inapplicable ; Pass         ; Inapplicable ; Inapplicable ; Inapplicable ; Inapplicable ; Inapplicable ; Inapplicable ; Inapplicable ; Inapplicable ; Inapplicable ; Pass      ; Inapplicable ; Inapplicable ;
; Celda8[19]         ; Inapplicable ; Inapplicable ; Inapplicable ; Inapplicable ; Inapplicable ; Pass      ; Inapplicable ; Inapplicable ; Pass      ; Pass      ; Inapplicable ; Inapplicable ; Inapplicable ; Inapplicable ; Pass         ; Inapplicable ; Inapplicable ; Pass         ; Inapplicable ; Inapplicable ; Inapplicable ; Inapplicable ; Inapplicable ; Inapplicable ; Inapplicable ; Inapplicable ; Inapplicable ; Pass      ; Inapplicable ; Inapplicable ;
; Celda8[18]         ; Inapplicable ; Inapplicable ; Inapplicable ; Inapplicable ; Inapplicable ; Pass      ; Inapplicable ; Inapplicable ; Pass      ; Pass      ; Inapplicable ; Inapplicable ; Inapplicable ; Inapplicable ; Pass         ; Inapplicable ; Inapplicable ; Pass         ; Inapplicable ; Inapplicable ; Inapplicable ; Inapplicable ; Inapplicable ; Inapplicable ; Inapplicable ; Inapplicable ; Inapplicable ; Pass      ; Inapplicable ; Inapplicable ;
; Celda8[17]         ; Inapplicable ; Inapplicable ; Inapplicable ; Inapplicable ; Inapplicable ; Pass      ; Inapplicable ; Inapplicable ; Pass      ; Pass      ; Inapplicable ; Inapplicable ; Inapplicable ; Inapplicable ; Pass         ; Inapplicable ; Inapplicable ; Pass         ; Inapplicable ; Inapplicable ; Inapplicable ; Inapplicable ; Inapplicable ; Inapplicable ; Inapplicable ; Inapplicable ; Inapplicable ; Pass      ; Inapplicable ; Inapplicable ;
; Celda8[16]         ; Inapplicable ; Inapplicable ; Inapplicable ; Inapplicable ; Inapplicable ; Pass      ; Inapplicable ; Inapplicable ; Pass      ; Pass      ; Inapplicable ; Inapplicable ; Inapplicable ; Inapplicable ; Pass         ; Inapplicable ; Inapplicable ; Pass         ; Inapplicable ; Inapplicable ; Inapplicable ; Inapplicable ; Inapplicable ; Inapplicable ; Inapplicable ; Inapplicable ; Inapplicable ; Pass      ; Inapplicable ; Inapplicable ;
; Celda8[15]         ; Inapplicable ; Inapplicable ; Inapplicable ; Inapplicable ; Inapplicable ; Pass      ; Inapplicable ; Inapplicable ; Pass      ; Pass      ; Inapplicable ; Inapplicable ; Inapplicable ; Inapplicable ; Pass         ; Inapplicable ; Inapplicable ; Pass         ; Inapplicable ; Inapplicable ; Inapplicable ; Inapplicable ; Inapplicable ; Inapplicable ; Inapplicable ; Inapplicable ; Inapplicable ; Pass      ; Inapplicable ; Inapplicable ;
; Celda8[14]         ; Inapplicable ; Inapplicable ; Inapplicable ; Inapplicable ; Inapplicable ; Pass      ; Inapplicable ; Inapplicable ; Pass      ; Pass      ; Inapplicable ; Inapplicable ; Inapplicable ; Inapplicable ; Pass         ; Inapplicable ; Inapplicable ; Pass         ; Inapplicable ; Inapplicable ; Inapplicable ; Inapplicable ; Inapplicable ; Inapplicable ; Inapplicable ; Inapplicable ; Inapplicable ; Pass      ; Inapplicable ; Inapplicable ;
; Celda8[13]         ; Inapplicable ; Inapplicable ; Inapplicable ; Inapplicable ; Inapplicable ; Pass      ; Inapplicable ; Inapplicable ; Pass      ; Pass      ; Inapplicable ; Inapplicable ; Inapplicable ; Inapplicable ; Pass         ; Inapplicable ; Inapplicable ; Pass         ; Inapplicable ; Inapplicable ; Inapplicable ; Inapplicable ; Inapplicable ; Inapplicable ; Inapplicable ; Inapplicable ; Inapplicable ; Pass      ; Inapplicable ; Inapplicable ;
; Celda8[12]         ; Inapplicable ; Inapplicable ; Inapplicable ; Inapplicable ; Inapplicable ; Pass      ; Inapplicable ; Inapplicable ; Pass      ; Pass      ; Inapplicable ; Inapplicable ; Inapplicable ; Inapplicable ; Pass         ; Inapplicable ; Inapplicable ; Pass         ; Inapplicable ; Inapplicable ; Inapplicable ; Inapplicable ; Inapplicable ; Inapplicable ; Inapplicable ; Inapplicable ; Inapplicable ; Pass      ; Inapplicable ; Inapplicable ;
; Celda8[11]         ; Inapplicable ; Inapplicable ; Inapplicable ; Inapplicable ; Inapplicable ; Pass      ; Inapplicable ; Inapplicable ; Pass      ; Pass      ; Inapplicable ; Inapplicable ; Inapplicable ; Inapplicable ; Pass         ; Inapplicable ; Inapplicable ; Pass         ; Inapplicable ; Inapplicable ; Inapplicable ; Inapplicable ; Inapplicable ; Inapplicable ; Inapplicable ; Inapplicable ; Inapplicable ; Pass      ; Inapplicable ; Inapplicable ;
; Celda8[10]         ; Inapplicable ; Inapplicable ; Inapplicable ; Inapplicable ; Inapplicable ; Pass      ; Inapplicable ; Inapplicable ; Pass      ; Pass      ; Inapplicable ; Inapplicable ; Inapplicable ; Inapplicable ; Pass         ; Inapplicable ; Inapplicable ; Pass         ; Inapplicable ; Inapplicable ; Inapplicable ; Inapplicable ; Inapplicable ; Inapplicable ; Inapplicable ; Inapplicable ; Inapplicable ; Pass      ; Inapplicable ; Inapplicable ;
; Celda8[9]          ; Inapplicable ; Inapplicable ; Inapplicable ; Inapplicable ; Inapplicable ; Pass      ; Inapplicable ; Inapplicable ; Pass      ; Pass      ; Inapplicable ; Inapplicable ; Inapplicable ; Inapplicable ; Pass         ; Inapplicable ; Inapplicable ; Pass         ; Inapplicable ; Inapplicable ; Inapplicable ; Inapplicable ; Inapplicable ; Inapplicable ; Inapplicable ; Inapplicable ; Inapplicable ; Pass      ; Inapplicable ; Inapplicable ;
; Celda8[8]          ; Inapplicable ; Inapplicable ; Inapplicable ; Inapplicable ; Inapplicable ; Pass      ; Inapplicable ; Inapplicable ; Pass      ; Pass      ; Inapplicable ; Inapplicable ; Inapplicable ; Inapplicable ; Pass         ; Inapplicable ; Inapplicable ; Pass         ; Inapplicable ; Inapplicable ; Inapplicable ; Inapplicable ; Inapplicable ; Inapplicable ; Inapplicable ; Inapplicable ; Inapplicable ; Pass      ; Inapplicable ; Inapplicable ;
; Celda8[7]          ; Inapplicable ; Inapplicable ; Inapplicable ; Inapplicable ; Inapplicable ; Pass      ; Inapplicable ; Inapplicable ; Pass      ; Pass      ; Inapplicable ; Inapplicable ; Inapplicable ; Inapplicable ; Pass         ; Inapplicable ; Inapplicable ; Pass         ; Inapplicable ; Inapplicable ; Inapplicable ; Inapplicable ; Inapplicable ; Inapplicable ; Inapplicable ; Inapplicable ; Inapplicable ; Pass      ; Inapplicable ; Inapplicable ;
; Celda8[6]          ; Inapplicable ; Inapplicable ; Inapplicable ; Inapplicable ; Inapplicable ; Pass      ; Inapplicable ; Inapplicable ; Pass      ; Pass      ; Inapplicable ; Inapplicable ; Inapplicable ; Inapplicable ; Pass         ; Inapplicable ; Inapplicable ; Pass         ; Inapplicable ; Inapplicable ; Inapplicable ; Inapplicable ; Inapplicable ; Inapplicable ; Inapplicable ; Inapplicable ; Inapplicable ; Pass      ; Inapplicable ; Inapplicable ;
; Celda8[5]          ; Inapplicable ; Inapplicable ; Inapplicable ; Inapplicable ; Inapplicable ; Pass      ; Inapplicable ; Inapplicable ; Pass      ; Pass      ; Inapplicable ; Inapplicable ; Inapplicable ; Inapplicable ; Pass         ; Inapplicable ; Inapplicable ; Pass         ; Inapplicable ; Inapplicable ; Inapplicable ; Inapplicable ; Inapplicable ; Inapplicable ; Inapplicable ; Inapplicable ; Inapplicable ; Pass      ; Inapplicable ; Inapplicable ;
; Celda8[4]          ; Inapplicable ; Inapplicable ; Inapplicable ; Inapplicable ; Inapplicable ; Pass      ; Inapplicable ; Inapplicable ; Pass      ; Pass      ; Inapplicable ; Inapplicable ; Inapplicable ; Inapplicable ; Pass         ; Inapplicable ; Inapplicable ; Pass         ; Inapplicable ; Inapplicable ; Inapplicable ; Inapplicable ; Inapplicable ; Inapplicable ; Inapplicable ; Inapplicable ; Inapplicable ; Pass      ; Inapplicable ; Inapplicable ;
; Celda8[3]          ; Inapplicable ; Inapplicable ; Inapplicable ; Inapplicable ; Inapplicable ; Pass      ; Inapplicable ; Inapplicable ; Pass      ; Pass      ; Inapplicable ; Inapplicable ; Inapplicable ; Inapplicable ; Pass         ; Inapplicable ; Inapplicable ; Pass         ; Inapplicable ; Inapplicable ; Inapplicable ; Inapplicable ; Inapplicable ; Inapplicable ; Inapplicable ; Inapplicable ; Inapplicable ; Pass      ; Inapplicable ; Inapplicable ;
; Celda8[2]          ; Inapplicable ; Inapplicable ; Inapplicable ; Inapplicable ; Inapplicable ; Pass      ; Inapplicable ; Inapplicable ; Pass      ; Pass      ; Inapplicable ; Inapplicable ; Inapplicable ; Inapplicable ; Pass         ; Inapplicable ; Inapplicable ; Pass         ; Inapplicable ; Inapplicable ; Inapplicable ; Inapplicable ; Inapplicable ; Inapplicable ; Inapplicable ; Inapplicable ; Inapplicable ; Pass      ; Inapplicable ; Inapplicable ;
; Celda8[1]          ; Inapplicable ; Inapplicable ; Inapplicable ; Inapplicable ; Inapplicable ; Pass      ; Inapplicable ; Inapplicable ; Pass      ; Pass      ; Inapplicable ; Inapplicable ; Inapplicable ; Inapplicable ; Pass         ; Inapplicable ; Inapplicable ; Pass         ; Inapplicable ; Inapplicable ; Inapplicable ; Inapplicable ; Inapplicable ; Inapplicable ; Inapplicable ; Inapplicable ; Inapplicable ; Pass      ; Inapplicable ; Inapplicable ;
; Celda8[0]          ; Inapplicable ; Inapplicable ; Inapplicable ; Inapplicable ; Inapplicable ; Pass      ; Inapplicable ; Inapplicable ; Pass      ; Pass      ; Inapplicable ; Inapplicable ; Inapplicable ; Inapplicable ; Pass         ; Inapplicable ; Inapplicable ; Pass         ; Inapplicable ; Inapplicable ; Inapplicable ; Inapplicable ; Inapplicable ; Inapplicable ; Inapplicable ; Inapplicable ; Inapplicable ; Pass      ; Inapplicable ; Inapplicable ;
; Celda9[23]         ; Inapplicable ; Inapplicable ; Inapplicable ; Inapplicable ; Inapplicable ; Pass      ; Inapplicable ; Inapplicable ; Pass      ; Pass      ; Inapplicable ; Inapplicable ; Inapplicable ; Inapplicable ; Pass         ; Inapplicable ; Inapplicable ; Pass         ; Inapplicable ; Inapplicable ; Inapplicable ; Inapplicable ; Inapplicable ; Inapplicable ; Inapplicable ; Inapplicable ; Inapplicable ; Pass      ; Inapplicable ; Inapplicable ;
; Celda9[22]         ; Inapplicable ; Inapplicable ; Inapplicable ; Inapplicable ; Inapplicable ; Pass      ; Inapplicable ; Inapplicable ; Pass      ; Pass      ; Inapplicable ; Inapplicable ; Inapplicable ; Inapplicable ; Pass         ; Inapplicable ; Inapplicable ; Pass         ; Inapplicable ; Inapplicable ; Inapplicable ; Inapplicable ; Inapplicable ; Inapplicable ; Inapplicable ; Inapplicable ; Inapplicable ; Pass      ; Inapplicable ; Inapplicable ;
; Celda9[21]         ; Inapplicable ; Inapplicable ; Inapplicable ; Inapplicable ; Inapplicable ; Pass      ; Inapplicable ; Inapplicable ; Pass      ; Pass      ; Inapplicable ; Inapplicable ; Inapplicable ; Inapplicable ; Pass         ; Inapplicable ; Inapplicable ; Pass         ; Inapplicable ; Inapplicable ; Inapplicable ; Inapplicable ; Inapplicable ; Inapplicable ; Inapplicable ; Inapplicable ; Inapplicable ; Pass      ; Inapplicable ; Inapplicable ;
; Celda9[20]         ; Inapplicable ; Inapplicable ; Inapplicable ; Inapplicable ; Inapplicable ; Pass      ; Inapplicable ; Inapplicable ; Pass      ; Pass      ; Inapplicable ; Inapplicable ; Inapplicable ; Inapplicable ; Pass         ; Inapplicable ; Inapplicable ; Pass         ; Inapplicable ; Inapplicable ; Inapplicable ; Inapplicable ; Inapplicable ; Inapplicable ; Inapplicable ; Inapplicable ; Inapplicable ; Pass      ; Inapplicable ; Inapplicable ;
; Celda9[19]         ; Inapplicable ; Inapplicable ; Inapplicable ; Inapplicable ; Inapplicable ; Pass      ; Inapplicable ; Inapplicable ; Pass      ; Pass      ; Inapplicable ; Inapplicable ; Inapplicable ; Inapplicable ; Pass         ; Inapplicable ; Inapplicable ; Pass         ; Inapplicable ; Inapplicable ; Inapplicable ; Inapplicable ; Inapplicable ; Inapplicable ; Inapplicable ; Inapplicable ; Inapplicable ; Pass      ; Inapplicable ; Inapplicable ;
; Celda9[18]         ; Inapplicable ; Inapplicable ; Inapplicable ; Inapplicable ; Inapplicable ; Pass      ; Inapplicable ; Inapplicable ; Pass      ; Pass      ; Inapplicable ; Inapplicable ; Inapplicable ; Inapplicable ; Pass         ; Inapplicable ; Inapplicable ; Pass         ; Inapplicable ; Inapplicable ; Inapplicable ; Inapplicable ; Inapplicable ; Inapplicable ; Inapplicable ; Inapplicable ; Inapplicable ; Pass      ; Inapplicable ; Inapplicable ;
; Celda9[17]         ; Inapplicable ; Inapplicable ; Inapplicable ; Inapplicable ; Inapplicable ; Pass      ; Inapplicable ; Inapplicable ; Pass      ; Pass      ; Inapplicable ; Inapplicable ; Inapplicable ; Inapplicable ; Pass         ; Inapplicable ; Inapplicable ; Pass         ; Inapplicable ; Inapplicable ; Inapplicable ; Inapplicable ; Inapplicable ; Inapplicable ; Inapplicable ; Inapplicable ; Inapplicable ; Pass      ; Inapplicable ; Inapplicable ;
; Celda9[16]         ; Inapplicable ; Inapplicable ; Inapplicable ; Inapplicable ; Inapplicable ; Pass      ; Inapplicable ; Inapplicable ; Pass      ; Pass      ; Inapplicable ; Inapplicable ; Inapplicable ; Inapplicable ; Pass         ; Inapplicable ; Inapplicable ; Pass         ; Inapplicable ; Inapplicable ; Inapplicable ; Inapplicable ; Inapplicable ; Inapplicable ; Inapplicable ; Inapplicable ; Inapplicable ; Pass      ; Inapplicable ; Inapplicable ;
; Celda9[15]         ; Inapplicable ; Inapplicable ; Inapplicable ; Inapplicable ; Inapplicable ; Pass      ; Inapplicable ; Inapplicable ; Pass      ; Pass      ; Inapplicable ; Inapplicable ; Inapplicable ; Inapplicable ; Pass         ; Inapplicable ; Inapplicable ; Pass         ; Inapplicable ; Inapplicable ; Inapplicable ; Inapplicable ; Inapplicable ; Inapplicable ; Inapplicable ; Inapplicable ; Inapplicable ; Pass      ; Inapplicable ; Inapplicable ;
; Celda9[14]         ; Inapplicable ; Inapplicable ; Inapplicable ; Inapplicable ; Inapplicable ; Pass      ; Inapplicable ; Inapplicable ; Pass      ; Pass      ; Inapplicable ; Inapplicable ; Inapplicable ; Inapplicable ; Pass         ; Inapplicable ; Inapplicable ; Pass         ; Inapplicable ; Inapplicable ; Inapplicable ; Inapplicable ; Inapplicable ; Inapplicable ; Inapplicable ; Inapplicable ; Inapplicable ; Pass      ; Inapplicable ; Inapplicable ;
; Celda9[13]         ; Inapplicable ; Inapplicable ; Inapplicable ; Inapplicable ; Inapplicable ; Pass      ; Inapplicable ; Inapplicable ; Pass      ; Pass      ; Inapplicable ; Inapplicable ; Inapplicable ; Inapplicable ; Pass         ; Inapplicable ; Inapplicable ; Pass         ; Inapplicable ; Inapplicable ; Inapplicable ; Inapplicable ; Inapplicable ; Inapplicable ; Inapplicable ; Inapplicable ; Inapplicable ; Pass      ; Inapplicable ; Inapplicable ;
; Celda9[12]         ; Inapplicable ; Inapplicable ; Inapplicable ; Inapplicable ; Inapplicable ; Pass      ; Inapplicable ; Inapplicable ; Pass      ; Pass      ; Inapplicable ; Inapplicable ; Inapplicable ; Inapplicable ; Pass         ; Inapplicable ; Inapplicable ; Pass         ; Inapplicable ; Inapplicable ; Inapplicable ; Inapplicable ; Inapplicable ; Inapplicable ; Inapplicable ; Inapplicable ; Inapplicable ; Pass      ; Inapplicable ; Inapplicable ;
; Celda9[11]         ; Inapplicable ; Inapplicable ; Inapplicable ; Inapplicable ; Inapplicable ; Pass      ; Inapplicable ; Inapplicable ; Pass      ; Pass      ; Inapplicable ; Inapplicable ; Inapplicable ; Inapplicable ; Pass         ; Inapplicable ; Inapplicable ; Pass         ; Inapplicable ; Inapplicable ; Inapplicable ; Inapplicable ; Inapplicable ; Inapplicable ; Inapplicable ; Inapplicable ; Inapplicable ; Pass      ; Inapplicable ; Inapplicable ;
; Celda9[10]         ; Inapplicable ; Inapplicable ; Inapplicable ; Inapplicable ; Inapplicable ; Pass      ; Inapplicable ; Inapplicable ; Pass      ; Pass      ; Inapplicable ; Inapplicable ; Inapplicable ; Inapplicable ; Pass         ; Inapplicable ; Inapplicable ; Pass         ; Inapplicable ; Inapplicable ; Inapplicable ; Inapplicable ; Inapplicable ; Inapplicable ; Inapplicable ; Inapplicable ; Inapplicable ; Pass      ; Inapplicable ; Inapplicable ;
; Celda9[9]          ; Inapplicable ; Inapplicable ; Inapplicable ; Inapplicable ; Inapplicable ; Pass      ; Inapplicable ; Inapplicable ; Pass      ; Pass      ; Inapplicable ; Inapplicable ; Inapplicable ; Inapplicable ; Pass         ; Inapplicable ; Inapplicable ; Pass         ; Inapplicable ; Inapplicable ; Inapplicable ; Inapplicable ; Inapplicable ; Inapplicable ; Inapplicable ; Inapplicable ; Inapplicable ; Pass      ; Inapplicable ; Inapplicable ;
; Celda9[8]          ; Inapplicable ; Inapplicable ; Inapplicable ; Inapplicable ; Inapplicable ; Pass      ; Inapplicable ; Inapplicable ; Pass      ; Pass      ; Inapplicable ; Inapplicable ; Inapplicable ; Inapplicable ; Pass         ; Inapplicable ; Inapplicable ; Pass         ; Inapplicable ; Inapplicable ; Inapplicable ; Inapplicable ; Inapplicable ; Inapplicable ; Inapplicable ; Inapplicable ; Inapplicable ; Pass      ; Inapplicable ; Inapplicable ;
; Celda9[7]          ; Inapplicable ; Inapplicable ; Inapplicable ; Inapplicable ; Inapplicable ; Pass      ; Inapplicable ; Inapplicable ; Pass      ; Pass      ; Inapplicable ; Inapplicable ; Inapplicable ; Inapplicable ; Pass         ; Inapplicable ; Inapplicable ; Pass         ; Inapplicable ; Inapplicable ; Inapplicable ; Inapplicable ; Inapplicable ; Inapplicable ; Inapplicable ; Inapplicable ; Inapplicable ; Pass      ; Inapplicable ; Inapplicable ;
; Celda9[6]          ; Inapplicable ; Inapplicable ; Inapplicable ; Inapplicable ; Inapplicable ; Pass      ; Inapplicable ; Inapplicable ; Pass      ; Pass      ; Inapplicable ; Inapplicable ; Inapplicable ; Inapplicable ; Pass         ; Inapplicable ; Inapplicable ; Pass         ; Inapplicable ; Inapplicable ; Inapplicable ; Inapplicable ; Inapplicable ; Inapplicable ; Inapplicable ; Inapplicable ; Inapplicable ; Pass      ; Inapplicable ; Inapplicable ;
; Celda9[5]          ; Inapplicable ; Inapplicable ; Inapplicable ; Inapplicable ; Inapplicable ; Pass      ; Inapplicable ; Inapplicable ; Pass      ; Pass      ; Inapplicable ; Inapplicable ; Inapplicable ; Inapplicable ; Pass         ; Inapplicable ; Inapplicable ; Pass         ; Inapplicable ; Inapplicable ; Inapplicable ; Inapplicable ; Inapplicable ; Inapplicable ; Inapplicable ; Inapplicable ; Inapplicable ; Pass      ; Inapplicable ; Inapplicable ;
; Celda9[4]          ; Inapplicable ; Inapplicable ; Inapplicable ; Inapplicable ; Inapplicable ; Pass      ; Inapplicable ; Inapplicable ; Pass      ; Pass      ; Inapplicable ; Inapplicable ; Inapplicable ; Inapplicable ; Pass         ; Inapplicable ; Inapplicable ; Pass         ; Inapplicable ; Inapplicable ; Inapplicable ; Inapplicable ; Inapplicable ; Inapplicable ; Inapplicable ; Inapplicable ; Inapplicable ; Pass      ; Inapplicable ; Inapplicable ;
; Celda9[3]          ; Inapplicable ; Inapplicable ; Inapplicable ; Inapplicable ; Inapplicable ; Pass      ; Inapplicable ; Inapplicable ; Pass      ; Pass      ; Inapplicable ; Inapplicable ; Inapplicable ; Inapplicable ; Pass         ; Inapplicable ; Inapplicable ; Pass         ; Inapplicable ; Inapplicable ; Inapplicable ; Inapplicable ; Inapplicable ; Inapplicable ; Inapplicable ; Inapplicable ; Inapplicable ; Pass      ; Inapplicable ; Inapplicable ;
; Celda9[2]          ; Inapplicable ; Inapplicable ; Inapplicable ; Inapplicable ; Inapplicable ; Pass      ; Inapplicable ; Inapplicable ; Pass      ; Pass      ; Inapplicable ; Inapplicable ; Inapplicable ; Inapplicable ; Pass         ; Inapplicable ; Inapplicable ; Pass         ; Inapplicable ; Inapplicable ; Inapplicable ; Inapplicable ; Inapplicable ; Inapplicable ; Inapplicable ; Inapplicable ; Inapplicable ; Pass      ; Inapplicable ; Inapplicable ;
; Celda9[1]          ; Inapplicable ; Inapplicable ; Inapplicable ; Inapplicable ; Inapplicable ; Pass      ; Inapplicable ; Inapplicable ; Pass      ; Pass      ; Inapplicable ; Inapplicable ; Inapplicable ; Inapplicable ; Pass         ; Inapplicable ; Inapplicable ; Pass         ; Inapplicable ; Inapplicable ; Inapplicable ; Inapplicable ; Inapplicable ; Inapplicable ; Inapplicable ; Inapplicable ; Inapplicable ; Pass      ; Inapplicable ; Inapplicable ;
; Celda9[0]          ; Inapplicable ; Inapplicable ; Inapplicable ; Inapplicable ; Inapplicable ; Pass      ; Inapplicable ; Inapplicable ; Pass      ; Pass      ; Inapplicable ; Inapplicable ; Inapplicable ; Inapplicable ; Pass         ; Inapplicable ; Inapplicable ; Pass         ; Inapplicable ; Inapplicable ; Inapplicable ; Inapplicable ; Inapplicable ; Inapplicable ; Inapplicable ; Inapplicable ; Inapplicable ; Pass      ; Inapplicable ; Inapplicable ;
; Celda10[23]        ; Inapplicable ; Inapplicable ; Inapplicable ; Inapplicable ; Inapplicable ; Pass      ; Inapplicable ; Inapplicable ; Pass      ; Pass      ; Inapplicable ; Inapplicable ; Inapplicable ; Inapplicable ; Pass         ; Inapplicable ; Inapplicable ; Pass         ; Inapplicable ; Inapplicable ; Inapplicable ; Inapplicable ; Inapplicable ; Inapplicable ; Inapplicable ; Inapplicable ; Inapplicable ; Pass      ; Inapplicable ; Inapplicable ;
; Celda10[22]        ; Inapplicable ; Inapplicable ; Inapplicable ; Inapplicable ; Inapplicable ; Pass      ; Inapplicable ; Inapplicable ; Pass      ; Pass      ; Inapplicable ; Inapplicable ; Inapplicable ; Inapplicable ; Pass         ; Inapplicable ; Inapplicable ; Pass         ; Inapplicable ; Inapplicable ; Inapplicable ; Inapplicable ; Inapplicable ; Inapplicable ; Inapplicable ; Inapplicable ; Inapplicable ; Pass      ; Inapplicable ; Inapplicable ;
; Celda10[21]        ; Inapplicable ; Inapplicable ; Inapplicable ; Inapplicable ; Inapplicable ; Pass      ; Inapplicable ; Inapplicable ; Pass      ; Pass      ; Inapplicable ; Inapplicable ; Inapplicable ; Inapplicable ; Pass         ; Inapplicable ; Inapplicable ; Pass         ; Inapplicable ; Inapplicable ; Inapplicable ; Inapplicable ; Inapplicable ; Inapplicable ; Inapplicable ; Inapplicable ; Inapplicable ; Pass      ; Inapplicable ; Inapplicable ;
; Celda10[20]        ; Inapplicable ; Inapplicable ; Inapplicable ; Inapplicable ; Inapplicable ; Pass      ; Inapplicable ; Inapplicable ; Pass      ; Pass      ; Inapplicable ; Inapplicable ; Inapplicable ; Inapplicable ; Pass         ; Inapplicable ; Inapplicable ; Pass         ; Inapplicable ; Inapplicable ; Inapplicable ; Inapplicable ; Inapplicable ; Inapplicable ; Inapplicable ; Inapplicable ; Inapplicable ; Pass      ; Inapplicable ; Inapplicable ;
; Celda10[19]        ; Inapplicable ; Inapplicable ; Inapplicable ; Inapplicable ; Inapplicable ; Pass      ; Inapplicable ; Inapplicable ; Pass      ; Pass      ; Inapplicable ; Inapplicable ; Inapplicable ; Inapplicable ; Pass         ; Inapplicable ; Inapplicable ; Pass         ; Inapplicable ; Inapplicable ; Inapplicable ; Inapplicable ; Inapplicable ; Inapplicable ; Inapplicable ; Inapplicable ; Inapplicable ; Pass      ; Inapplicable ; Inapplicable ;
; Celda10[18]        ; Inapplicable ; Inapplicable ; Inapplicable ; Inapplicable ; Inapplicable ; Pass      ; Inapplicable ; Inapplicable ; Pass      ; Pass      ; Inapplicable ; Inapplicable ; Inapplicable ; Inapplicable ; Pass         ; Inapplicable ; Inapplicable ; Pass         ; Inapplicable ; Inapplicable ; Inapplicable ; Inapplicable ; Inapplicable ; Inapplicable ; Inapplicable ; Inapplicable ; Inapplicable ; Pass      ; Inapplicable ; Inapplicable ;
; Celda10[17]        ; Inapplicable ; Inapplicable ; Inapplicable ; Inapplicable ; Inapplicable ; Pass      ; Inapplicable ; Inapplicable ; Pass      ; Pass      ; Inapplicable ; Inapplicable ; Inapplicable ; Inapplicable ; Pass         ; Inapplicable ; Inapplicable ; Pass         ; Inapplicable ; Inapplicable ; Inapplicable ; Inapplicable ; Inapplicable ; Inapplicable ; Inapplicable ; Inapplicable ; Inapplicable ; Pass      ; Inapplicable ; Inapplicable ;
; Celda10[16]        ; Inapplicable ; Inapplicable ; Inapplicable ; Inapplicable ; Inapplicable ; Pass      ; Inapplicable ; Inapplicable ; Pass      ; Pass      ; Inapplicable ; Inapplicable ; Inapplicable ; Inapplicable ; Pass         ; Inapplicable ; Inapplicable ; Pass         ; Inapplicable ; Inapplicable ; Inapplicable ; Inapplicable ; Inapplicable ; Inapplicable ; Inapplicable ; Inapplicable ; Inapplicable ; Pass      ; Inapplicable ; Inapplicable ;
; Celda10[15]        ; Inapplicable ; Inapplicable ; Inapplicable ; Inapplicable ; Inapplicable ; Pass      ; Inapplicable ; Inapplicable ; Pass      ; Pass      ; Inapplicable ; Inapplicable ; Inapplicable ; Inapplicable ; Pass         ; Inapplicable ; Inapplicable ; Pass         ; Inapplicable ; Inapplicable ; Inapplicable ; Inapplicable ; Inapplicable ; Inapplicable ; Inapplicable ; Inapplicable ; Inapplicable ; Pass      ; Inapplicable ; Inapplicable ;
; Celda10[14]        ; Inapplicable ; Inapplicable ; Inapplicable ; Inapplicable ; Inapplicable ; Pass      ; Inapplicable ; Inapplicable ; Pass      ; Pass      ; Inapplicable ; Inapplicable ; Inapplicable ; Inapplicable ; Pass         ; Inapplicable ; Inapplicable ; Pass         ; Inapplicable ; Inapplicable ; Inapplicable ; Inapplicable ; Inapplicable ; Inapplicable ; Inapplicable ; Inapplicable ; Inapplicable ; Pass      ; Inapplicable ; Inapplicable ;
; Celda10[13]        ; Inapplicable ; Inapplicable ; Inapplicable ; Inapplicable ; Inapplicable ; Pass      ; Inapplicable ; Inapplicable ; Pass      ; Pass      ; Inapplicable ; Inapplicable ; Inapplicable ; Inapplicable ; Pass         ; Inapplicable ; Inapplicable ; Pass         ; Inapplicable ; Inapplicable ; Inapplicable ; Inapplicable ; Inapplicable ; Inapplicable ; Inapplicable ; Inapplicable ; Inapplicable ; Pass      ; Inapplicable ; Inapplicable ;
; Celda10[12]        ; Inapplicable ; Inapplicable ; Inapplicable ; Inapplicable ; Inapplicable ; Pass      ; Inapplicable ; Inapplicable ; Pass      ; Pass      ; Inapplicable ; Inapplicable ; Inapplicable ; Inapplicable ; Pass         ; Inapplicable ; Inapplicable ; Pass         ; Inapplicable ; Inapplicable ; Inapplicable ; Inapplicable ; Inapplicable ; Inapplicable ; Inapplicable ; Inapplicable ; Inapplicable ; Pass      ; Inapplicable ; Inapplicable ;
; Celda10[11]        ; Inapplicable ; Inapplicable ; Inapplicable ; Inapplicable ; Inapplicable ; Pass      ; Inapplicable ; Inapplicable ; Pass      ; Pass      ; Inapplicable ; Inapplicable ; Inapplicable ; Inapplicable ; Pass         ; Inapplicable ; Inapplicable ; Pass         ; Inapplicable ; Inapplicable ; Inapplicable ; Inapplicable ; Inapplicable ; Inapplicable ; Inapplicable ; Inapplicable ; Inapplicable ; Pass      ; Inapplicable ; Inapplicable ;
; Celda10[10]        ; Inapplicable ; Inapplicable ; Inapplicable ; Inapplicable ; Inapplicable ; Pass      ; Inapplicable ; Inapplicable ; Pass      ; Pass      ; Inapplicable ; Inapplicable ; Inapplicable ; Inapplicable ; Pass         ; Inapplicable ; Inapplicable ; Pass         ; Inapplicable ; Inapplicable ; Inapplicable ; Inapplicable ; Inapplicable ; Inapplicable ; Inapplicable ; Inapplicable ; Inapplicable ; Pass      ; Inapplicable ; Inapplicable ;
; Celda10[9]         ; Inapplicable ; Inapplicable ; Inapplicable ; Inapplicable ; Inapplicable ; Pass      ; Inapplicable ; Inapplicable ; Pass      ; Pass      ; Inapplicable ; Inapplicable ; Inapplicable ; Inapplicable ; Pass         ; Inapplicable ; Inapplicable ; Pass         ; Inapplicable ; Inapplicable ; Inapplicable ; Inapplicable ; Inapplicable ; Inapplicable ; Inapplicable ; Inapplicable ; Inapplicable ; Pass      ; Inapplicable ; Inapplicable ;
; Celda10[8]         ; Inapplicable ; Inapplicable ; Inapplicable ; Inapplicable ; Inapplicable ; Pass      ; Inapplicable ; Inapplicable ; Pass      ; Pass      ; Inapplicable ; Inapplicable ; Inapplicable ; Inapplicable ; Pass         ; Inapplicable ; Inapplicable ; Pass         ; Inapplicable ; Inapplicable ; Inapplicable ; Inapplicable ; Inapplicable ; Inapplicable ; Inapplicable ; Inapplicable ; Inapplicable ; Pass      ; Inapplicable ; Inapplicable ;
; Celda10[7]         ; Inapplicable ; Inapplicable ; Inapplicable ; Inapplicable ; Inapplicable ; Pass      ; Inapplicable ; Inapplicable ; Pass      ; Pass      ; Inapplicable ; Inapplicable ; Inapplicable ; Inapplicable ; Pass         ; Inapplicable ; Inapplicable ; Pass         ; Inapplicable ; Inapplicable ; Inapplicable ; Inapplicable ; Inapplicable ; Inapplicable ; Inapplicable ; Inapplicable ; Inapplicable ; Pass      ; Inapplicable ; Inapplicable ;
; Celda10[6]         ; Inapplicable ; Inapplicable ; Inapplicable ; Inapplicable ; Inapplicable ; Pass      ; Inapplicable ; Inapplicable ; Pass      ; Pass      ; Inapplicable ; Inapplicable ; Inapplicable ; Inapplicable ; Pass         ; Inapplicable ; Inapplicable ; Pass         ; Inapplicable ; Inapplicable ; Inapplicable ; Inapplicable ; Inapplicable ; Inapplicable ; Inapplicable ; Inapplicable ; Inapplicable ; Pass      ; Inapplicable ; Inapplicable ;
; Celda10[5]         ; Inapplicable ; Inapplicable ; Inapplicable ; Inapplicable ; Inapplicable ; Pass      ; Inapplicable ; Inapplicable ; Pass      ; Pass      ; Inapplicable ; Inapplicable ; Inapplicable ; Inapplicable ; Pass         ; Inapplicable ; Inapplicable ; Pass         ; Inapplicable ; Inapplicable ; Inapplicable ; Inapplicable ; Inapplicable ; Inapplicable ; Inapplicable ; Inapplicable ; Inapplicable ; Pass      ; Inapplicable ; Inapplicable ;
; Celda10[4]         ; Inapplicable ; Inapplicable ; Inapplicable ; Inapplicable ; Inapplicable ; Pass      ; Inapplicable ; Inapplicable ; Pass      ; Pass      ; Inapplicable ; Inapplicable ; Inapplicable ; Inapplicable ; Pass         ; Inapplicable ; Inapplicable ; Pass         ; Inapplicable ; Inapplicable ; Inapplicable ; Inapplicable ; Inapplicable ; Inapplicable ; Inapplicable ; Inapplicable ; Inapplicable ; Pass      ; Inapplicable ; Inapplicable ;
; Celda10[3]         ; Inapplicable ; Inapplicable ; Inapplicable ; Inapplicable ; Inapplicable ; Pass      ; Inapplicable ; Inapplicable ; Pass      ; Pass      ; Inapplicable ; Inapplicable ; Inapplicable ; Inapplicable ; Pass         ; Inapplicable ; Inapplicable ; Pass         ; Inapplicable ; Inapplicable ; Inapplicable ; Inapplicable ; Inapplicable ; Inapplicable ; Inapplicable ; Inapplicable ; Inapplicable ; Pass      ; Inapplicable ; Inapplicable ;
; Celda10[2]         ; Inapplicable ; Inapplicable ; Inapplicable ; Inapplicable ; Inapplicable ; Pass      ; Inapplicable ; Inapplicable ; Pass      ; Pass      ; Inapplicable ; Inapplicable ; Inapplicable ; Inapplicable ; Pass         ; Inapplicable ; Inapplicable ; Pass         ; Inapplicable ; Inapplicable ; Inapplicable ; Inapplicable ; Inapplicable ; Inapplicable ; Inapplicable ; Inapplicable ; Inapplicable ; Pass      ; Inapplicable ; Inapplicable ;
; Celda10[1]         ; Inapplicable ; Inapplicable ; Inapplicable ; Inapplicable ; Inapplicable ; Pass      ; Inapplicable ; Inapplicable ; Pass      ; Pass      ; Inapplicable ; Inapplicable ; Inapplicable ; Inapplicable ; Pass         ; Inapplicable ; Inapplicable ; Pass         ; Inapplicable ; Inapplicable ; Inapplicable ; Inapplicable ; Inapplicable ; Inapplicable ; Inapplicable ; Inapplicable ; Inapplicable ; Pass      ; Inapplicable ; Inapplicable ;
; Celda10[0]         ; Inapplicable ; Inapplicable ; Inapplicable ; Inapplicable ; Inapplicable ; Pass      ; Inapplicable ; Inapplicable ; Pass      ; Pass      ; Inapplicable ; Inapplicable ; Inapplicable ; Inapplicable ; Pass         ; Inapplicable ; Inapplicable ; Pass         ; Inapplicable ; Inapplicable ; Inapplicable ; Inapplicable ; Inapplicable ; Inapplicable ; Inapplicable ; Inapplicable ; Inapplicable ; Pass      ; Inapplicable ; Inapplicable ;
; ClkMain            ; Inapplicable ; Inapplicable ; Inapplicable ; Inapplicable ; Inapplicable ; Pass      ; Inapplicable ; Inapplicable ; Pass      ; Pass      ; Inapplicable ; Inapplicable ; Inapplicable ; Inapplicable ; Pass         ; Inapplicable ; Inapplicable ; Pass         ; Inapplicable ; Inapplicable ; Inapplicable ; Inapplicable ; Inapplicable ; Inapplicable ; Inapplicable ; Inapplicable ; Inapplicable ; Pass      ; Inapplicable ; Inapplicable ;
; NuevoInput         ; Inapplicable ; Inapplicable ; Inapplicable ; Inapplicable ; Inapplicable ; Pass      ; Inapplicable ; Inapplicable ; Pass      ; Pass      ; Inapplicable ; Inapplicable ; Inapplicable ; Inapplicable ; Pass         ; Inapplicable ; Inapplicable ; Pass         ; Inapplicable ; Inapplicable ; Inapplicable ; Inapplicable ; Inapplicable ; Inapplicable ; Inapplicable ; Inapplicable ; Inapplicable ; Pass      ; Inapplicable ; Inapplicable ;
+--------------------+--------------+--------------+--------------+--------------+--------------+-----------+--------------+--------------+-----------+-----------+--------------+--------------+--------------+--------------+--------------+--------------+--------------+--------------+--------------+--------------+--------------+--------------+--------------+--------------+--------------+--------------+--------------+-----------+--------------+--------------+


+-----------------------------------------------------------------------------------------------+
; Fitter Device Options                                                                         ;
+------------------------------------------------------------------+----------------------------+
; Option                                                           ; Setting                    ;
+------------------------------------------------------------------+----------------------------+
; Enable user-supplied start-up clock (CLKUSR)                     ; Off                        ;
; Enable device-wide reset (DEV_CLRn)                              ; Off                        ;
; Enable device-wide output enable (DEV_OE)                        ; Off                        ;
; Enable INIT_DONE output                                          ; Off                        ;
; Configuration scheme                                             ; Active Serial              ;
; Error detection CRC                                              ; Off                        ;
; Enable input tri-state on active configuration pins in user mode ; Off                        ;
; Active Serial clock source                                       ; 40 MHz Internal Oscillator ;
; Configuration Voltage Level                                      ; Auto                       ;
; Force Configuration Voltage Level                                ; Off                        ;
; nCEO                                                             ; As output driving ground   ;
; Data[0]                                                          ; As input tri-stated        ;
; Data[1]/ASDO                                                     ; As input tri-stated        ;
; Data[7..2]                                                       ; Unreserved                 ;
; FLASH_nCE/nCSO                                                   ; As input tri-stated        ;
; DCLK                                                             ; As output driving ground   ;
; Base pin-out file on sameframe device                            ; Off                        ;
+------------------------------------------------------------------+----------------------------+


+------------------------------------+
; Operating Settings and Conditions  ;
+---------------------------+--------+
; Setting                   ; Value  ;
+---------------------------+--------+
; Nominal Core Voltage      ; 1.20 V ;
; Low Junction Temperature  ; -40 °C ;
; High Junction Temperature ; 100 °C ;
+---------------------------+--------+


+-----------------+
; Fitter Messages ;
+-----------------+
Warning (20028): Parallel compilation is not licensed and has been disabled
Info (119006): Selected device EP4CGX150DF31I7 for design "OutputLuces"
Info (21077): Low junction temperature is -40 degrees C
Info (21077): High junction temperature is 100 degrees C
Warning (15564): Compensate clock of PLL "pll:inst|altpll:altpll_component|pll_altpll:auto_generated|pll1" has been set to clock1
Info (171003): Fitter is performing an Auto Fit compilation, which may decrease Fitter effort to reduce compilation time
Warning (292013): Feature LogicLock is only available with a valid subscription license. You can purchase a software subscription to gain full access to this feature.
Info (176444): Device migration not selected. If you intend to use device migration later, you may need to change the pin assignments as they may be incompatible with other devices
    Info (176445): Device EP4CGX150DF31C7 is compatible
    Info (176445): Device EP4CGX150DF31I7AD is compatible
    Info (176445): Device EP4CGX110DF31C7 is compatible
    Info (176445): Device EP4CGX110DF31I7 is compatible
Info (169124): Fitter converted 5 user pins into dedicated programming pins
    Info (169125): Pin ~ALTERA_NCEO~ is reserved at location AE7
    Info (169125): Pin ~ALTERA_DATA0~ is reserved at location A3
    Info (169125): Pin ~ALTERA_ASDO_DATA1~ is reserved at location G9
    Info (169125): Pin ~ALTERA_NCSO~ is reserved at location B4
    Info (169125): Pin ~ALTERA_DCLK~ is reserved at location B3
Warning (15714): Some pins have incomplete I/O assignments. Refer to the I/O Assignment Warnings report for details
Critical Warning (169085): No exact pin location assignment(s) for 387 pins of 387 total pins
    Info (169086): Pin SalidaLeds not assigned to an exact location on the device
    Info (169086): Pin CeldaA[23] not assigned to an exact location on the device
    Info (169086): Pin CeldaA[22] not assigned to an exact location on the device
    Info (169086): Pin CeldaA[21] not assigned to an exact location on the device
    Info (169086): Pin CeldaA[20] not assigned to an exact location on the device
    Info (169086): Pin CeldaA[19] not assigned to an exact location on the device
    Info (169086): Pin CeldaA[18] not assigned to an exact location on the device
    Info (169086): Pin CeldaA[17] not assigned to an exact location on the device
    Info (169086): Pin CeldaA[16] not assigned to an exact location on the device
    Info (169086): Pin CeldaA[15] not assigned to an exact location on the device
    Info (169086): Pin CeldaA[14] not assigned to an exact location on the device
    Info (169086): Pin CeldaA[13] not assigned to an exact location on the device
    Info (169086): Pin CeldaA[12] not assigned to an exact location on the device
    Info (169086): Pin CeldaA[11] not assigned to an exact location on the device
    Info (169086): Pin CeldaA[10] not assigned to an exact location on the device
    Info (169086): Pin CeldaA[9] not assigned to an exact location on the device
    Info (169086): Pin CeldaA[8] not assigned to an exact location on the device
    Info (169086): Pin CeldaA[7] not assigned to an exact location on the device
    Info (169086): Pin CeldaA[6] not assigned to an exact location on the device
    Info (169086): Pin CeldaA[5] not assigned to an exact location on the device
    Info (169086): Pin CeldaA[4] not assigned to an exact location on the device
    Info (169086): Pin CeldaA[3] not assigned to an exact location on the device
    Info (169086): Pin CeldaA[2] not assigned to an exact location on the device
    Info (169086): Pin CeldaA[1] not assigned to an exact location on the device
    Info (169086): Pin CeldaA[0] not assigned to an exact location on the device
    Info (169086): Pin Celda11[23] not assigned to an exact location on the device
    Info (169086): Pin Celda11[22] not assigned to an exact location on the device
    Info (169086): Pin Celda11[21] not assigned to an exact location on the device
    Info (169086): Pin Celda11[20] not assigned to an exact location on the device
    Info (169086): Pin Celda11[19] not assigned to an exact location on the device
    Info (169086): Pin Celda11[18] not assigned to an exact location on the device
    Info (169086): Pin Celda11[17] not assigned to an exact location on the device
    Info (169086): Pin Celda11[16] not assigned to an exact location on the device
    Info (169086): Pin Celda11[15] not assigned to an exact location on the device
    Info (169086): Pin Celda11[14] not assigned to an exact location on the device
    Info (169086): Pin Celda11[13] not assigned to an exact location on the device
    Info (169086): Pin Celda11[12] not assigned to an exact location on the device
    Info (169086): Pin Celda11[11] not assigned to an exact location on the device
    Info (169086): Pin Celda11[10] not assigned to an exact location on the device
    Info (169086): Pin Celda11[9] not assigned to an exact location on the device
    Info (169086): Pin Celda11[8] not assigned to an exact location on the device
    Info (169086): Pin Celda11[7] not assigned to an exact location on the device
    Info (169086): Pin Celda11[6] not assigned to an exact location on the device
    Info (169086): Pin Celda11[5] not assigned to an exact location on the device
    Info (169086): Pin Celda11[4] not assigned to an exact location on the device
    Info (169086): Pin Celda11[3] not assigned to an exact location on the device
    Info (169086): Pin Celda11[2] not assigned to an exact location on the device
    Info (169086): Pin Celda11[1] not assigned to an exact location on the device
    Info (169086): Pin Celda11[0] not assigned to an exact location on the device
    Info (169086): Pin Celda12[23] not assigned to an exact location on the device
    Info (169086): Pin Celda12[22] not assigned to an exact location on the device
    Info (169086): Pin Celda12[21] not assigned to an exact location on the device
    Info (169086): Pin Celda12[20] not assigned to an exact location on the device
    Info (169086): Pin Celda12[19] not assigned to an exact location on the device
    Info (169086): Pin Celda12[18] not assigned to an exact location on the device
    Info (169086): Pin Celda12[17] not assigned to an exact location on the device
    Info (169086): Pin Celda12[16] not assigned to an exact location on the device
    Info (169086): Pin Celda12[15] not assigned to an exact location on the device
    Info (169086): Pin Celda12[14] not assigned to an exact location on the device
    Info (169086): Pin Celda12[13] not assigned to an exact location on the device
    Info (169086): Pin Celda12[12] not assigned to an exact location on the device
    Info (169086): Pin Celda12[11] not assigned to an exact location on the device
    Info (169086): Pin Celda12[10] not assigned to an exact location on the device
    Info (169086): Pin Celda12[9] not assigned to an exact location on the device
    Info (169086): Pin Celda12[8] not assigned to an exact location on the device
    Info (169086): Pin Celda12[7] not assigned to an exact location on the device
    Info (169086): Pin Celda12[6] not assigned to an exact location on the device
    Info (169086): Pin Celda12[5] not assigned to an exact location on the device
    Info (169086): Pin Celda12[4] not assigned to an exact location on the device
    Info (169086): Pin Celda12[3] not assigned to an exact location on the device
    Info (169086): Pin Celda12[2] not assigned to an exact location on the device
    Info (169086): Pin Celda12[1] not assigned to an exact location on the device
    Info (169086): Pin Celda12[0] not assigned to an exact location on the device
    Info (169086): Pin Celda13[23] not assigned to an exact location on the device
    Info (169086): Pin Celda13[22] not assigned to an exact location on the device
    Info (169086): Pin Celda13[21] not assigned to an exact location on the device
    Info (169086): Pin Celda13[20] not assigned to an exact location on the device
    Info (169086): Pin Celda13[19] not assigned to an exact location on the device
    Info (169086): Pin Celda13[18] not assigned to an exact location on the device
    Info (169086): Pin Celda13[17] not assigned to an exact location on the device
    Info (169086): Pin Celda13[16] not assigned to an exact location on the device
    Info (169086): Pin Celda13[15] not assigned to an exact location on the device
    Info (169086): Pin Celda13[14] not assigned to an exact location on the device
    Info (169086): Pin Celda13[13] not assigned to an exact location on the device
    Info (169086): Pin Celda13[12] not assigned to an exact location on the device
    Info (169086): Pin Celda13[11] not assigned to an exact location on the device
    Info (169086): Pin Celda13[10] not assigned to an exact location on the device
    Info (169086): Pin Celda13[9] not assigned to an exact location on the device
    Info (169086): Pin Celda13[8] not assigned to an exact location on the device
    Info (169086): Pin Celda13[7] not assigned to an exact location on the device
    Info (169086): Pin Celda13[6] not assigned to an exact location on the device
    Info (169086): Pin Celda13[5] not assigned to an exact location on the device
    Info (169086): Pin Celda13[4] not assigned to an exact location on the device
    Info (169086): Pin Celda13[3] not assigned to an exact location on the device
    Info (169086): Pin Celda13[2] not assigned to an exact location on the device
    Info (169086): Pin Celda13[1] not assigned to an exact location on the device
    Info (169086): Pin Celda13[0] not assigned to an exact location on the device
    Info (169086): Pin Celda14[23] not assigned to an exact location on the device
    Info (169086): Pin Celda14[22] not assigned to an exact location on the device
    Info (169086): Pin Celda14[21] not assigned to an exact location on the device
    Info (169086): Pin Celda14[20] not assigned to an exact location on the device
    Info (169086): Pin Celda14[19] not assigned to an exact location on the device
    Info (169086): Pin Celda14[18] not assigned to an exact location on the device
    Info (169086): Pin Celda14[17] not assigned to an exact location on the device
    Info (169086): Pin Celda14[16] not assigned to an exact location on the device
    Info (169086): Pin Celda14[15] not assigned to an exact location on the device
    Info (169086): Pin Celda14[14] not assigned to an exact location on the device
    Info (169086): Pin Celda14[13] not assigned to an exact location on the device
    Info (169086): Pin Celda14[12] not assigned to an exact location on the device
    Info (169086): Pin Celda14[11] not assigned to an exact location on the device
    Info (169086): Pin Celda14[10] not assigned to an exact location on the device
    Info (169086): Pin Celda14[9] not assigned to an exact location on the device
    Info (169086): Pin Celda14[8] not assigned to an exact location on the device
    Info (169086): Pin Celda14[7] not assigned to an exact location on the device
    Info (169086): Pin Celda14[6] not assigned to an exact location on the device
    Info (169086): Pin Celda14[5] not assigned to an exact location on the device
    Info (169086): Pin Celda14[4] not assigned to an exact location on the device
    Info (169086): Pin Celda14[3] not assigned to an exact location on the device
    Info (169086): Pin Celda14[2] not assigned to an exact location on the device
    Info (169086): Pin Celda14[1] not assigned to an exact location on the device
    Info (169086): Pin Celda14[0] not assigned to an exact location on the device
    Info (169086): Pin Celda15[23] not assigned to an exact location on the device
    Info (169086): Pin Celda15[22] not assigned to an exact location on the device
    Info (169086): Pin Celda15[21] not assigned to an exact location on the device
    Info (169086): Pin Celda15[20] not assigned to an exact location on the device
    Info (169086): Pin Celda15[19] not assigned to an exact location on the device
    Info (169086): Pin Celda15[18] not assigned to an exact location on the device
    Info (169086): Pin Celda15[17] not assigned to an exact location on the device
    Info (169086): Pin Celda15[16] not assigned to an exact location on the device
    Info (169086): Pin Celda15[15] not assigned to an exact location on the device
    Info (169086): Pin Celda15[14] not assigned to an exact location on the device
    Info (169086): Pin Celda15[13] not assigned to an exact location on the device
    Info (169086): Pin Celda15[12] not assigned to an exact location on the device
    Info (169086): Pin Celda15[11] not assigned to an exact location on the device
    Info (169086): Pin Celda15[10] not assigned to an exact location on the device
    Info (169086): Pin Celda15[9] not assigned to an exact location on the device
    Info (169086): Pin Celda15[8] not assigned to an exact location on the device
    Info (169086): Pin Celda15[7] not assigned to an exact location on the device
    Info (169086): Pin Celda15[6] not assigned to an exact location on the device
    Info (169086): Pin Celda15[5] not assigned to an exact location on the device
    Info (169086): Pin Celda15[4] not assigned to an exact location on the device
    Info (169086): Pin Celda15[3] not assigned to an exact location on the device
    Info (169086): Pin Celda15[2] not assigned to an exact location on the device
    Info (169086): Pin Celda15[1] not assigned to an exact location on the device
    Info (169086): Pin Celda15[0] not assigned to an exact location on the device
    Info (169086): Pin Celda16[23] not assigned to an exact location on the device
    Info (169086): Pin Celda16[22] not assigned to an exact location on the device
    Info (169086): Pin Celda16[21] not assigned to an exact location on the device
    Info (169086): Pin Celda16[20] not assigned to an exact location on the device
    Info (169086): Pin Celda16[19] not assigned to an exact location on the device
    Info (169086): Pin Celda16[18] not assigned to an exact location on the device
    Info (169086): Pin Celda16[17] not assigned to an exact location on the device
    Info (169086): Pin Celda16[16] not assigned to an exact location on the device
    Info (169086): Pin Celda16[15] not assigned to an exact location on the device
    Info (169086): Pin Celda16[14] not assigned to an exact location on the device
    Info (169086): Pin Celda16[13] not assigned to an exact location on the device
    Info (169086): Pin Celda16[12] not assigned to an exact location on the device
    Info (169086): Pin Celda16[11] not assigned to an exact location on the device
    Info (169086): Pin Celda16[10] not assigned to an exact location on the device
    Info (169086): Pin Celda16[9] not assigned to an exact location on the device
    Info (169086): Pin Celda16[8] not assigned to an exact location on the device
    Info (169086): Pin Celda16[7] not assigned to an exact location on the device
    Info (169086): Pin Celda16[6] not assigned to an exact location on the device
    Info (169086): Pin Celda16[5] not assigned to an exact location on the device
    Info (169086): Pin Celda16[4] not assigned to an exact location on the device
    Info (169086): Pin Celda16[3] not assigned to an exact location on the device
    Info (169086): Pin Celda16[2] not assigned to an exact location on the device
    Info (169086): Pin Celda16[1] not assigned to an exact location on the device
    Info (169086): Pin Celda16[0] not assigned to an exact location on the device
    Info (169086): Pin CeldaB[23] not assigned to an exact location on the device
    Info (169086): Pin CeldaB[22] not assigned to an exact location on the device
    Info (169086): Pin CeldaB[21] not assigned to an exact location on the device
    Info (169086): Pin CeldaB[20] not assigned to an exact location on the device
    Info (169086): Pin CeldaB[19] not assigned to an exact location on the device
    Info (169086): Pin CeldaB[18] not assigned to an exact location on the device
    Info (169086): Pin CeldaB[17] not assigned to an exact location on the device
    Info (169086): Pin CeldaB[16] not assigned to an exact location on the device
    Info (169086): Pin CeldaB[15] not assigned to an exact location on the device
    Info (169086): Pin CeldaB[14] not assigned to an exact location on the device
    Info (169086): Pin CeldaB[13] not assigned to an exact location on the device
    Info (169086): Pin CeldaB[12] not assigned to an exact location on the device
    Info (169086): Pin CeldaB[11] not assigned to an exact location on the device
    Info (169086): Pin CeldaB[10] not assigned to an exact location on the device
    Info (169086): Pin CeldaB[9] not assigned to an exact location on the device
    Info (169086): Pin CeldaB[8] not assigned to an exact location on the device
    Info (169086): Pin CeldaB[7] not assigned to an exact location on the device
    Info (169086): Pin CeldaB[6] not assigned to an exact location on the device
    Info (169086): Pin CeldaB[5] not assigned to an exact location on the device
    Info (169086): Pin CeldaB[4] not assigned to an exact location on the device
    Info (169086): Pin CeldaB[3] not assigned to an exact location on the device
    Info (169086): Pin CeldaB[2] not assigned to an exact location on the device
    Info (169086): Pin CeldaB[1] not assigned to an exact location on the device
    Info (169086): Pin CeldaB[0] not assigned to an exact location on the device
    Info (169086): Pin CeldaC[23] not assigned to an exact location on the device
    Info (169086): Pin CeldaC[22] not assigned to an exact location on the device
    Info (169086): Pin CeldaC[21] not assigned to an exact location on the device
    Info (169086): Pin CeldaC[20] not assigned to an exact location on the device
    Info (169086): Pin CeldaC[19] not assigned to an exact location on the device
    Info (169086): Pin CeldaC[18] not assigned to an exact location on the device
    Info (169086): Pin CeldaC[17] not assigned to an exact location on the device
    Info (169086): Pin CeldaC[16] not assigned to an exact location on the device
    Info (169086): Pin CeldaC[15] not assigned to an exact location on the device
    Info (169086): Pin CeldaC[14] not assigned to an exact location on the device
    Info (169086): Pin CeldaC[13] not assigned to an exact location on the device
    Info (169086): Pin CeldaC[12] not assigned to an exact location on the device
    Info (169086): Pin CeldaC[11] not assigned to an exact location on the device
    Info (169086): Pin CeldaC[10] not assigned to an exact location on the device
    Info (169086): Pin CeldaC[9] not assigned to an exact location on the device
    Info (169086): Pin CeldaC[8] not assigned to an exact location on the device
    Info (169086): Pin CeldaC[7] not assigned to an exact location on the device
    Info (169086): Pin CeldaC[6] not assigned to an exact location on the device
    Info (169086): Pin CeldaC[5] not assigned to an exact location on the device
    Info (169086): Pin CeldaC[4] not assigned to an exact location on the device
    Info (169086): Pin CeldaC[3] not assigned to an exact location on the device
    Info (169086): Pin CeldaC[2] not assigned to an exact location on the device
    Info (169086): Pin CeldaC[1] not assigned to an exact location on the device
    Info (169086): Pin CeldaC[0] not assigned to an exact location on the device
    Info (169086): Pin CeldaD[23] not assigned to an exact location on the device
    Info (169086): Pin CeldaD[22] not assigned to an exact location on the device
    Info (169086): Pin CeldaD[21] not assigned to an exact location on the device
    Info (169086): Pin CeldaD[20] not assigned to an exact location on the device
    Info (169086): Pin CeldaD[19] not assigned to an exact location on the device
    Info (169086): Pin CeldaD[18] not assigned to an exact location on the device
    Info (169086): Pin CeldaD[17] not assigned to an exact location on the device
    Info (169086): Pin CeldaD[16] not assigned to an exact location on the device
    Info (169086): Pin CeldaD[15] not assigned to an exact location on the device
    Info (169086): Pin CeldaD[14] not assigned to an exact location on the device
    Info (169086): Pin CeldaD[13] not assigned to an exact location on the device
    Info (169086): Pin CeldaD[12] not assigned to an exact location on the device
    Info (169086): Pin CeldaD[11] not assigned to an exact location on the device
    Info (169086): Pin CeldaD[10] not assigned to an exact location on the device
    Info (169086): Pin CeldaD[9] not assigned to an exact location on the device
    Info (169086): Pin CeldaD[8] not assigned to an exact location on the device
    Info (169086): Pin CeldaD[7] not assigned to an exact location on the device
    Info (169086): Pin CeldaD[6] not assigned to an exact location on the device
    Info (169086): Pin CeldaD[5] not assigned to an exact location on the device
    Info (169086): Pin CeldaD[4] not assigned to an exact location on the device
    Info (169086): Pin CeldaD[3] not assigned to an exact location on the device
    Info (169086): Pin CeldaD[2] not assigned to an exact location on the device
    Info (169086): Pin CeldaD[1] not assigned to an exact location on the device
    Info (169086): Pin CeldaD[0] not assigned to an exact location on the device
    Info (169086): Pin Celda5[23] not assigned to an exact location on the device
    Info (169086): Pin Celda5[22] not assigned to an exact location on the device
    Info (169086): Pin Celda5[21] not assigned to an exact location on the device
    Info (169086): Pin Celda5[20] not assigned to an exact location on the device
    Info (169086): Pin Celda5[19] not assigned to an exact location on the device
    Info (169086): Pin Celda5[18] not assigned to an exact location on the device
    Info (169086): Pin Celda5[17] not assigned to an exact location on the device
    Info (169086): Pin Celda5[16] not assigned to an exact location on the device
    Info (169086): Pin Celda5[15] not assigned to an exact location on the device
    Info (169086): Pin Celda5[14] not assigned to an exact location on the device
    Info (169086): Pin Celda5[13] not assigned to an exact location on the device
    Info (169086): Pin Celda5[12] not assigned to an exact location on the device
    Info (169086): Pin Celda5[11] not assigned to an exact location on the device
    Info (169086): Pin Celda5[10] not assigned to an exact location on the device
    Info (169086): Pin Celda5[9] not assigned to an exact location on the device
    Info (169086): Pin Celda5[8] not assigned to an exact location on the device
    Info (169086): Pin Celda5[7] not assigned to an exact location on the device
    Info (169086): Pin Celda5[6] not assigned to an exact location on the device
    Info (169086): Pin Celda5[5] not assigned to an exact location on the device
    Info (169086): Pin Celda5[4] not assigned to an exact location on the device
    Info (169086): Pin Celda5[3] not assigned to an exact location on the device
    Info (169086): Pin Celda5[2] not assigned to an exact location on the device
    Info (169086): Pin Celda5[1] not assigned to an exact location on the device
    Info (169086): Pin Celda5[0] not assigned to an exact location on the device
    Info (169086): Pin Celda6[23] not assigned to an exact location on the device
    Info (169086): Pin Celda6[22] not assigned to an exact location on the device
    Info (169086): Pin Celda6[21] not assigned to an exact location on the device
    Info (169086): Pin Celda6[20] not assigned to an exact location on the device
    Info (169086): Pin Celda6[19] not assigned to an exact location on the device
    Info (169086): Pin Celda6[18] not assigned to an exact location on the device
    Info (169086): Pin Celda6[17] not assigned to an exact location on the device
    Info (169086): Pin Celda6[16] not assigned to an exact location on the device
    Info (169086): Pin Celda6[15] not assigned to an exact location on the device
    Info (169086): Pin Celda6[14] not assigned to an exact location on the device
    Info (169086): Pin Celda6[13] not assigned to an exact location on the device
    Info (169086): Pin Celda6[12] not assigned to an exact location on the device
    Info (169086): Pin Celda6[11] not assigned to an exact location on the device
    Info (169086): Pin Celda6[10] not assigned to an exact location on the device
    Info (169086): Pin Celda6[9] not assigned to an exact location on the device
    Info (169086): Pin Celda6[8] not assigned to an exact location on the device
    Info (169086): Pin Celda6[7] not assigned to an exact location on the device
    Info (169086): Pin Celda6[6] not assigned to an exact location on the device
    Info (169086): Pin Celda6[5] not assigned to an exact location on the device
    Info (169086): Pin Celda6[4] not assigned to an exact location on the device
    Info (169086): Pin Celda6[3] not assigned to an exact location on the device
    Info (169086): Pin Celda6[2] not assigned to an exact location on the device
    Info (169086): Pin Celda6[1] not assigned to an exact location on the device
    Info (169086): Pin Celda6[0] not assigned to an exact location on the device
    Info (169086): Pin Celda7[23] not assigned to an exact location on the device
    Info (169086): Pin Celda7[22] not assigned to an exact location on the device
    Info (169086): Pin Celda7[21] not assigned to an exact location on the device
    Info (169086): Pin Celda7[20] not assigned to an exact location on the device
    Info (169086): Pin Celda7[19] not assigned to an exact location on the device
    Info (169086): Pin Celda7[18] not assigned to an exact location on the device
    Info (169086): Pin Celda7[17] not assigned to an exact location on the device
    Info (169086): Pin Celda7[16] not assigned to an exact location on the device
    Info (169086): Pin Celda7[15] not assigned to an exact location on the device
    Info (169086): Pin Celda7[14] not assigned to an exact location on the device
    Info (169086): Pin Celda7[13] not assigned to an exact location on the device
    Info (169086): Pin Celda7[12] not assigned to an exact location on the device
    Info (169086): Pin Celda7[11] not assigned to an exact location on the device
    Info (169086): Pin Celda7[10] not assigned to an exact location on the device
    Info (169086): Pin Celda7[9] not assigned to an exact location on the device
    Info (169086): Pin Celda7[8] not assigned to an exact location on the device
    Info (169086): Pin Celda7[7] not assigned to an exact location on the device
    Info (169086): Pin Celda7[6] not assigned to an exact location on the device
    Info (169086): Pin Celda7[5] not assigned to an exact location on the device
    Info (169086): Pin Celda7[4] not assigned to an exact location on the device
    Info (169086): Pin Celda7[3] not assigned to an exact location on the device
    Info (169086): Pin Celda7[2] not assigned to an exact location on the device
    Info (169086): Pin Celda7[1] not assigned to an exact location on the device
    Info (169086): Pin Celda7[0] not assigned to an exact location on the device
    Info (169086): Pin Celda8[23] not assigned to an exact location on the device
    Info (169086): Pin Celda8[22] not assigned to an exact location on the device
    Info (169086): Pin Celda8[21] not assigned to an exact location on the device
    Info (169086): Pin Celda8[20] not assigned to an exact location on the device
    Info (169086): Pin Celda8[19] not assigned to an exact location on the device
    Info (169086): Pin Celda8[18] not assigned to an exact location on the device
    Info (169086): Pin Celda8[17] not assigned to an exact location on the device
    Info (169086): Pin Celda8[16] not assigned to an exact location on the device
    Info (169086): Pin Celda8[15] not assigned to an exact location on the device
    Info (169086): Pin Celda8[14] not assigned to an exact location on the device
    Info (169086): Pin Celda8[13] not assigned to an exact location on the device
    Info (169086): Pin Celda8[12] not assigned to an exact location on the device
    Info (169086): Pin Celda8[11] not assigned to an exact location on the device
    Info (169086): Pin Celda8[10] not assigned to an exact location on the device
    Info (169086): Pin Celda8[9] not assigned to an exact location on the device
    Info (169086): Pin Celda8[8] not assigned to an exact location on the device
    Info (169086): Pin Celda8[7] not assigned to an exact location on the device
    Info (169086): Pin Celda8[6] not assigned to an exact location on the device
    Info (169086): Pin Celda8[5] not assigned to an exact location on the device
    Info (169086): Pin Celda8[4] not assigned to an exact location on the device
    Info (169086): Pin Celda8[3] not assigned to an exact location on the device
    Info (169086): Pin Celda8[2] not assigned to an exact location on the device
    Info (169086): Pin Celda8[1] not assigned to an exact location on the device
    Info (169086): Pin Celda8[0] not assigned to an exact location on the device
    Info (169086): Pin Celda9[23] not assigned to an exact location on the device
    Info (169086): Pin Celda9[22] not assigned to an exact location on the device
    Info (169086): Pin Celda9[21] not assigned to an exact location on the device
    Info (169086): Pin Celda9[20] not assigned to an exact location on the device
    Info (169086): Pin Celda9[19] not assigned to an exact location on the device
    Info (169086): Pin Celda9[18] not assigned to an exact location on the device
    Info (169086): Pin Celda9[17] not assigned to an exact location on the device
    Info (169086): Pin Celda9[16] not assigned to an exact location on the device
    Info (169086): Pin Celda9[15] not assigned to an exact location on the device
    Info (169086): Pin Celda9[14] not assigned to an exact location on the device
    Info (169086): Pin Celda9[13] not assigned to an exact location on the device
    Info (169086): Pin Celda9[12] not assigned to an exact location on the device
    Info (169086): Pin Celda9[11] not assigned to an exact location on the device
    Info (169086): Pin Celda9[10] not assigned to an exact location on the device
    Info (169086): Pin Celda9[9] not assigned to an exact location on the device
    Info (169086): Pin Celda9[8] not assigned to an exact location on the device
    Info (169086): Pin Celda9[7] not assigned to an exact location on the device
    Info (169086): Pin Celda9[6] not assigned to an exact location on the device
    Info (169086): Pin Celda9[5] not assigned to an exact location on the device
    Info (169086): Pin Celda9[4] not assigned to an exact location on the device
    Info (169086): Pin Celda9[3] not assigned to an exact location on the device
    Info (169086): Pin Celda9[2] not assigned to an exact location on the device
    Info (169086): Pin Celda9[1] not assigned to an exact location on the device
    Info (169086): Pin Celda9[0] not assigned to an exact location on the device
    Info (169086): Pin Celda10[23] not assigned to an exact location on the device
    Info (169086): Pin Celda10[22] not assigned to an exact location on the device
    Info (169086): Pin Celda10[21] not assigned to an exact location on the device
    Info (169086): Pin Celda10[20] not assigned to an exact location on the device
    Info (169086): Pin Celda10[19] not assigned to an exact location on the device
    Info (169086): Pin Celda10[18] not assigned to an exact location on the device
    Info (169086): Pin Celda10[17] not assigned to an exact location on the device
    Info (169086): Pin Celda10[16] not assigned to an exact location on the device
    Info (169086): Pin Celda10[15] not assigned to an exact location on the device
    Info (169086): Pin Celda10[14] not assigned to an exact location on the device
    Info (169086): Pin Celda10[13] not assigned to an exact location on the device
    Info (169086): Pin Celda10[12] not assigned to an exact location on the device
    Info (169086): Pin Celda10[11] not assigned to an exact location on the device
    Info (169086): Pin Celda10[10] not assigned to an exact location on the device
    Info (169086): Pin Celda10[9] not assigned to an exact location on the device
    Info (169086): Pin Celda10[8] not assigned to an exact location on the device
    Info (169086): Pin Celda10[7] not assigned to an exact location on the device
    Info (169086): Pin Celda10[6] not assigned to an exact location on the device
    Info (169086): Pin Celda10[5] not assigned to an exact location on the device
    Info (169086): Pin Celda10[4] not assigned to an exact location on the device
    Info (169086): Pin Celda10[3] not assigned to an exact location on the device
    Info (169086): Pin Celda10[2] not assigned to an exact location on the device
    Info (169086): Pin Celda10[1] not assigned to an exact location on the device
    Info (169086): Pin Celda10[0] not assigned to an exact location on the device
    Info (169086): Pin ClkMain not assigned to an exact location on the device
    Info (169086): Pin NuevoInput not assigned to an exact location on the device
Info (15535): Implemented PLL "pll:inst|altpll:altpll_component|pll_altpll:auto_generated|pll1" as MPLL PLL type
    Info (15099): Implementing clock multiplication of 4, clock division of 25, and phase shift of 0 degrees (0 ps) for pll:inst|altpll:altpll_component|pll_altpll:auto_generated|wire_pll1_clk[1] port
    Info (15099): Implementing clock multiplication of 1, clock division of 150, and phase shift of 0 degrees (0 ps) for pll:inst|altpll:altpll_component|pll_altpll:auto_generated|wire_pll1_clk[3] port
Critical Warning (332012): Synopsys Design Constraints File file not found: 'OutputLuces.sdc'. A Synopsys Design Constraints File is required by the TimeQuest Timing Analyzer to get proper timing constraints. Without it, the Compiler will not properly optimize the design.
Info (332144): No user constrained generated clocks found in the design
Info (332144): No user constrained base clocks found in the design
Info (332096): The command derive_clocks did not find any clocks to derive.  No clocks were created or changed.
Info (332143): No user constrained clock uncertainty found in the design. Calling "derive_clock_uncertainty"
Info (332154): The derive_clock_uncertainty command did not apply clock uncertainty to any clock-to-clock transfers.
Info (332130): Timing requirements not specified -- quality metrics such as performance may be sacrificed to reduce compilation time.
Info (176353): Automatically promoted node pll:inst|altpll:altpll_component|pll_altpll:auto_generated|wire_pll1_clk[1] (placed in counter C0 of PLL_1)
    Info (176355): Automatically promoted destinations to use location or clock signal Global Clock CLKCTRL_G29
Info (176353): Automatically promoted node pll:inst|altpll:altpll_component|pll_altpll:auto_generated|wire_pll1_clk[3] (placed in counter C2 of PLL_1)
    Info (176355): Automatically promoted destinations to use location or clock signal Global Clock CLKCTRL_G26
Info (176353): Automatically promoted node inst22 
    Info (176355): Automatically promoted destinations to use location or clock signal Global Clock
Info (176353): Automatically promoted node NuevoInput~input (placed in PIN W15 (CLKIO13, DIFFCLK_7n, REFCLK2n))
    Info (176355): Automatically promoted destinations to use location or clock signal Global Clock CLKCTRL_G25
Info (176233): Starting register packing
Info (176235): Finished register packing
    Extra Info (176219): No registers were packed into other blocks
Info (176214): Statistics of I/O pins that need to be placed that use the same VCCIO and VREF, before I/O pin placement
    Info (176211): Number of I/O pins in group: 385 (unused VREF, 2.5V VCCIO, 384 input, 1 output, 0 bidirectional)
        Info (176212): I/O standards used: 2.5 V.
Info (176215): I/O bank details before I/O pin placement
    Info (176214): Statistics of I/O banks
        Info (176213): I/O bank number QL1 does not use VREF pins and has undetermined VCCIO pins. 0 total pin(s) used --  0 pins available
        Info (176213): I/O bank number QL0 does not use VREF pins and has undetermined VCCIO pins. 0 total pin(s) used --  0 pins available
        Info (176213): I/O bank number 3 does not use VREF pins and has undetermined VCCIO pins. 1 total pin(s) used --  81 pins available
        Info (176213): I/O bank number 3B does not use VREF pins and has undetermined VCCIO pins. 1 total pin(s) used --  2 pins available
        Info (176213): I/O bank number 3A does not use VREF pins and has undetermined VCCIO pins. 1 total pin(s) used --  1 pins available
        Info (176213): I/O bank number 4 does not use VREF pins and has undetermined VCCIO pins. 0 total pin(s) used --  82 pins available
        Info (176213): I/O bank number 5 does not use VREF pins and has undetermined VCCIO pins. 0 total pin(s) used --  66 pins available
        Info (176213): I/O bank number 6 does not use VREF pins and has undetermined VCCIO pins. 0 total pin(s) used --  69 pins available
        Info (176213): I/O bank number 7 does not use VREF pins and has undetermined VCCIO pins. 0 total pin(s) used --  80 pins available
        Info (176213): I/O bank number 8A does not use VREF pins and has undetermined VCCIO pins. 0 total pin(s) used --  2 pins available
        Info (176213): I/O bank number 8 does not use VREF pins and has undetermined VCCIO pins. 0 total pin(s) used --  81 pins available
        Info (176213): I/O bank number 8B does not use VREF pins and has undetermined VCCIO pins. 0 total pin(s) used --  2 pins available
        Info (176213): I/O bank number 9 does not use VREF pins and has undetermined VCCIO pins. 4 total pin(s) used --  0 pins available
Info (171121): Fitter preparation operations ending: elapsed time is 00:00:05
Info (170189): Fitter placement preparation operations beginning
Info (170190): Fitter placement preparation operations ending: elapsed time is 00:00:00
Info (170191): Fitter placement operations beginning
Info (170137): Fitter placement was successful
Info (170192): Fitter placement operations ending: elapsed time is 00:00:03
Info (170193): Fitter routing operations beginning
Info (170195): Router estimated average interconnect usage is 0% of the available device resources
    Info (170196): Router estimated peak interconnect usage is 0% of the available device resources in the region that extends from location X47_Y0 to location X58_Y10
Info (170194): Fitter routing operations ending: elapsed time is 00:00:01
Info (170199): The Fitter performed an Auto Fit compilation.  Optimizations were skipped to reduce compilation time.
    Info (170201): Optimizations that may affect the design's routability were skipped
    Info (170200): Optimizations that may affect the design's timing were skipped
Info (11888): Total time spent on timing analysis during the Fitter is 0.11 seconds.
Info (334003): Started post-fitting delay annotation
Info (334004): Delay annotation completed successfully
Info (334003): Started post-fitting delay annotation
Info (334004): Delay annotation completed successfully
Info (11218): Fitter post-fit operations ending: elapsed time is 00:00:02
Warning (169177): 2 pins must meet Altera requirements for 3.3-, 3.0-, and 2.5-V interfaces. For more information, refer to AN 447: Interfacing Cyclone IV GX Devices with 3.3/3.0/2.5-V LVTTL/LVCMOS I/O Systems.
    Info (169178): Pin ClkMain uses I/O standard 2.5 V at V12
    Info (169178): Pin NuevoInput uses I/O standard 2.5 V at W15
Info (144001): Generated suppressed messages file C:/altera/13.0sp1/TaTeTi/OutputLuces/output_files/OutputLuces.fit.smsg
Info: Quartus II 64-Bit Fitter was successful. 0 errors, 7 warnings
    Info: Peak virtual memory: 5185 megabytes
    Info: Processing ended: Thu Nov 06 17:40:48 2025
    Info: Elapsed time: 00:00:29
    Info: Total CPU time (on all processors): 00:00:27


+----------------------------+
; Fitter Suppressed Messages ;
+----------------------------+
The suppressed messages can be found in C:/altera/13.0sp1/TaTeTi/OutputLuces/output_files/OutputLuces.fit.smsg.


