TimeQuest Timing Analyzer report for OutputLuces
Thu Nov 06 17:41:03 2025
Quartus II 64-Bit Version 13.0.1 Build 232 06/12/2013 Service Pack 1 SJ Web Edition


---------------------
; Table of Contents ;
---------------------
  1. Legal Notice
  2. TimeQuest Timing Analyzer Summary
  3. Parallel Compilation
  4. Clocks
  5. Slow 1200mV 100C Model Fmax Summary
  6. Timing Closure Recommendations
  7. Slow 1200mV 100C Model Setup Summary
  8. Slow 1200mV 100C Model Hold Summary
  9. Slow 1200mV 100C Model Recovery Summary
 10. Slow 1200mV 100C Model Removal Summary
 11. Slow 1200mV 100C Model Minimum Pulse Width Summary
 12. Slow 1200mV 100C Model Setup: 'inst|altpll_component|auto_generated|pll1|clk[3]'
 13. Slow 1200mV 100C Model Hold: 'inst|altpll_component|auto_generated|pll1|clk[3]'
 14. Slow 1200mV 100C Model Minimum Pulse Width: 'ClkMain'
 15. Slow 1200mV 100C Model Minimum Pulse Width: 'inst|altpll_component|auto_generated|pll1|clk[3]'
 16. Clock to Output Times
 17. Minimum Clock to Output Times
 18. Slow 1200mV 100C Model Metastability Report
 19. Slow 1200mV -40C Model Fmax Summary
 20. Slow 1200mV -40C Model Setup Summary
 21. Slow 1200mV -40C Model Hold Summary
 22. Slow 1200mV -40C Model Recovery Summary
 23. Slow 1200mV -40C Model Removal Summary
 24. Slow 1200mV -40C Model Minimum Pulse Width Summary
 25. Slow 1200mV -40C Model Setup: 'inst|altpll_component|auto_generated|pll1|clk[3]'
 26. Slow 1200mV -40C Model Hold: 'inst|altpll_component|auto_generated|pll1|clk[3]'
 27. Slow 1200mV -40C Model Minimum Pulse Width: 'ClkMain'
 28. Slow 1200mV -40C Model Minimum Pulse Width: 'inst|altpll_component|auto_generated|pll1|clk[3]'
 29. Clock to Output Times
 30. Minimum Clock to Output Times
 31. Slow 1200mV -40C Model Metastability Report
 32. Fast 1200mV -40C Model Setup Summary
 33. Fast 1200mV -40C Model Hold Summary
 34. Fast 1200mV -40C Model Recovery Summary
 35. Fast 1200mV -40C Model Removal Summary
 36. Fast 1200mV -40C Model Minimum Pulse Width Summary
 37. Fast 1200mV -40C Model Setup: 'inst|altpll_component|auto_generated|pll1|clk[3]'
 38. Fast 1200mV -40C Model Hold: 'inst|altpll_component|auto_generated|pll1|clk[3]'
 39. Fast 1200mV -40C Model Minimum Pulse Width: 'ClkMain'
 40. Fast 1200mV -40C Model Minimum Pulse Width: 'inst|altpll_component|auto_generated|pll1|clk[3]'
 41. Clock to Output Times
 42. Minimum Clock to Output Times
 43. Fast 1200mV -40C Model Metastability Report
 44. Multicorner Timing Analysis Summary
 45. Clock to Output Times
 46. Minimum Clock to Output Times
 47. Board Trace Model Assignments
 48. Input Transition Times
 49. Signal Integrity Metrics (Slow 1200mv n40c Model)
 50. Signal Integrity Metrics (Slow 1200mv 100c Model)
 51. Signal Integrity Metrics (Fast 1200mv n40c Model)
 52. Setup Transfers
 53. Hold Transfers
 54. Report TCCS
 55. Report RSKM
 56. Unconstrained Paths
 57. TimeQuest Timing Analyzer Messages



----------------
; Legal Notice ;
----------------
Copyright (C) 1991-2013 Altera Corporation
Your use of Altera Corporation's design tools, logic functions 
and other software and tools, and its AMPP partner logic 
functions, and any output files from any of the foregoing 
(including device programming or simulation files), and any 
associated documentation or information are expressly subject 
to the terms and conditions of the Altera Program License 
Subscription Agreement, Altera MegaCore Function License 
Agreement, or other applicable license agreement, including, 
without limitation, that your use is for the sole purpose of 
programming logic devices manufactured by Altera and sold by 
Altera or its authorized distributors.  Please refer to the 
applicable agreement for further details.



+----------------------------------------------------------------------------------------+
; TimeQuest Timing Analyzer Summary                                                      ;
+--------------------+-------------------------------------------------------------------+
; Quartus II Version ; Version 13.0.1 Build 232 06/12/2013 Service Pack 1 SJ Web Edition ;
; Revision Name      ; OutputLuces                                                       ;
; Device Family      ; Cyclone IV GX                                                     ;
; Device Name        ; EP4CGX150DF31I7                                                   ;
; Timing Models      ; Final                                                             ;
; Delay Model        ; Combined                                                          ;
; Rise/Fall Delays   ; Enabled                                                           ;
+--------------------+-------------------------------------------------------------------+


Parallel compilation was disabled, but you have multiple processors available. Enable parallel compilation to reduce compilation time.
+-------------------------------------+
; Parallel Compilation                ;
+----------------------------+--------+
; Processors                 ; Number ;
+----------------------------+--------+
; Number detected on machine ; 8      ;
; Maximum allowed            ; 1      ;
+----------------------------+--------+


+--------------------------------------------------------------------------------------------------------------------------------------------------------------------------------------------------------------------------------------------------------------------------------------------------------------------------+
; Clocks                                                                                                                                                                                                                                                                                                                   ;
+--------------------------------------------------+-----------+----------+-----------+-------+----------+------------+-----------+-------------+-------+--------+-----------+------------+----------+---------+----------------------------------------------------+------------------------------------------------------+
; Clock Name                                       ; Type      ; Period   ; Frequency ; Rise  ; Fall     ; Duty Cycle ; Divide by ; Multiply by ; Phase ; Offset ; Edge List ; Edge Shift ; Inverted ; Master  ; Source                                             ; Targets                                              ;
+--------------------------------------------------+-----------+----------+-----------+-------+----------+------------+-----------+-------------+-------+--------+-----------+------------+----------+---------+----------------------------------------------------+------------------------------------------------------+
; ClkMain                                          ; Base      ; 20.000   ; 50.0 MHz  ; 0.000 ; 10.000   ;            ;           ;             ;       ;        ;           ;            ;          ;         ;                                                    ; { ClkMain }                                          ;
; inst|altpll_component|auto_generated|pll1|clk[1] ; Generated ; 125.000  ; 8.0 MHz   ; 0.000 ; 80.000   ; 64.00      ; 25        ; 4           ;       ;        ;           ;            ; false    ; ClkMain ; inst|altpll_component|auto_generated|pll1|inclk[0] ; { inst|altpll_component|auto_generated|pll1|clk[1] } ;
; inst|altpll_component|auto_generated|pll1|clk[3] ; Generated ; 3000.000 ; 0.33 MHz  ; 0.000 ; 1500.000 ; 50.00      ; 150       ; 1           ;       ;        ;           ;            ; false    ; ClkMain ; inst|altpll_component|auto_generated|pll1|inclk[0] ; { inst|altpll_component|auto_generated|pll1|clk[3] } ;
+--------------------------------------------------+-----------+----------+-----------+-------+----------+------------+-----------+-------------+-------+--------+-----------+------------+----------+---------+----------------------------------------------------+------------------------------------------------------+


+----------------------------------------------------------------------------------------+
; Slow 1200mV 100C Model Fmax Summary                                                    ;
+------------+-----------------+--------------------------------------------------+------+
; Fmax       ; Restricted Fmax ; Clock Name                                       ; Note ;
+------------+-----------------+--------------------------------------------------+------+
; 281.37 MHz ; 281.37 MHz      ; inst|altpll_component|auto_generated|pll1|clk[3] ;      ;
+------------+-----------------+--------------------------------------------------+------+
This panel reports FMAX for every clock in the design, regardless of the user-specified clock periods.  FMAX is only computed for paths where the source and destination registers or ports are driven by the same clock.  Paths of different clocks, including generated clocks, are ignored.  For paths between a clock and its inversion, FMAX is computed as if the rising and falling edges are scaled along with FMAX, such that the duty cycle (in terms of a percentage) is maintained. Altera recommends that you always use clock constraints and other slack reports for sign-off analysis.


----------------------------------
; Timing Closure Recommendations ;
----------------------------------
HTML report is unavailable in plain text report export.


+-----------------------------------------------------------------------------+
; Slow 1200mV 100C Model Setup Summary                                        ;
+--------------------------------------------------+----------+---------------+
; Clock                                            ; Slack    ; End Point TNS ;
+--------------------------------------------------+----------+---------------+
; inst|altpll_component|auto_generated|pll1|clk[3] ; 2996.446 ; 0.000         ;
+--------------------------------------------------+----------+---------------+


+--------------------------------------------------------------------------+
; Slow 1200mV 100C Model Hold Summary                                      ;
+--------------------------------------------------+-------+---------------+
; Clock                                            ; Slack ; End Point TNS ;
+--------------------------------------------------+-------+---------------+
; inst|altpll_component|auto_generated|pll1|clk[3] ; 0.637 ; 0.000         ;
+--------------------------------------------------+-------+---------------+


-------------------------------------------
; Slow 1200mV 100C Model Recovery Summary ;
-------------------------------------------
No paths to report.


------------------------------------------
; Slow 1200mV 100C Model Removal Summary ;
------------------------------------------
No paths to report.


+-----------------------------------------------------------------------------+
; Slow 1200mV 100C Model Minimum Pulse Width Summary                          ;
+--------------------------------------------------+----------+---------------+
; Clock                                            ; Slack    ; End Point TNS ;
+--------------------------------------------------+----------+---------------+
; ClkMain                                          ; 9.891    ; 0.000         ;
; inst|altpll_component|auto_generated|pll1|clk[3] ; 1499.424 ; 0.000         ;
+--------------------------------------------------+----------+---------------+


+---------------------------------------------------------------------------------------------------------------------------------------------------------------------------------------------------------------------------------------------------------------------------------------------------------------------------------------------------------------------------+
; Slow 1200mV 100C Model Setup: 'inst|altpll_component|auto_generated|pll1|clk[3]'                                                                                                                                                                                                                                                                                          ;
+----------+--------------------------------------------------------------------------------------------------------+--------------------------------------------------------------------------------------------------------+--------------------------------------------------+--------------------------------------------------+--------------+------------+------------+
; Slack    ; From Node                                                                                              ; To Node                                                                                                ; Launch Clock                                     ; Latch Clock                                      ; Relationship ; Clock Skew ; Data Delay ;
+----------+--------------------------------------------------------------------------------------------------------+--------------------------------------------------------------------------------------------------------+--------------------------------------------------+--------------------------------------------------+--------------+------------+------------+
; 2996.446 ; lpm_counter0:SELECTOR_LED|lpm_counter:LPM_COUNTER_component|cntr_o5k:auto_generated|counter_reg_bit[1] ; lpm_counter0:SELECTOR_LED|lpm_counter:LPM_COUNTER_component|cntr_o5k:auto_generated|counter_reg_bit[0] ; inst|altpll_component|auto_generated|pll1|clk[3] ; inst|altpll_component|auto_generated|pll1|clk[3] ; 3000.000     ; -0.092     ; 3.450      ;
; 2996.446 ; lpm_counter0:SELECTOR_LED|lpm_counter:LPM_COUNTER_component|cntr_o5k:auto_generated|counter_reg_bit[1] ; lpm_counter0:SELECTOR_LED|lpm_counter:LPM_COUNTER_component|cntr_o5k:auto_generated|counter_reg_bit[1] ; inst|altpll_component|auto_generated|pll1|clk[3] ; inst|altpll_component|auto_generated|pll1|clk[3] ; 3000.000     ; -0.092     ; 3.450      ;
; 2996.446 ; lpm_counter0:SELECTOR_LED|lpm_counter:LPM_COUNTER_component|cntr_o5k:auto_generated|counter_reg_bit[1] ; lpm_counter0:SELECTOR_LED|lpm_counter:LPM_COUNTER_component|cntr_o5k:auto_generated|counter_reg_bit[2] ; inst|altpll_component|auto_generated|pll1|clk[3] ; inst|altpll_component|auto_generated|pll1|clk[3] ; 3000.000     ; -0.092     ; 3.450      ;
; 2996.446 ; lpm_counter0:SELECTOR_LED|lpm_counter:LPM_COUNTER_component|cntr_o5k:auto_generated|counter_reg_bit[1] ; lpm_counter0:SELECTOR_LED|lpm_counter:LPM_COUNTER_component|cntr_o5k:auto_generated|counter_reg_bit[3] ; inst|altpll_component|auto_generated|pll1|clk[3] ; inst|altpll_component|auto_generated|pll1|clk[3] ; 3000.000     ; -0.092     ; 3.450      ;
; 2996.446 ; lpm_counter0:SELECTOR_LED|lpm_counter:LPM_COUNTER_component|cntr_o5k:auto_generated|counter_reg_bit[1] ; lpm_counter0:SELECTOR_LED|lpm_counter:LPM_COUNTER_component|cntr_o5k:auto_generated|counter_reg_bit[4] ; inst|altpll_component|auto_generated|pll1|clk[3] ; inst|altpll_component|auto_generated|pll1|clk[3] ; 3000.000     ; -0.092     ; 3.450      ;
; 2996.450 ; lpm_counter0:SELECTOR_LED|lpm_counter:LPM_COUNTER_component|cntr_o5k:auto_generated|counter_reg_bit[0] ; lpm_counter0:SELECTOR_LED|lpm_counter:LPM_COUNTER_component|cntr_o5k:auto_generated|counter_reg_bit[0] ; inst|altpll_component|auto_generated|pll1|clk[3] ; inst|altpll_component|auto_generated|pll1|clk[3] ; 3000.000     ; -0.092     ; 3.446      ;
; 2996.450 ; lpm_counter0:SELECTOR_LED|lpm_counter:LPM_COUNTER_component|cntr_o5k:auto_generated|counter_reg_bit[0] ; lpm_counter0:SELECTOR_LED|lpm_counter:LPM_COUNTER_component|cntr_o5k:auto_generated|counter_reg_bit[1] ; inst|altpll_component|auto_generated|pll1|clk[3] ; inst|altpll_component|auto_generated|pll1|clk[3] ; 3000.000     ; -0.092     ; 3.446      ;
; 2996.450 ; lpm_counter0:SELECTOR_LED|lpm_counter:LPM_COUNTER_component|cntr_o5k:auto_generated|counter_reg_bit[0] ; lpm_counter0:SELECTOR_LED|lpm_counter:LPM_COUNTER_component|cntr_o5k:auto_generated|counter_reg_bit[2] ; inst|altpll_component|auto_generated|pll1|clk[3] ; inst|altpll_component|auto_generated|pll1|clk[3] ; 3000.000     ; -0.092     ; 3.446      ;
; 2996.450 ; lpm_counter0:SELECTOR_LED|lpm_counter:LPM_COUNTER_component|cntr_o5k:auto_generated|counter_reg_bit[0] ; lpm_counter0:SELECTOR_LED|lpm_counter:LPM_COUNTER_component|cntr_o5k:auto_generated|counter_reg_bit[3] ; inst|altpll_component|auto_generated|pll1|clk[3] ; inst|altpll_component|auto_generated|pll1|clk[3] ; 3000.000     ; -0.092     ; 3.446      ;
; 2996.450 ; lpm_counter0:SELECTOR_LED|lpm_counter:LPM_COUNTER_component|cntr_o5k:auto_generated|counter_reg_bit[0] ; lpm_counter0:SELECTOR_LED|lpm_counter:LPM_COUNTER_component|cntr_o5k:auto_generated|counter_reg_bit[4] ; inst|altpll_component|auto_generated|pll1|clk[3] ; inst|altpll_component|auto_generated|pll1|clk[3] ; 3000.000     ; -0.092     ; 3.446      ;
; 2996.577 ; lpm_counter0:SELECTOR_LED|lpm_counter:LPM_COUNTER_component|cntr_o5k:auto_generated|counter_reg_bit[3] ; lpm_counter0:SELECTOR_LED|lpm_counter:LPM_COUNTER_component|cntr_o5k:auto_generated|counter_reg_bit[0] ; inst|altpll_component|auto_generated|pll1|clk[3] ; inst|altpll_component|auto_generated|pll1|clk[3] ; 3000.000     ; -0.092     ; 3.319      ;
; 2996.577 ; lpm_counter0:SELECTOR_LED|lpm_counter:LPM_COUNTER_component|cntr_o5k:auto_generated|counter_reg_bit[3] ; lpm_counter0:SELECTOR_LED|lpm_counter:LPM_COUNTER_component|cntr_o5k:auto_generated|counter_reg_bit[1] ; inst|altpll_component|auto_generated|pll1|clk[3] ; inst|altpll_component|auto_generated|pll1|clk[3] ; 3000.000     ; -0.092     ; 3.319      ;
; 2996.577 ; lpm_counter0:SELECTOR_LED|lpm_counter:LPM_COUNTER_component|cntr_o5k:auto_generated|counter_reg_bit[3] ; lpm_counter0:SELECTOR_LED|lpm_counter:LPM_COUNTER_component|cntr_o5k:auto_generated|counter_reg_bit[2] ; inst|altpll_component|auto_generated|pll1|clk[3] ; inst|altpll_component|auto_generated|pll1|clk[3] ; 3000.000     ; -0.092     ; 3.319      ;
; 2996.577 ; lpm_counter0:SELECTOR_LED|lpm_counter:LPM_COUNTER_component|cntr_o5k:auto_generated|counter_reg_bit[3] ; lpm_counter0:SELECTOR_LED|lpm_counter:LPM_COUNTER_component|cntr_o5k:auto_generated|counter_reg_bit[3] ; inst|altpll_component|auto_generated|pll1|clk[3] ; inst|altpll_component|auto_generated|pll1|clk[3] ; 3000.000     ; -0.092     ; 3.319      ;
; 2996.577 ; lpm_counter0:SELECTOR_LED|lpm_counter:LPM_COUNTER_component|cntr_o5k:auto_generated|counter_reg_bit[3] ; lpm_counter0:SELECTOR_LED|lpm_counter:LPM_COUNTER_component|cntr_o5k:auto_generated|counter_reg_bit[4] ; inst|altpll_component|auto_generated|pll1|clk[3] ; inst|altpll_component|auto_generated|pll1|clk[3] ; 3000.000     ; -0.092     ; 3.319      ;
; 2996.582 ; lpm_counter0:SELECTOR_LED|lpm_counter:LPM_COUNTER_component|cntr_o5k:auto_generated|counter_reg_bit[2] ; lpm_counter0:SELECTOR_LED|lpm_counter:LPM_COUNTER_component|cntr_o5k:auto_generated|counter_reg_bit[0] ; inst|altpll_component|auto_generated|pll1|clk[3] ; inst|altpll_component|auto_generated|pll1|clk[3] ; 3000.000     ; -0.092     ; 3.314      ;
; 2996.582 ; lpm_counter0:SELECTOR_LED|lpm_counter:LPM_COUNTER_component|cntr_o5k:auto_generated|counter_reg_bit[2] ; lpm_counter0:SELECTOR_LED|lpm_counter:LPM_COUNTER_component|cntr_o5k:auto_generated|counter_reg_bit[1] ; inst|altpll_component|auto_generated|pll1|clk[3] ; inst|altpll_component|auto_generated|pll1|clk[3] ; 3000.000     ; -0.092     ; 3.314      ;
; 2996.582 ; lpm_counter0:SELECTOR_LED|lpm_counter:LPM_COUNTER_component|cntr_o5k:auto_generated|counter_reg_bit[2] ; lpm_counter0:SELECTOR_LED|lpm_counter:LPM_COUNTER_component|cntr_o5k:auto_generated|counter_reg_bit[2] ; inst|altpll_component|auto_generated|pll1|clk[3] ; inst|altpll_component|auto_generated|pll1|clk[3] ; 3000.000     ; -0.092     ; 3.314      ;
; 2996.582 ; lpm_counter0:SELECTOR_LED|lpm_counter:LPM_COUNTER_component|cntr_o5k:auto_generated|counter_reg_bit[2] ; lpm_counter0:SELECTOR_LED|lpm_counter:LPM_COUNTER_component|cntr_o5k:auto_generated|counter_reg_bit[3] ; inst|altpll_component|auto_generated|pll1|clk[3] ; inst|altpll_component|auto_generated|pll1|clk[3] ; 3000.000     ; -0.092     ; 3.314      ;
; 2996.582 ; lpm_counter0:SELECTOR_LED|lpm_counter:LPM_COUNTER_component|cntr_o5k:auto_generated|counter_reg_bit[2] ; lpm_counter0:SELECTOR_LED|lpm_counter:LPM_COUNTER_component|cntr_o5k:auto_generated|counter_reg_bit[4] ; inst|altpll_component|auto_generated|pll1|clk[3] ; inst|altpll_component|auto_generated|pll1|clk[3] ; 3000.000     ; -0.092     ; 3.314      ;
; 2996.716 ; lpm_counter0:SELECTOR_LED|lpm_counter:LPM_COUNTER_component|cntr_o5k:auto_generated|counter_reg_bit[4] ; lpm_counter0:SELECTOR_LED|lpm_counter:LPM_COUNTER_component|cntr_o5k:auto_generated|counter_reg_bit[0] ; inst|altpll_component|auto_generated|pll1|clk[3] ; inst|altpll_component|auto_generated|pll1|clk[3] ; 3000.000     ; -0.092     ; 3.180      ;
; 2996.716 ; lpm_counter0:SELECTOR_LED|lpm_counter:LPM_COUNTER_component|cntr_o5k:auto_generated|counter_reg_bit[4] ; lpm_counter0:SELECTOR_LED|lpm_counter:LPM_COUNTER_component|cntr_o5k:auto_generated|counter_reg_bit[1] ; inst|altpll_component|auto_generated|pll1|clk[3] ; inst|altpll_component|auto_generated|pll1|clk[3] ; 3000.000     ; -0.092     ; 3.180      ;
; 2996.716 ; lpm_counter0:SELECTOR_LED|lpm_counter:LPM_COUNTER_component|cntr_o5k:auto_generated|counter_reg_bit[4] ; lpm_counter0:SELECTOR_LED|lpm_counter:LPM_COUNTER_component|cntr_o5k:auto_generated|counter_reg_bit[2] ; inst|altpll_component|auto_generated|pll1|clk[3] ; inst|altpll_component|auto_generated|pll1|clk[3] ; 3000.000     ; -0.092     ; 3.180      ;
; 2996.716 ; lpm_counter0:SELECTOR_LED|lpm_counter:LPM_COUNTER_component|cntr_o5k:auto_generated|counter_reg_bit[4] ; lpm_counter0:SELECTOR_LED|lpm_counter:LPM_COUNTER_component|cntr_o5k:auto_generated|counter_reg_bit[3] ; inst|altpll_component|auto_generated|pll1|clk[3] ; inst|altpll_component|auto_generated|pll1|clk[3] ; 3000.000     ; -0.092     ; 3.180      ;
; 2996.716 ; lpm_counter0:SELECTOR_LED|lpm_counter:LPM_COUNTER_component|cntr_o5k:auto_generated|counter_reg_bit[4] ; lpm_counter0:SELECTOR_LED|lpm_counter:LPM_COUNTER_component|cntr_o5k:auto_generated|counter_reg_bit[4] ; inst|altpll_component|auto_generated|pll1|clk[3] ; inst|altpll_component|auto_generated|pll1|clk[3] ; 3000.000     ; -0.092     ; 3.180      ;
+----------+--------------------------------------------------------------------------------------------------------+--------------------------------------------------------------------------------------------------------+--------------------------------------------------+--------------------------------------------------+--------------+------------+------------+


+------------------------------------------------------------------------------------------------------------------------------------------------------------------------------------------------------------------------------------------------------------------------------------------------------------------------------------------------------------------------+
; Slow 1200mV 100C Model Hold: 'inst|altpll_component|auto_generated|pll1|clk[3]'                                                                                                                                                                                                                                                                                        ;
+-------+--------------------------------------------------------------------------------------------------------+--------------------------------------------------------------------------------------------------------+--------------------------------------------------+--------------------------------------------------+--------------+------------+------------+
; Slack ; From Node                                                                                              ; To Node                                                                                                ; Launch Clock                                     ; Latch Clock                                      ; Relationship ; Clock Skew ; Data Delay ;
+-------+--------------------------------------------------------------------------------------------------------+--------------------------------------------------------------------------------------------------------+--------------------------------------------------+--------------------------------------------------+--------------+------------+------------+
; 0.637 ; lpm_counter0:SELECTOR_LED|lpm_counter:LPM_COUNTER_component|cntr_o5k:auto_generated|counter_reg_bit[3] ; lpm_counter0:SELECTOR_LED|lpm_counter:LPM_COUNTER_component|cntr_o5k:auto_generated|counter_reg_bit[3] ; inst|altpll_component|auto_generated|pll1|clk[3] ; inst|altpll_component|auto_generated|pll1|clk[3] ; 0.000        ; 0.092      ; 0.915      ;
; 0.641 ; lpm_counter0:SELECTOR_LED|lpm_counter:LPM_COUNTER_component|cntr_o5k:auto_generated|counter_reg_bit[1] ; lpm_counter0:SELECTOR_LED|lpm_counter:LPM_COUNTER_component|cntr_o5k:auto_generated|counter_reg_bit[1] ; inst|altpll_component|auto_generated|pll1|clk[3] ; inst|altpll_component|auto_generated|pll1|clk[3] ; 0.000        ; 0.092      ; 0.919      ;
; 0.641 ; lpm_counter0:SELECTOR_LED|lpm_counter:LPM_COUNTER_component|cntr_o5k:auto_generated|counter_reg_bit[2] ; lpm_counter0:SELECTOR_LED|lpm_counter:LPM_COUNTER_component|cntr_o5k:auto_generated|counter_reg_bit[2] ; inst|altpll_component|auto_generated|pll1|clk[3] ; inst|altpll_component|auto_generated|pll1|clk[3] ; 0.000        ; 0.092      ; 0.919      ;
; 0.641 ; lpm_counter0:SELECTOR_LED|lpm_counter:LPM_COUNTER_component|cntr_o5k:auto_generated|counter_reg_bit[4] ; lpm_counter0:SELECTOR_LED|lpm_counter:LPM_COUNTER_component|cntr_o5k:auto_generated|counter_reg_bit[4] ; inst|altpll_component|auto_generated|pll1|clk[3] ; inst|altpll_component|auto_generated|pll1|clk[3] ; 0.000        ; 0.092      ; 0.919      ;
; 0.661 ; lpm_counter0:SELECTOR_LED|lpm_counter:LPM_COUNTER_component|cntr_o5k:auto_generated|counter_reg_bit[0] ; lpm_counter0:SELECTOR_LED|lpm_counter:LPM_COUNTER_component|cntr_o5k:auto_generated|counter_reg_bit[0] ; inst|altpll_component|auto_generated|pll1|clk[3] ; inst|altpll_component|auto_generated|pll1|clk[3] ; 0.000        ; 0.092      ; 0.939      ;
; 0.956 ; lpm_counter0:SELECTOR_LED|lpm_counter:LPM_COUNTER_component|cntr_o5k:auto_generated|counter_reg_bit[3] ; lpm_counter0:SELECTOR_LED|lpm_counter:LPM_COUNTER_component|cntr_o5k:auto_generated|counter_reg_bit[4] ; inst|altpll_component|auto_generated|pll1|clk[3] ; inst|altpll_component|auto_generated|pll1|clk[3] ; 0.000        ; 0.092      ; 1.234      ;
; 0.960 ; lpm_counter0:SELECTOR_LED|lpm_counter:LPM_COUNTER_component|cntr_o5k:auto_generated|counter_reg_bit[1] ; lpm_counter0:SELECTOR_LED|lpm_counter:LPM_COUNTER_component|cntr_o5k:auto_generated|counter_reg_bit[2] ; inst|altpll_component|auto_generated|pll1|clk[3] ; inst|altpll_component|auto_generated|pll1|clk[3] ; 0.000        ; 0.092      ; 1.238      ;
; 0.972 ; lpm_counter0:SELECTOR_LED|lpm_counter:LPM_COUNTER_component|cntr_o5k:auto_generated|counter_reg_bit[0] ; lpm_counter0:SELECTOR_LED|lpm_counter:LPM_COUNTER_component|cntr_o5k:auto_generated|counter_reg_bit[1] ; inst|altpll_component|auto_generated|pll1|clk[3] ; inst|altpll_component|auto_generated|pll1|clk[3] ; 0.000        ; 0.092      ; 1.250      ;
; 0.972 ; lpm_counter0:SELECTOR_LED|lpm_counter:LPM_COUNTER_component|cntr_o5k:auto_generated|counter_reg_bit[2] ; lpm_counter0:SELECTOR_LED|lpm_counter:LPM_COUNTER_component|cntr_o5k:auto_generated|counter_reg_bit[3] ; inst|altpll_component|auto_generated|pll1|clk[3] ; inst|altpll_component|auto_generated|pll1|clk[3] ; 0.000        ; 0.092      ; 1.250      ;
; 0.976 ; lpm_counter0:SELECTOR_LED|lpm_counter:LPM_COUNTER_component|cntr_o5k:auto_generated|counter_reg_bit[2] ; lpm_counter0:SELECTOR_LED|lpm_counter:LPM_COUNTER_component|cntr_o5k:auto_generated|counter_reg_bit[4] ; inst|altpll_component|auto_generated|pll1|clk[3] ; inst|altpll_component|auto_generated|pll1|clk[3] ; 0.000        ; 0.092      ; 1.254      ;
; 0.976 ; lpm_counter0:SELECTOR_LED|lpm_counter:LPM_COUNTER_component|cntr_o5k:auto_generated|counter_reg_bit[0] ; lpm_counter0:SELECTOR_LED|lpm_counter:LPM_COUNTER_component|cntr_o5k:auto_generated|counter_reg_bit[2] ; inst|altpll_component|auto_generated|pll1|clk[3] ; inst|altpll_component|auto_generated|pll1|clk[3] ; 0.000        ; 0.092      ; 1.254      ;
; 1.084 ; lpm_counter0:SELECTOR_LED|lpm_counter:LPM_COUNTER_component|cntr_o5k:auto_generated|counter_reg_bit[1] ; lpm_counter0:SELECTOR_LED|lpm_counter:LPM_COUNTER_component|cntr_o5k:auto_generated|counter_reg_bit[3] ; inst|altpll_component|auto_generated|pll1|clk[3] ; inst|altpll_component|auto_generated|pll1|clk[3] ; 0.000        ; 0.092      ; 1.362      ;
; 1.088 ; lpm_counter0:SELECTOR_LED|lpm_counter:LPM_COUNTER_component|cntr_o5k:auto_generated|counter_reg_bit[1] ; lpm_counter0:SELECTOR_LED|lpm_counter:LPM_COUNTER_component|cntr_o5k:auto_generated|counter_reg_bit[4] ; inst|altpll_component|auto_generated|pll1|clk[3] ; inst|altpll_component|auto_generated|pll1|clk[3] ; 0.000        ; 0.092      ; 1.366      ;
; 1.100 ; lpm_counter0:SELECTOR_LED|lpm_counter:LPM_COUNTER_component|cntr_o5k:auto_generated|counter_reg_bit[0] ; lpm_counter0:SELECTOR_LED|lpm_counter:LPM_COUNTER_component|cntr_o5k:auto_generated|counter_reg_bit[3] ; inst|altpll_component|auto_generated|pll1|clk[3] ; inst|altpll_component|auto_generated|pll1|clk[3] ; 0.000        ; 0.092      ; 1.378      ;
; 1.104 ; lpm_counter0:SELECTOR_LED|lpm_counter:LPM_COUNTER_component|cntr_o5k:auto_generated|counter_reg_bit[0] ; lpm_counter0:SELECTOR_LED|lpm_counter:LPM_COUNTER_component|cntr_o5k:auto_generated|counter_reg_bit[4] ; inst|altpll_component|auto_generated|pll1|clk[3] ; inst|altpll_component|auto_generated|pll1|clk[3] ; 0.000        ; 0.092      ; 1.382      ;
; 1.612 ; lpm_counter0:SELECTOR_LED|lpm_counter:LPM_COUNTER_component|cntr_o5k:auto_generated|counter_reg_bit[3] ; lpm_counter0:SELECTOR_LED|lpm_counter:LPM_COUNTER_component|cntr_o5k:auto_generated|counter_reg_bit[0] ; inst|altpll_component|auto_generated|pll1|clk[3] ; inst|altpll_component|auto_generated|pll1|clk[3] ; 0.000        ; 0.092      ; 1.890      ;
; 1.612 ; lpm_counter0:SELECTOR_LED|lpm_counter:LPM_COUNTER_component|cntr_o5k:auto_generated|counter_reg_bit[3] ; lpm_counter0:SELECTOR_LED|lpm_counter:LPM_COUNTER_component|cntr_o5k:auto_generated|counter_reg_bit[1] ; inst|altpll_component|auto_generated|pll1|clk[3] ; inst|altpll_component|auto_generated|pll1|clk[3] ; 0.000        ; 0.092      ; 1.890      ;
; 1.612 ; lpm_counter0:SELECTOR_LED|lpm_counter:LPM_COUNTER_component|cntr_o5k:auto_generated|counter_reg_bit[3] ; lpm_counter0:SELECTOR_LED|lpm_counter:LPM_COUNTER_component|cntr_o5k:auto_generated|counter_reg_bit[2] ; inst|altpll_component|auto_generated|pll1|clk[3] ; inst|altpll_component|auto_generated|pll1|clk[3] ; 0.000        ; 0.092      ; 1.890      ;
; 1.734 ; lpm_counter0:SELECTOR_LED|lpm_counter:LPM_COUNTER_component|cntr_o5k:auto_generated|counter_reg_bit[2] ; lpm_counter0:SELECTOR_LED|lpm_counter:LPM_COUNTER_component|cntr_o5k:auto_generated|counter_reg_bit[0] ; inst|altpll_component|auto_generated|pll1|clk[3] ; inst|altpll_component|auto_generated|pll1|clk[3] ; 0.000        ; 0.092      ; 2.012      ;
; 1.734 ; lpm_counter0:SELECTOR_LED|lpm_counter:LPM_COUNTER_component|cntr_o5k:auto_generated|counter_reg_bit[2] ; lpm_counter0:SELECTOR_LED|lpm_counter:LPM_COUNTER_component|cntr_o5k:auto_generated|counter_reg_bit[1] ; inst|altpll_component|auto_generated|pll1|clk[3] ; inst|altpll_component|auto_generated|pll1|clk[3] ; 0.000        ; 0.092      ; 2.012      ;
; 1.844 ; lpm_counter0:SELECTOR_LED|lpm_counter:LPM_COUNTER_component|cntr_o5k:auto_generated|counter_reg_bit[4] ; lpm_counter0:SELECTOR_LED|lpm_counter:LPM_COUNTER_component|cntr_o5k:auto_generated|counter_reg_bit[0] ; inst|altpll_component|auto_generated|pll1|clk[3] ; inst|altpll_component|auto_generated|pll1|clk[3] ; 0.000        ; 0.092      ; 2.122      ;
; 1.844 ; lpm_counter0:SELECTOR_LED|lpm_counter:LPM_COUNTER_component|cntr_o5k:auto_generated|counter_reg_bit[4] ; lpm_counter0:SELECTOR_LED|lpm_counter:LPM_COUNTER_component|cntr_o5k:auto_generated|counter_reg_bit[1] ; inst|altpll_component|auto_generated|pll1|clk[3] ; inst|altpll_component|auto_generated|pll1|clk[3] ; 0.000        ; 0.092      ; 2.122      ;
; 1.844 ; lpm_counter0:SELECTOR_LED|lpm_counter:LPM_COUNTER_component|cntr_o5k:auto_generated|counter_reg_bit[4] ; lpm_counter0:SELECTOR_LED|lpm_counter:LPM_COUNTER_component|cntr_o5k:auto_generated|counter_reg_bit[2] ; inst|altpll_component|auto_generated|pll1|clk[3] ; inst|altpll_component|auto_generated|pll1|clk[3] ; 0.000        ; 0.092      ; 2.122      ;
; 1.844 ; lpm_counter0:SELECTOR_LED|lpm_counter:LPM_COUNTER_component|cntr_o5k:auto_generated|counter_reg_bit[4] ; lpm_counter0:SELECTOR_LED|lpm_counter:LPM_COUNTER_component|cntr_o5k:auto_generated|counter_reg_bit[3] ; inst|altpll_component|auto_generated|pll1|clk[3] ; inst|altpll_component|auto_generated|pll1|clk[3] ; 0.000        ; 0.092      ; 2.122      ;
; 1.942 ; lpm_counter0:SELECTOR_LED|lpm_counter:LPM_COUNTER_component|cntr_o5k:auto_generated|counter_reg_bit[1] ; lpm_counter0:SELECTOR_LED|lpm_counter:LPM_COUNTER_component|cntr_o5k:auto_generated|counter_reg_bit[0] ; inst|altpll_component|auto_generated|pll1|clk[3] ; inst|altpll_component|auto_generated|pll1|clk[3] ; 0.000        ; 0.092      ; 2.220      ;
+-------+--------------------------------------------------------------------------------------------------------+--------------------------------------------------------------------------------------------------------+--------------------------------------------------+--------------------------------------------------+--------------+------------+------------+


+-----------------------------------------------------------------------------------------------------------------------------------------------+
; Slow 1200mV 100C Model Minimum Pulse Width: 'ClkMain'                                                                                         ;
+--------+--------------+----------------+------------------+---------+------------+------------------------------------------------------------+
; Slack  ; Actual Width ; Required Width ; Type             ; Clock   ; Clock Edge ; Target                                                     ;
+--------+--------------+----------------+------------------+---------+------------+------------------------------------------------------------+
; 9.891  ; 9.891        ; 0.000          ; Low Pulse Width  ; ClkMain ; Rise       ; inst|altpll_component|auto_generated|pll1|inclk[0]         ;
; 9.892  ; 9.892        ; 0.000          ; Low Pulse Width  ; ClkMain ; Rise       ; ClkMain~input|o                                            ;
; 9.928  ; 9.928        ; 0.000          ; Low Pulse Width  ; ClkMain ; Rise       ; inst|altpll_component|auto_generated|pll1|clk[1]           ;
; 9.928  ; 9.928        ; 0.000          ; Low Pulse Width  ; ClkMain ; Rise       ; inst|altpll_component|auto_generated|pll1|clk[3]           ;
; 9.928  ; 9.928        ; 0.000          ; Low Pulse Width  ; ClkMain ; Rise       ; inst|altpll_component|auto_generated|pll1|observablevcoout ;
; 10.000 ; 10.000       ; 0.000          ; High Pulse Width ; ClkMain ; Rise       ; ClkMain~input|i                                            ;
; 10.000 ; 10.000       ; 0.000          ; Low Pulse Width  ; ClkMain ; Rise       ; ClkMain~input|i                                            ;
; 10.067 ; 10.067       ; 0.000          ; High Pulse Width ; ClkMain ; Rise       ; inst|altpll_component|auto_generated|pll1|clk[1]           ;
; 10.067 ; 10.067       ; 0.000          ; High Pulse Width ; ClkMain ; Rise       ; inst|altpll_component|auto_generated|pll1|clk[3]           ;
; 10.067 ; 10.067       ; 0.000          ; High Pulse Width ; ClkMain ; Rise       ; inst|altpll_component|auto_generated|pll1|observablevcoout ;
; 10.108 ; 10.108       ; 0.000          ; High Pulse Width ; ClkMain ; Rise       ; ClkMain~input|o                                            ;
; 10.109 ; 10.109       ; 0.000          ; High Pulse Width ; ClkMain ; Rise       ; inst|altpll_component|auto_generated|pll1|inclk[0]         ;
; 16.000 ; 20.000       ; 4.000          ; Port Rate        ; ClkMain ; Rise       ; ClkMain                                                    ;
+--------+--------------+----------------+------------------+---------+------------+------------------------------------------------------------+


+--------------------------------------------------------------------------------------------------------------------------------------------------------------------------------------------------------------------------------------+
; Slow 1200mV 100C Model Minimum Pulse Width: 'inst|altpll_component|auto_generated|pll1|clk[3]'                                                                                                                                       ;
+----------+--------------+----------------+------------------+--------------------------------------------------+------------+--------------------------------------------------------------------------------------------------------+
; Slack    ; Actual Width ; Required Width ; Type             ; Clock                                            ; Clock Edge ; Target                                                                                                 ;
+----------+--------------+----------------+------------------+--------------------------------------------------+------------+--------------------------------------------------------------------------------------------------------+
; 1499.424 ; 1499.644     ; 0.220          ; High Pulse Width ; inst|altpll_component|auto_generated|pll1|clk[3] ; Rise       ; lpm_counter0:SELECTOR_LED|lpm_counter:LPM_COUNTER_component|cntr_o5k:auto_generated|counter_reg_bit[0] ;
; 1499.424 ; 1499.644     ; 0.220          ; High Pulse Width ; inst|altpll_component|auto_generated|pll1|clk[3] ; Rise       ; lpm_counter0:SELECTOR_LED|lpm_counter:LPM_COUNTER_component|cntr_o5k:auto_generated|counter_reg_bit[1] ;
; 1499.424 ; 1499.644     ; 0.220          ; High Pulse Width ; inst|altpll_component|auto_generated|pll1|clk[3] ; Rise       ; lpm_counter0:SELECTOR_LED|lpm_counter:LPM_COUNTER_component|cntr_o5k:auto_generated|counter_reg_bit[2] ;
; 1499.424 ; 1499.644     ; 0.220          ; High Pulse Width ; inst|altpll_component|auto_generated|pll1|clk[3] ; Rise       ; lpm_counter0:SELECTOR_LED|lpm_counter:LPM_COUNTER_component|cntr_o5k:auto_generated|counter_reg_bit[3] ;
; 1499.424 ; 1499.644     ; 0.220          ; High Pulse Width ; inst|altpll_component|auto_generated|pll1|clk[3] ; Rise       ; lpm_counter0:SELECTOR_LED|lpm_counter:LPM_COUNTER_component|cntr_o5k:auto_generated|counter_reg_bit[4] ;
; 1499.678 ; 1499.678     ; 0.000          ; High Pulse Width ; inst|altpll_component|auto_generated|pll1|clk[3] ; Rise       ; SELECTOR_LED|LPM_COUNTER_component|auto_generated|counter_reg_bit[0]|clk                               ;
; 1499.678 ; 1499.678     ; 0.000          ; High Pulse Width ; inst|altpll_component|auto_generated|pll1|clk[3] ; Rise       ; SELECTOR_LED|LPM_COUNTER_component|auto_generated|counter_reg_bit[1]|clk                               ;
; 1499.678 ; 1499.678     ; 0.000          ; High Pulse Width ; inst|altpll_component|auto_generated|pll1|clk[3] ; Rise       ; SELECTOR_LED|LPM_COUNTER_component|auto_generated|counter_reg_bit[2]|clk                               ;
; 1499.678 ; 1499.678     ; 0.000          ; High Pulse Width ; inst|altpll_component|auto_generated|pll1|clk[3] ; Rise       ; SELECTOR_LED|LPM_COUNTER_component|auto_generated|counter_reg_bit[3]|clk                               ;
; 1499.678 ; 1499.678     ; 0.000          ; High Pulse Width ; inst|altpll_component|auto_generated|pll1|clk[3] ; Rise       ; SELECTOR_LED|LPM_COUNTER_component|auto_generated|counter_reg_bit[4]|clk                               ;
; 1499.783 ; 1499.783     ; 0.000          ; High Pulse Width ; inst|altpll_component|auto_generated|pll1|clk[3] ; Rise       ; inst22~clkctrl|inclk[0]                                                                                ;
; 1499.783 ; 1499.783     ; 0.000          ; High Pulse Width ; inst|altpll_component|auto_generated|pll1|clk[3] ; Rise       ; inst22~clkctrl|outclk                                                                                  ;
; 1499.845 ; 1499.845     ; 0.000          ; High Pulse Width ; inst|altpll_component|auto_generated|pll1|clk[3] ; Rise       ; inst22|combout                                                                                         ;
; 1499.873 ; 1499.873     ; 0.000          ; High Pulse Width ; inst|altpll_component|auto_generated|pll1|clk[3] ; Rise       ; inst22|datad                                                                                           ;
; 1499.978 ; 1499.978     ; 0.000          ; High Pulse Width ; inst|altpll_component|auto_generated|pll1|clk[3] ; Rise       ; inst|altpll_component|auto_generated|wire_pll1_clk[3]~clkctrl|inclk[0]                                 ;
; 1499.978 ; 1499.978     ; 0.000          ; High Pulse Width ; inst|altpll_component|auto_generated|pll1|clk[3] ; Rise       ; inst|altpll_component|auto_generated|wire_pll1_clk[3]~clkctrl|outclk                                   ;
; 1500.021 ; 1500.021     ; 0.000          ; Low Pulse Width  ; inst|altpll_component|auto_generated|pll1|clk[3] ; Rise       ; inst|altpll_component|auto_generated|wire_pll1_clk[3]~clkctrl|inclk[0]                                 ;
; 1500.021 ; 1500.021     ; 0.000          ; Low Pulse Width  ; inst|altpll_component|auto_generated|pll1|clk[3] ; Rise       ; inst|altpll_component|auto_generated|wire_pll1_clk[3]~clkctrl|outclk                                   ;
; 1500.123 ; 1500.123     ; 0.000          ; Low Pulse Width  ; inst|altpll_component|auto_generated|pll1|clk[3] ; Rise       ; inst22|datad                                                                                           ;
; 1500.150 ; 1500.150     ; 0.000          ; Low Pulse Width  ; inst|altpll_component|auto_generated|pll1|clk[3] ; Rise       ; inst22|combout                                                                                         ;
; 1500.158 ; 1500.346     ; 0.188          ; Low Pulse Width  ; inst|altpll_component|auto_generated|pll1|clk[3] ; Rise       ; lpm_counter0:SELECTOR_LED|lpm_counter:LPM_COUNTER_component|cntr_o5k:auto_generated|counter_reg_bit[0] ;
; 1500.158 ; 1500.346     ; 0.188          ; Low Pulse Width  ; inst|altpll_component|auto_generated|pll1|clk[3] ; Rise       ; lpm_counter0:SELECTOR_LED|lpm_counter:LPM_COUNTER_component|cntr_o5k:auto_generated|counter_reg_bit[1] ;
; 1500.158 ; 1500.346     ; 0.188          ; Low Pulse Width  ; inst|altpll_component|auto_generated|pll1|clk[3] ; Rise       ; lpm_counter0:SELECTOR_LED|lpm_counter:LPM_COUNTER_component|cntr_o5k:auto_generated|counter_reg_bit[2] ;
; 1500.158 ; 1500.346     ; 0.188          ; Low Pulse Width  ; inst|altpll_component|auto_generated|pll1|clk[3] ; Rise       ; lpm_counter0:SELECTOR_LED|lpm_counter:LPM_COUNTER_component|cntr_o5k:auto_generated|counter_reg_bit[3] ;
; 1500.158 ; 1500.346     ; 0.188          ; Low Pulse Width  ; inst|altpll_component|auto_generated|pll1|clk[3] ; Rise       ; lpm_counter0:SELECTOR_LED|lpm_counter:LPM_COUNTER_component|cntr_o5k:auto_generated|counter_reg_bit[4] ;
; 1500.209 ; 1500.209     ; 0.000          ; Low Pulse Width  ; inst|altpll_component|auto_generated|pll1|clk[3] ; Rise       ; inst22~clkctrl|inclk[0]                                                                                ;
; 1500.209 ; 1500.209     ; 0.000          ; Low Pulse Width  ; inst|altpll_component|auto_generated|pll1|clk[3] ; Rise       ; inst22~clkctrl|outclk                                                                                  ;
; 1500.310 ; 1500.310     ; 0.000          ; Low Pulse Width  ; inst|altpll_component|auto_generated|pll1|clk[3] ; Rise       ; SELECTOR_LED|LPM_COUNTER_component|auto_generated|counter_reg_bit[0]|clk                               ;
; 1500.310 ; 1500.310     ; 0.000          ; Low Pulse Width  ; inst|altpll_component|auto_generated|pll1|clk[3] ; Rise       ; SELECTOR_LED|LPM_COUNTER_component|auto_generated|counter_reg_bit[1]|clk                               ;
; 1500.310 ; 1500.310     ; 0.000          ; Low Pulse Width  ; inst|altpll_component|auto_generated|pll1|clk[3] ; Rise       ; SELECTOR_LED|LPM_COUNTER_component|auto_generated|counter_reg_bit[2]|clk                               ;
; 1500.310 ; 1500.310     ; 0.000          ; Low Pulse Width  ; inst|altpll_component|auto_generated|pll1|clk[3] ; Rise       ; SELECTOR_LED|LPM_COUNTER_component|auto_generated|counter_reg_bit[3]|clk                               ;
; 1500.310 ; 1500.310     ; 0.000          ; Low Pulse Width  ; inst|altpll_component|auto_generated|pll1|clk[3] ; Rise       ; SELECTOR_LED|LPM_COUNTER_component|auto_generated|counter_reg_bit[4]|clk                               ;
; 2997.500 ; 3000.000     ; 2.500          ; Min Period       ; inst|altpll_component|auto_generated|pll1|clk[3] ; Rise       ; lpm_counter0:SELECTOR_LED|lpm_counter:LPM_COUNTER_component|cntr_o5k:auto_generated|counter_reg_bit[0] ;
; 2997.500 ; 3000.000     ; 2.500          ; Min Period       ; inst|altpll_component|auto_generated|pll1|clk[3] ; Rise       ; lpm_counter0:SELECTOR_LED|lpm_counter:LPM_COUNTER_component|cntr_o5k:auto_generated|counter_reg_bit[1] ;
; 2997.500 ; 3000.000     ; 2.500          ; Min Period       ; inst|altpll_component|auto_generated|pll1|clk[3] ; Rise       ; lpm_counter0:SELECTOR_LED|lpm_counter:LPM_COUNTER_component|cntr_o5k:auto_generated|counter_reg_bit[2] ;
; 2997.500 ; 3000.000     ; 2.500          ; Min Period       ; inst|altpll_component|auto_generated|pll1|clk[3] ; Rise       ; lpm_counter0:SELECTOR_LED|lpm_counter:LPM_COUNTER_component|cntr_o5k:auto_generated|counter_reg_bit[3] ;
; 2997.500 ; 3000.000     ; 2.500          ; Min Period       ; inst|altpll_component|auto_generated|pll1|clk[3] ; Rise       ; lpm_counter0:SELECTOR_LED|lpm_counter:LPM_COUNTER_component|cntr_o5k:auto_generated|counter_reg_bit[4] ;
+----------+--------------+----------------+------------------+--------------------------------------------------+------------+--------------------------------------------------------------------------------------------------------+


+-----------------------------------------------------------------------------------------------------------+
; Clock to Output Times                                                                                     ;
+------------+------------+--------+--------+------------+--------------------------------------------------+
; Data Port  ; Clock Port ; Rise   ; Fall   ; Clock Edge ; Clock Reference                                  ;
+------------+------------+--------+--------+------------+--------------------------------------------------+
; SalidaLeds ; ClkMain    ; 3.671  ;        ; Rise       ; inst|altpll_component|auto_generated|pll1|clk[1] ;
; SalidaLeds ; ClkMain    ;        ; 3.415  ; Fall       ; inst|altpll_component|auto_generated|pll1|clk[1] ;
; SalidaLeds ; ClkMain    ; 10.162 ; 10.075 ; Rise       ; inst|altpll_component|auto_generated|pll1|clk[3] ;
+------------+------------+--------+--------+------------+--------------------------------------------------+


+---------------------------------------------------------------------------------------------------------+
; Minimum Clock to Output Times                                                                           ;
+------------+------------+-------+-------+------------+--------------------------------------------------+
; Data Port  ; Clock Port ; Rise  ; Fall  ; Clock Edge ; Clock Reference                                  ;
+------------+------------+-------+-------+------------+--------------------------------------------------+
; SalidaLeds ; ClkMain    ; 3.085 ;       ; Rise       ; inst|altpll_component|auto_generated|pll1|clk[1] ;
; SalidaLeds ; ClkMain    ;       ; 2.837 ; Fall       ; inst|altpll_component|auto_generated|pll1|clk[1] ;
; SalidaLeds ; ClkMain    ; 7.869 ; 7.720 ; Rise       ; inst|altpll_component|auto_generated|pll1|clk[3] ;
+------------+------------+-------+-------+------------+--------------------------------------------------+


-----------------------------------------------
; Slow 1200mV 100C Model Metastability Report ;
-----------------------------------------------
No synchronizer chains to report.


+----------------------------------------------------------------------------------------+
; Slow 1200mV -40C Model Fmax Summary                                                    ;
+------------+-----------------+--------------------------------------------------+------+
; Fmax       ; Restricted Fmax ; Clock Name                                       ; Note ;
+------------+-----------------+--------------------------------------------------+------+
; 321.44 MHz ; 321.44 MHz      ; inst|altpll_component|auto_generated|pll1|clk[3] ;      ;
+------------+-----------------+--------------------------------------------------+------+
This panel reports FMAX for every clock in the design, regardless of the user-specified clock periods.  FMAX is only computed for paths where the source and destination registers or ports are driven by the same clock.  Paths of different clocks, including generated clocks, are ignored.  For paths between a clock and its inversion, FMAX is computed as if the rising and falling edges are scaled along with FMAX, such that the duty cycle (in terms of a percentage) is maintained. Altera recommends that you always use clock constraints and other slack reports for sign-off analysis.


+-----------------------------------------------------------------------------+
; Slow 1200mV -40C Model Setup Summary                                        ;
+--------------------------------------------------+----------+---------------+
; Clock                                            ; Slack    ; End Point TNS ;
+--------------------------------------------------+----------+---------------+
; inst|altpll_component|auto_generated|pll1|clk[3] ; 2996.889 ; 0.000         ;
+--------------------------------------------------+----------+---------------+


+--------------------------------------------------------------------------+
; Slow 1200mV -40C Model Hold Summary                                      ;
+--------------------------------------------------+-------+---------------+
; Clock                                            ; Slack ; End Point TNS ;
+--------------------------------------------------+-------+---------------+
; inst|altpll_component|auto_generated|pll1|clk[3] ; 0.563 ; 0.000         ;
+--------------------------------------------------+-------+---------------+


-------------------------------------------
; Slow 1200mV -40C Model Recovery Summary ;
-------------------------------------------
No paths to report.


------------------------------------------
; Slow 1200mV -40C Model Removal Summary ;
------------------------------------------
No paths to report.


+-----------------------------------------------------------------------------+
; Slow 1200mV -40C Model Minimum Pulse Width Summary                          ;
+--------------------------------------------------+----------+---------------+
; Clock                                            ; Slack    ; End Point TNS ;
+--------------------------------------------------+----------+---------------+
; ClkMain                                          ; 9.908    ; 0.000         ;
; inst|altpll_component|auto_generated|pll1|clk[3] ; 1499.364 ; 0.000         ;
+--------------------------------------------------+----------+---------------+


+---------------------------------------------------------------------------------------------------------------------------------------------------------------------------------------------------------------------------------------------------------------------------------------------------------------------------------------------------------------------------+
; Slow 1200mV -40C Model Setup: 'inst|altpll_component|auto_generated|pll1|clk[3]'                                                                                                                                                                                                                                                                                          ;
+----------+--------------------------------------------------------------------------------------------------------+--------------------------------------------------------------------------------------------------------+--------------------------------------------------+--------------------------------------------------+--------------+------------+------------+
; Slack    ; From Node                                                                                              ; To Node                                                                                                ; Launch Clock                                     ; Latch Clock                                      ; Relationship ; Clock Skew ; Data Delay ;
+----------+--------------------------------------------------------------------------------------------------------+--------------------------------------------------------------------------------------------------------+--------------------------------------------------+--------------------------------------------------+--------------+------------+------------+
; 2996.889 ; lpm_counter0:SELECTOR_LED|lpm_counter:LPM_COUNTER_component|cntr_o5k:auto_generated|counter_reg_bit[0] ; lpm_counter0:SELECTOR_LED|lpm_counter:LPM_COUNTER_component|cntr_o5k:auto_generated|counter_reg_bit[0] ; inst|altpll_component|auto_generated|pll1|clk[3] ; inst|altpll_component|auto_generated|pll1|clk[3] ; 3000.000     ; -0.081     ; 3.020      ;
; 2996.889 ; lpm_counter0:SELECTOR_LED|lpm_counter:LPM_COUNTER_component|cntr_o5k:auto_generated|counter_reg_bit[0] ; lpm_counter0:SELECTOR_LED|lpm_counter:LPM_COUNTER_component|cntr_o5k:auto_generated|counter_reg_bit[1] ; inst|altpll_component|auto_generated|pll1|clk[3] ; inst|altpll_component|auto_generated|pll1|clk[3] ; 3000.000     ; -0.081     ; 3.020      ;
; 2996.889 ; lpm_counter0:SELECTOR_LED|lpm_counter:LPM_COUNTER_component|cntr_o5k:auto_generated|counter_reg_bit[0] ; lpm_counter0:SELECTOR_LED|lpm_counter:LPM_COUNTER_component|cntr_o5k:auto_generated|counter_reg_bit[2] ; inst|altpll_component|auto_generated|pll1|clk[3] ; inst|altpll_component|auto_generated|pll1|clk[3] ; 3000.000     ; -0.081     ; 3.020      ;
; 2996.889 ; lpm_counter0:SELECTOR_LED|lpm_counter:LPM_COUNTER_component|cntr_o5k:auto_generated|counter_reg_bit[0] ; lpm_counter0:SELECTOR_LED|lpm_counter:LPM_COUNTER_component|cntr_o5k:auto_generated|counter_reg_bit[3] ; inst|altpll_component|auto_generated|pll1|clk[3] ; inst|altpll_component|auto_generated|pll1|clk[3] ; 3000.000     ; -0.081     ; 3.020      ;
; 2996.889 ; lpm_counter0:SELECTOR_LED|lpm_counter:LPM_COUNTER_component|cntr_o5k:auto_generated|counter_reg_bit[0] ; lpm_counter0:SELECTOR_LED|lpm_counter:LPM_COUNTER_component|cntr_o5k:auto_generated|counter_reg_bit[4] ; inst|altpll_component|auto_generated|pll1|clk[3] ; inst|altpll_component|auto_generated|pll1|clk[3] ; 3000.000     ; -0.081     ; 3.020      ;
; 2996.945 ; lpm_counter0:SELECTOR_LED|lpm_counter:LPM_COUNTER_component|cntr_o5k:auto_generated|counter_reg_bit[1] ; lpm_counter0:SELECTOR_LED|lpm_counter:LPM_COUNTER_component|cntr_o5k:auto_generated|counter_reg_bit[0] ; inst|altpll_component|auto_generated|pll1|clk[3] ; inst|altpll_component|auto_generated|pll1|clk[3] ; 3000.000     ; -0.081     ; 2.964      ;
; 2996.945 ; lpm_counter0:SELECTOR_LED|lpm_counter:LPM_COUNTER_component|cntr_o5k:auto_generated|counter_reg_bit[1] ; lpm_counter0:SELECTOR_LED|lpm_counter:LPM_COUNTER_component|cntr_o5k:auto_generated|counter_reg_bit[1] ; inst|altpll_component|auto_generated|pll1|clk[3] ; inst|altpll_component|auto_generated|pll1|clk[3] ; 3000.000     ; -0.081     ; 2.964      ;
; 2996.945 ; lpm_counter0:SELECTOR_LED|lpm_counter:LPM_COUNTER_component|cntr_o5k:auto_generated|counter_reg_bit[1] ; lpm_counter0:SELECTOR_LED|lpm_counter:LPM_COUNTER_component|cntr_o5k:auto_generated|counter_reg_bit[2] ; inst|altpll_component|auto_generated|pll1|clk[3] ; inst|altpll_component|auto_generated|pll1|clk[3] ; 3000.000     ; -0.081     ; 2.964      ;
; 2996.945 ; lpm_counter0:SELECTOR_LED|lpm_counter:LPM_COUNTER_component|cntr_o5k:auto_generated|counter_reg_bit[1] ; lpm_counter0:SELECTOR_LED|lpm_counter:LPM_COUNTER_component|cntr_o5k:auto_generated|counter_reg_bit[3] ; inst|altpll_component|auto_generated|pll1|clk[3] ; inst|altpll_component|auto_generated|pll1|clk[3] ; 3000.000     ; -0.081     ; 2.964      ;
; 2996.945 ; lpm_counter0:SELECTOR_LED|lpm_counter:LPM_COUNTER_component|cntr_o5k:auto_generated|counter_reg_bit[1] ; lpm_counter0:SELECTOR_LED|lpm_counter:LPM_COUNTER_component|cntr_o5k:auto_generated|counter_reg_bit[4] ; inst|altpll_component|auto_generated|pll1|clk[3] ; inst|altpll_component|auto_generated|pll1|clk[3] ; 3000.000     ; -0.081     ; 2.964      ;
; 2996.994 ; lpm_counter0:SELECTOR_LED|lpm_counter:LPM_COUNTER_component|cntr_o5k:auto_generated|counter_reg_bit[2] ; lpm_counter0:SELECTOR_LED|lpm_counter:LPM_COUNTER_component|cntr_o5k:auto_generated|counter_reg_bit[0] ; inst|altpll_component|auto_generated|pll1|clk[3] ; inst|altpll_component|auto_generated|pll1|clk[3] ; 3000.000     ; -0.081     ; 2.915      ;
; 2996.994 ; lpm_counter0:SELECTOR_LED|lpm_counter:LPM_COUNTER_component|cntr_o5k:auto_generated|counter_reg_bit[2] ; lpm_counter0:SELECTOR_LED|lpm_counter:LPM_COUNTER_component|cntr_o5k:auto_generated|counter_reg_bit[1] ; inst|altpll_component|auto_generated|pll1|clk[3] ; inst|altpll_component|auto_generated|pll1|clk[3] ; 3000.000     ; -0.081     ; 2.915      ;
; 2996.994 ; lpm_counter0:SELECTOR_LED|lpm_counter:LPM_COUNTER_component|cntr_o5k:auto_generated|counter_reg_bit[2] ; lpm_counter0:SELECTOR_LED|lpm_counter:LPM_COUNTER_component|cntr_o5k:auto_generated|counter_reg_bit[2] ; inst|altpll_component|auto_generated|pll1|clk[3] ; inst|altpll_component|auto_generated|pll1|clk[3] ; 3000.000     ; -0.081     ; 2.915      ;
; 2996.994 ; lpm_counter0:SELECTOR_LED|lpm_counter:LPM_COUNTER_component|cntr_o5k:auto_generated|counter_reg_bit[2] ; lpm_counter0:SELECTOR_LED|lpm_counter:LPM_COUNTER_component|cntr_o5k:auto_generated|counter_reg_bit[3] ; inst|altpll_component|auto_generated|pll1|clk[3] ; inst|altpll_component|auto_generated|pll1|clk[3] ; 3000.000     ; -0.081     ; 2.915      ;
; 2996.994 ; lpm_counter0:SELECTOR_LED|lpm_counter:LPM_COUNTER_component|cntr_o5k:auto_generated|counter_reg_bit[2] ; lpm_counter0:SELECTOR_LED|lpm_counter:LPM_COUNTER_component|cntr_o5k:auto_generated|counter_reg_bit[4] ; inst|altpll_component|auto_generated|pll1|clk[3] ; inst|altpll_component|auto_generated|pll1|clk[3] ; 3000.000     ; -0.081     ; 2.915      ;
; 2997.051 ; lpm_counter0:SELECTOR_LED|lpm_counter:LPM_COUNTER_component|cntr_o5k:auto_generated|counter_reg_bit[3] ; lpm_counter0:SELECTOR_LED|lpm_counter:LPM_COUNTER_component|cntr_o5k:auto_generated|counter_reg_bit[0] ; inst|altpll_component|auto_generated|pll1|clk[3] ; inst|altpll_component|auto_generated|pll1|clk[3] ; 3000.000     ; -0.081     ; 2.858      ;
; 2997.051 ; lpm_counter0:SELECTOR_LED|lpm_counter:LPM_COUNTER_component|cntr_o5k:auto_generated|counter_reg_bit[3] ; lpm_counter0:SELECTOR_LED|lpm_counter:LPM_COUNTER_component|cntr_o5k:auto_generated|counter_reg_bit[1] ; inst|altpll_component|auto_generated|pll1|clk[3] ; inst|altpll_component|auto_generated|pll1|clk[3] ; 3000.000     ; -0.081     ; 2.858      ;
; 2997.051 ; lpm_counter0:SELECTOR_LED|lpm_counter:LPM_COUNTER_component|cntr_o5k:auto_generated|counter_reg_bit[3] ; lpm_counter0:SELECTOR_LED|lpm_counter:LPM_COUNTER_component|cntr_o5k:auto_generated|counter_reg_bit[2] ; inst|altpll_component|auto_generated|pll1|clk[3] ; inst|altpll_component|auto_generated|pll1|clk[3] ; 3000.000     ; -0.081     ; 2.858      ;
; 2997.051 ; lpm_counter0:SELECTOR_LED|lpm_counter:LPM_COUNTER_component|cntr_o5k:auto_generated|counter_reg_bit[3] ; lpm_counter0:SELECTOR_LED|lpm_counter:LPM_COUNTER_component|cntr_o5k:auto_generated|counter_reg_bit[3] ; inst|altpll_component|auto_generated|pll1|clk[3] ; inst|altpll_component|auto_generated|pll1|clk[3] ; 3000.000     ; -0.081     ; 2.858      ;
; 2997.051 ; lpm_counter0:SELECTOR_LED|lpm_counter:LPM_COUNTER_component|cntr_o5k:auto_generated|counter_reg_bit[3] ; lpm_counter0:SELECTOR_LED|lpm_counter:LPM_COUNTER_component|cntr_o5k:auto_generated|counter_reg_bit[4] ; inst|altpll_component|auto_generated|pll1|clk[3] ; inst|altpll_component|auto_generated|pll1|clk[3] ; 3000.000     ; -0.081     ; 2.858      ;
; 2997.103 ; lpm_counter0:SELECTOR_LED|lpm_counter:LPM_COUNTER_component|cntr_o5k:auto_generated|counter_reg_bit[4] ; lpm_counter0:SELECTOR_LED|lpm_counter:LPM_COUNTER_component|cntr_o5k:auto_generated|counter_reg_bit[0] ; inst|altpll_component|auto_generated|pll1|clk[3] ; inst|altpll_component|auto_generated|pll1|clk[3] ; 3000.000     ; -0.081     ; 2.806      ;
; 2997.103 ; lpm_counter0:SELECTOR_LED|lpm_counter:LPM_COUNTER_component|cntr_o5k:auto_generated|counter_reg_bit[4] ; lpm_counter0:SELECTOR_LED|lpm_counter:LPM_COUNTER_component|cntr_o5k:auto_generated|counter_reg_bit[1] ; inst|altpll_component|auto_generated|pll1|clk[3] ; inst|altpll_component|auto_generated|pll1|clk[3] ; 3000.000     ; -0.081     ; 2.806      ;
; 2997.103 ; lpm_counter0:SELECTOR_LED|lpm_counter:LPM_COUNTER_component|cntr_o5k:auto_generated|counter_reg_bit[4] ; lpm_counter0:SELECTOR_LED|lpm_counter:LPM_COUNTER_component|cntr_o5k:auto_generated|counter_reg_bit[2] ; inst|altpll_component|auto_generated|pll1|clk[3] ; inst|altpll_component|auto_generated|pll1|clk[3] ; 3000.000     ; -0.081     ; 2.806      ;
; 2997.103 ; lpm_counter0:SELECTOR_LED|lpm_counter:LPM_COUNTER_component|cntr_o5k:auto_generated|counter_reg_bit[4] ; lpm_counter0:SELECTOR_LED|lpm_counter:LPM_COUNTER_component|cntr_o5k:auto_generated|counter_reg_bit[3] ; inst|altpll_component|auto_generated|pll1|clk[3] ; inst|altpll_component|auto_generated|pll1|clk[3] ; 3000.000     ; -0.081     ; 2.806      ;
; 2997.103 ; lpm_counter0:SELECTOR_LED|lpm_counter:LPM_COUNTER_component|cntr_o5k:auto_generated|counter_reg_bit[4] ; lpm_counter0:SELECTOR_LED|lpm_counter:LPM_COUNTER_component|cntr_o5k:auto_generated|counter_reg_bit[4] ; inst|altpll_component|auto_generated|pll1|clk[3] ; inst|altpll_component|auto_generated|pll1|clk[3] ; 3000.000     ; -0.081     ; 2.806      ;
+----------+--------------------------------------------------------------------------------------------------------+--------------------------------------------------------------------------------------------------------+--------------------------------------------------+--------------------------------------------------+--------------+------------+------------+


+------------------------------------------------------------------------------------------------------------------------------------------------------------------------------------------------------------------------------------------------------------------------------------------------------------------------------------------------------------------------+
; Slow 1200mV -40C Model Hold: 'inst|altpll_component|auto_generated|pll1|clk[3]'                                                                                                                                                                                                                                                                                        ;
+-------+--------------------------------------------------------------------------------------------------------+--------------------------------------------------------------------------------------------------------+--------------------------------------------------+--------------------------------------------------+--------------+------------+------------+
; Slack ; From Node                                                                                              ; To Node                                                                                                ; Launch Clock                                     ; Latch Clock                                      ; Relationship ; Clock Skew ; Data Delay ;
+-------+--------------------------------------------------------------------------------------------------------+--------------------------------------------------------------------------------------------------------+--------------------------------------------------+--------------------------------------------------+--------------+------------+------------+
; 0.563 ; lpm_counter0:SELECTOR_LED|lpm_counter:LPM_COUNTER_component|cntr_o5k:auto_generated|counter_reg_bit[1] ; lpm_counter0:SELECTOR_LED|lpm_counter:LPM_COUNTER_component|cntr_o5k:auto_generated|counter_reg_bit[1] ; inst|altpll_component|auto_generated|pll1|clk[3] ; inst|altpll_component|auto_generated|pll1|clk[3] ; 0.000        ; 0.081      ; 0.812      ;
; 0.565 ; lpm_counter0:SELECTOR_LED|lpm_counter:LPM_COUNTER_component|cntr_o5k:auto_generated|counter_reg_bit[3] ; lpm_counter0:SELECTOR_LED|lpm_counter:LPM_COUNTER_component|cntr_o5k:auto_generated|counter_reg_bit[3] ; inst|altpll_component|auto_generated|pll1|clk[3] ; inst|altpll_component|auto_generated|pll1|clk[3] ; 0.000        ; 0.081      ; 0.814      ;
; 0.568 ; lpm_counter0:SELECTOR_LED|lpm_counter:LPM_COUNTER_component|cntr_o5k:auto_generated|counter_reg_bit[2] ; lpm_counter0:SELECTOR_LED|lpm_counter:LPM_COUNTER_component|cntr_o5k:auto_generated|counter_reg_bit[2] ; inst|altpll_component|auto_generated|pll1|clk[3] ; inst|altpll_component|auto_generated|pll1|clk[3] ; 0.000        ; 0.081      ; 0.817      ;
; 0.568 ; lpm_counter0:SELECTOR_LED|lpm_counter:LPM_COUNTER_component|cntr_o5k:auto_generated|counter_reg_bit[4] ; lpm_counter0:SELECTOR_LED|lpm_counter:LPM_COUNTER_component|cntr_o5k:auto_generated|counter_reg_bit[4] ; inst|altpll_component|auto_generated|pll1|clk[3] ; inst|altpll_component|auto_generated|pll1|clk[3] ; 0.000        ; 0.081      ; 0.817      ;
; 0.578 ; lpm_counter0:SELECTOR_LED|lpm_counter:LPM_COUNTER_component|cntr_o5k:auto_generated|counter_reg_bit[0] ; lpm_counter0:SELECTOR_LED|lpm_counter:LPM_COUNTER_component|cntr_o5k:auto_generated|counter_reg_bit[0] ; inst|altpll_component|auto_generated|pll1|clk[3] ; inst|altpll_component|auto_generated|pll1|clk[3] ; 0.000        ; 0.081      ; 0.827      ;
; 0.838 ; lpm_counter0:SELECTOR_LED|lpm_counter:LPM_COUNTER_component|cntr_o5k:auto_generated|counter_reg_bit[0] ; lpm_counter0:SELECTOR_LED|lpm_counter:LPM_COUNTER_component|cntr_o5k:auto_generated|counter_reg_bit[1] ; inst|altpll_component|auto_generated|pll1|clk[3] ; inst|altpll_component|auto_generated|pll1|clk[3] ; 0.000        ; 0.081      ; 1.087      ;
; 0.840 ; lpm_counter0:SELECTOR_LED|lpm_counter:LPM_COUNTER_component|cntr_o5k:auto_generated|counter_reg_bit[1] ; lpm_counter0:SELECTOR_LED|lpm_counter:LPM_COUNTER_component|cntr_o5k:auto_generated|counter_reg_bit[2] ; inst|altpll_component|auto_generated|pll1|clk[3] ; inst|altpll_component|auto_generated|pll1|clk[3] ; 0.000        ; 0.081      ; 1.089      ;
; 0.843 ; lpm_counter0:SELECTOR_LED|lpm_counter:LPM_COUNTER_component|cntr_o5k:auto_generated|counter_reg_bit[3] ; lpm_counter0:SELECTOR_LED|lpm_counter:LPM_COUNTER_component|cntr_o5k:auto_generated|counter_reg_bit[4] ; inst|altpll_component|auto_generated|pll1|clk[3] ; inst|altpll_component|auto_generated|pll1|clk[3] ; 0.000        ; 0.081      ; 1.092      ;
; 0.844 ; lpm_counter0:SELECTOR_LED|lpm_counter:LPM_COUNTER_component|cntr_o5k:auto_generated|counter_reg_bit[2] ; lpm_counter0:SELECTOR_LED|lpm_counter:LPM_COUNTER_component|cntr_o5k:auto_generated|counter_reg_bit[3] ; inst|altpll_component|auto_generated|pll1|clk[3] ; inst|altpll_component|auto_generated|pll1|clk[3] ; 0.000        ; 0.081      ; 1.093      ;
; 0.852 ; lpm_counter0:SELECTOR_LED|lpm_counter:LPM_COUNTER_component|cntr_o5k:auto_generated|counter_reg_bit[0] ; lpm_counter0:SELECTOR_LED|lpm_counter:LPM_COUNTER_component|cntr_o5k:auto_generated|counter_reg_bit[2] ; inst|altpll_component|auto_generated|pll1|clk[3] ; inst|altpll_component|auto_generated|pll1|clk[3] ; 0.000        ; 0.081      ; 1.101      ;
; 0.858 ; lpm_counter0:SELECTOR_LED|lpm_counter:LPM_COUNTER_component|cntr_o5k:auto_generated|counter_reg_bit[2] ; lpm_counter0:SELECTOR_LED|lpm_counter:LPM_COUNTER_component|cntr_o5k:auto_generated|counter_reg_bit[4] ; inst|altpll_component|auto_generated|pll1|clk[3] ; inst|altpll_component|auto_generated|pll1|clk[3] ; 0.000        ; 0.081      ; 1.107      ;
; 0.928 ; lpm_counter0:SELECTOR_LED|lpm_counter:LPM_COUNTER_component|cntr_o5k:auto_generated|counter_reg_bit[1] ; lpm_counter0:SELECTOR_LED|lpm_counter:LPM_COUNTER_component|cntr_o5k:auto_generated|counter_reg_bit[3] ; inst|altpll_component|auto_generated|pll1|clk[3] ; inst|altpll_component|auto_generated|pll1|clk[3] ; 0.000        ; 0.081      ; 1.177      ;
; 0.942 ; lpm_counter0:SELECTOR_LED|lpm_counter:LPM_COUNTER_component|cntr_o5k:auto_generated|counter_reg_bit[0] ; lpm_counter0:SELECTOR_LED|lpm_counter:LPM_COUNTER_component|cntr_o5k:auto_generated|counter_reg_bit[3] ; inst|altpll_component|auto_generated|pll1|clk[3] ; inst|altpll_component|auto_generated|pll1|clk[3] ; 0.000        ; 0.081      ; 1.191      ;
; 0.944 ; lpm_counter0:SELECTOR_LED|lpm_counter:LPM_COUNTER_component|cntr_o5k:auto_generated|counter_reg_bit[1] ; lpm_counter0:SELECTOR_LED|lpm_counter:LPM_COUNTER_component|cntr_o5k:auto_generated|counter_reg_bit[4] ; inst|altpll_component|auto_generated|pll1|clk[3] ; inst|altpll_component|auto_generated|pll1|clk[3] ; 0.000        ; 0.081      ; 1.193      ;
; 0.956 ; lpm_counter0:SELECTOR_LED|lpm_counter:LPM_COUNTER_component|cntr_o5k:auto_generated|counter_reg_bit[0] ; lpm_counter0:SELECTOR_LED|lpm_counter:LPM_COUNTER_component|cntr_o5k:auto_generated|counter_reg_bit[4] ; inst|altpll_component|auto_generated|pll1|clk[3] ; inst|altpll_component|auto_generated|pll1|clk[3] ; 0.000        ; 0.081      ; 1.205      ;
; 1.404 ; lpm_counter0:SELECTOR_LED|lpm_counter:LPM_COUNTER_component|cntr_o5k:auto_generated|counter_reg_bit[3] ; lpm_counter0:SELECTOR_LED|lpm_counter:LPM_COUNTER_component|cntr_o5k:auto_generated|counter_reg_bit[0] ; inst|altpll_component|auto_generated|pll1|clk[3] ; inst|altpll_component|auto_generated|pll1|clk[3] ; 0.000        ; 0.081      ; 1.653      ;
; 1.404 ; lpm_counter0:SELECTOR_LED|lpm_counter:LPM_COUNTER_component|cntr_o5k:auto_generated|counter_reg_bit[3] ; lpm_counter0:SELECTOR_LED|lpm_counter:LPM_COUNTER_component|cntr_o5k:auto_generated|counter_reg_bit[1] ; inst|altpll_component|auto_generated|pll1|clk[3] ; inst|altpll_component|auto_generated|pll1|clk[3] ; 0.000        ; 0.081      ; 1.653      ;
; 1.404 ; lpm_counter0:SELECTOR_LED|lpm_counter:LPM_COUNTER_component|cntr_o5k:auto_generated|counter_reg_bit[3] ; lpm_counter0:SELECTOR_LED|lpm_counter:LPM_COUNTER_component|cntr_o5k:auto_generated|counter_reg_bit[2] ; inst|altpll_component|auto_generated|pll1|clk[3] ; inst|altpll_component|auto_generated|pll1|clk[3] ; 0.000        ; 0.081      ; 1.653      ;
; 1.517 ; lpm_counter0:SELECTOR_LED|lpm_counter:LPM_COUNTER_component|cntr_o5k:auto_generated|counter_reg_bit[2] ; lpm_counter0:SELECTOR_LED|lpm_counter:LPM_COUNTER_component|cntr_o5k:auto_generated|counter_reg_bit[0] ; inst|altpll_component|auto_generated|pll1|clk[3] ; inst|altpll_component|auto_generated|pll1|clk[3] ; 0.000        ; 0.081      ; 1.766      ;
; 1.517 ; lpm_counter0:SELECTOR_LED|lpm_counter:LPM_COUNTER_component|cntr_o5k:auto_generated|counter_reg_bit[2] ; lpm_counter0:SELECTOR_LED|lpm_counter:LPM_COUNTER_component|cntr_o5k:auto_generated|counter_reg_bit[1] ; inst|altpll_component|auto_generated|pll1|clk[3] ; inst|altpll_component|auto_generated|pll1|clk[3] ; 0.000        ; 0.081      ; 1.766      ;
; 1.647 ; lpm_counter0:SELECTOR_LED|lpm_counter:LPM_COUNTER_component|cntr_o5k:auto_generated|counter_reg_bit[4] ; lpm_counter0:SELECTOR_LED|lpm_counter:LPM_COUNTER_component|cntr_o5k:auto_generated|counter_reg_bit[0] ; inst|altpll_component|auto_generated|pll1|clk[3] ; inst|altpll_component|auto_generated|pll1|clk[3] ; 0.000        ; 0.081      ; 1.896      ;
; 1.647 ; lpm_counter0:SELECTOR_LED|lpm_counter:LPM_COUNTER_component|cntr_o5k:auto_generated|counter_reg_bit[4] ; lpm_counter0:SELECTOR_LED|lpm_counter:LPM_COUNTER_component|cntr_o5k:auto_generated|counter_reg_bit[1] ; inst|altpll_component|auto_generated|pll1|clk[3] ; inst|altpll_component|auto_generated|pll1|clk[3] ; 0.000        ; 0.081      ; 1.896      ;
; 1.647 ; lpm_counter0:SELECTOR_LED|lpm_counter:LPM_COUNTER_component|cntr_o5k:auto_generated|counter_reg_bit[4] ; lpm_counter0:SELECTOR_LED|lpm_counter:LPM_COUNTER_component|cntr_o5k:auto_generated|counter_reg_bit[2] ; inst|altpll_component|auto_generated|pll1|clk[3] ; inst|altpll_component|auto_generated|pll1|clk[3] ; 0.000        ; 0.081      ; 1.896      ;
; 1.647 ; lpm_counter0:SELECTOR_LED|lpm_counter:LPM_COUNTER_component|cntr_o5k:auto_generated|counter_reg_bit[4] ; lpm_counter0:SELECTOR_LED|lpm_counter:LPM_COUNTER_component|cntr_o5k:auto_generated|counter_reg_bit[3] ; inst|altpll_component|auto_generated|pll1|clk[3] ; inst|altpll_component|auto_generated|pll1|clk[3] ; 0.000        ; 0.081      ; 1.896      ;
; 1.691 ; lpm_counter0:SELECTOR_LED|lpm_counter:LPM_COUNTER_component|cntr_o5k:auto_generated|counter_reg_bit[1] ; lpm_counter0:SELECTOR_LED|lpm_counter:LPM_COUNTER_component|cntr_o5k:auto_generated|counter_reg_bit[0] ; inst|altpll_component|auto_generated|pll1|clk[3] ; inst|altpll_component|auto_generated|pll1|clk[3] ; 0.000        ; 0.081      ; 1.940      ;
+-------+--------------------------------------------------------------------------------------------------------+--------------------------------------------------------------------------------------------------------+--------------------------------------------------+--------------------------------------------------+--------------+------------+------------+


+-----------------------------------------------------------------------------------------------------------------------------------------------+
; Slow 1200mV -40C Model Minimum Pulse Width: 'ClkMain'                                                                                         ;
+--------+--------------+----------------+------------------+---------+------------+------------------------------------------------------------+
; Slack  ; Actual Width ; Required Width ; Type             ; Clock   ; Clock Edge ; Target                                                     ;
+--------+--------------+----------------+------------------+---------+------------+------------------------------------------------------------+
; 9.908  ; 9.908        ; 0.000          ; Low Pulse Width  ; ClkMain ; Rise       ; inst|altpll_component|auto_generated|pll1|inclk[0]         ;
; 9.923  ; 9.923        ; 0.000          ; Low Pulse Width  ; ClkMain ; Rise       ; ClkMain~input|o                                            ;
; 9.936  ; 9.936        ; 0.000          ; Low Pulse Width  ; ClkMain ; Rise       ; inst|altpll_component|auto_generated|pll1|clk[1]           ;
; 9.936  ; 9.936        ; 0.000          ; Low Pulse Width  ; ClkMain ; Rise       ; inst|altpll_component|auto_generated|pll1|clk[3]           ;
; 9.936  ; 9.936        ; 0.000          ; Low Pulse Width  ; ClkMain ; Rise       ; inst|altpll_component|auto_generated|pll1|observablevcoout ;
; 10.000 ; 10.000       ; 0.000          ; High Pulse Width ; ClkMain ; Rise       ; ClkMain~input|i                                            ;
; 10.000 ; 10.000       ; 0.000          ; Low Pulse Width  ; ClkMain ; Rise       ; ClkMain~input|i                                            ;
; 10.058 ; 10.058       ; 0.000          ; High Pulse Width ; ClkMain ; Rise       ; inst|altpll_component|auto_generated|pll1|clk[1]           ;
; 10.058 ; 10.058       ; 0.000          ; High Pulse Width ; ClkMain ; Rise       ; inst|altpll_component|auto_generated|pll1|clk[3]           ;
; 10.058 ; 10.058       ; 0.000          ; High Pulse Width ; ClkMain ; Rise       ; inst|altpll_component|auto_generated|pll1|observablevcoout ;
; 10.077 ; 10.077       ; 0.000          ; High Pulse Width ; ClkMain ; Rise       ; ClkMain~input|o                                            ;
; 10.091 ; 10.091       ; 0.000          ; High Pulse Width ; ClkMain ; Rise       ; inst|altpll_component|auto_generated|pll1|inclk[0]         ;
; 16.000 ; 20.000       ; 4.000          ; Port Rate        ; ClkMain ; Rise       ; ClkMain                                                    ;
+--------+--------------+----------------+------------------+---------+------------+------------------------------------------------------------+


+--------------------------------------------------------------------------------------------------------------------------------------------------------------------------------------------------------------------------------------+
; Slow 1200mV -40C Model Minimum Pulse Width: 'inst|altpll_component|auto_generated|pll1|clk[3]'                                                                                                                                       ;
+----------+--------------+----------------+------------------+--------------------------------------------------+------------+--------------------------------------------------------------------------------------------------------+
; Slack    ; Actual Width ; Required Width ; Type             ; Clock                                            ; Clock Edge ; Target                                                                                                 ;
+----------+--------------+----------------+------------------+--------------------------------------------------+------------+--------------------------------------------------------------------------------------------------------+
; 1499.364 ; 1499.582     ; 0.218          ; High Pulse Width ; inst|altpll_component|auto_generated|pll1|clk[3] ; Rise       ; lpm_counter0:SELECTOR_LED|lpm_counter:LPM_COUNTER_component|cntr_o5k:auto_generated|counter_reg_bit[0] ;
; 1499.364 ; 1499.582     ; 0.218          ; High Pulse Width ; inst|altpll_component|auto_generated|pll1|clk[3] ; Rise       ; lpm_counter0:SELECTOR_LED|lpm_counter:LPM_COUNTER_component|cntr_o5k:auto_generated|counter_reg_bit[1] ;
; 1499.364 ; 1499.582     ; 0.218          ; High Pulse Width ; inst|altpll_component|auto_generated|pll1|clk[3] ; Rise       ; lpm_counter0:SELECTOR_LED|lpm_counter:LPM_COUNTER_component|cntr_o5k:auto_generated|counter_reg_bit[2] ;
; 1499.364 ; 1499.582     ; 0.218          ; High Pulse Width ; inst|altpll_component|auto_generated|pll1|clk[3] ; Rise       ; lpm_counter0:SELECTOR_LED|lpm_counter:LPM_COUNTER_component|cntr_o5k:auto_generated|counter_reg_bit[3] ;
; 1499.364 ; 1499.582     ; 0.218          ; High Pulse Width ; inst|altpll_component|auto_generated|pll1|clk[3] ; Rise       ; lpm_counter0:SELECTOR_LED|lpm_counter:LPM_COUNTER_component|cntr_o5k:auto_generated|counter_reg_bit[4] ;
; 1499.624 ; 1499.624     ; 0.000          ; High Pulse Width ; inst|altpll_component|auto_generated|pll1|clk[3] ; Rise       ; SELECTOR_LED|LPM_COUNTER_component|auto_generated|counter_reg_bit[0]|clk                               ;
; 1499.624 ; 1499.624     ; 0.000          ; High Pulse Width ; inst|altpll_component|auto_generated|pll1|clk[3] ; Rise       ; SELECTOR_LED|LPM_COUNTER_component|auto_generated|counter_reg_bit[1]|clk                               ;
; 1499.624 ; 1499.624     ; 0.000          ; High Pulse Width ; inst|altpll_component|auto_generated|pll1|clk[3] ; Rise       ; SELECTOR_LED|LPM_COUNTER_component|auto_generated|counter_reg_bit[2]|clk                               ;
; 1499.624 ; 1499.624     ; 0.000          ; High Pulse Width ; inst|altpll_component|auto_generated|pll1|clk[3] ; Rise       ; SELECTOR_LED|LPM_COUNTER_component|auto_generated|counter_reg_bit[3]|clk                               ;
; 1499.624 ; 1499.624     ; 0.000          ; High Pulse Width ; inst|altpll_component|auto_generated|pll1|clk[3] ; Rise       ; SELECTOR_LED|LPM_COUNTER_component|auto_generated|counter_reg_bit[4]|clk                               ;
; 1499.715 ; 1499.715     ; 0.000          ; High Pulse Width ; inst|altpll_component|auto_generated|pll1|clk[3] ; Rise       ; inst22~clkctrl|inclk[0]                                                                                ;
; 1499.715 ; 1499.715     ; 0.000          ; High Pulse Width ; inst|altpll_component|auto_generated|pll1|clk[3] ; Rise       ; inst22~clkctrl|outclk                                                                                  ;
; 1499.825 ; 1499.825     ; 0.000          ; High Pulse Width ; inst|altpll_component|auto_generated|pll1|clk[3] ; Rise       ; inst22|combout                                                                                         ;
; 1499.862 ; 1499.862     ; 0.000          ; High Pulse Width ; inst|altpll_component|auto_generated|pll1|clk[3] ; Rise       ; inst22|datad                                                                                           ;
; 1499.981 ; 1499.981     ; 0.000          ; High Pulse Width ; inst|altpll_component|auto_generated|pll1|clk[3] ; Rise       ; inst|altpll_component|auto_generated|wire_pll1_clk[3]~clkctrl|inclk[0]                                 ;
; 1499.981 ; 1499.981     ; 0.000          ; High Pulse Width ; inst|altpll_component|auto_generated|pll1|clk[3] ; Rise       ; inst|altpll_component|auto_generated|wire_pll1_clk[3]~clkctrl|outclk                                   ;
; 1500.018 ; 1500.018     ; 0.000          ; Low Pulse Width  ; inst|altpll_component|auto_generated|pll1|clk[3] ; Rise       ; inst|altpll_component|auto_generated|wire_pll1_clk[3]~clkctrl|inclk[0]                                 ;
; 1500.018 ; 1500.018     ; 0.000          ; Low Pulse Width  ; inst|altpll_component|auto_generated|pll1|clk[3] ; Rise       ; inst|altpll_component|auto_generated|wire_pll1_clk[3]~clkctrl|outclk                                   ;
; 1500.132 ; 1500.132     ; 0.000          ; Low Pulse Width  ; inst|altpll_component|auto_generated|pll1|clk[3] ; Rise       ; inst22|datad                                                                                           ;
; 1500.169 ; 1500.169     ; 0.000          ; Low Pulse Width  ; inst|altpll_component|auto_generated|pll1|clk[3] ; Rise       ; inst22|combout                                                                                         ;
; 1500.216 ; 1500.402     ; 0.186          ; Low Pulse Width  ; inst|altpll_component|auto_generated|pll1|clk[3] ; Rise       ; lpm_counter0:SELECTOR_LED|lpm_counter:LPM_COUNTER_component|cntr_o5k:auto_generated|counter_reg_bit[0] ;
; 1500.216 ; 1500.402     ; 0.186          ; Low Pulse Width  ; inst|altpll_component|auto_generated|pll1|clk[3] ; Rise       ; lpm_counter0:SELECTOR_LED|lpm_counter:LPM_COUNTER_component|cntr_o5k:auto_generated|counter_reg_bit[1] ;
; 1500.216 ; 1500.402     ; 0.186          ; Low Pulse Width  ; inst|altpll_component|auto_generated|pll1|clk[3] ; Rise       ; lpm_counter0:SELECTOR_LED|lpm_counter:LPM_COUNTER_component|cntr_o5k:auto_generated|counter_reg_bit[2] ;
; 1500.216 ; 1500.402     ; 0.186          ; Low Pulse Width  ; inst|altpll_component|auto_generated|pll1|clk[3] ; Rise       ; lpm_counter0:SELECTOR_LED|lpm_counter:LPM_COUNTER_component|cntr_o5k:auto_generated|counter_reg_bit[3] ;
; 1500.216 ; 1500.402     ; 0.186          ; Low Pulse Width  ; inst|altpll_component|auto_generated|pll1|clk[3] ; Rise       ; lpm_counter0:SELECTOR_LED|lpm_counter:LPM_COUNTER_component|cntr_o5k:auto_generated|counter_reg_bit[4] ;
; 1500.275 ; 1500.275     ; 0.000          ; Low Pulse Width  ; inst|altpll_component|auto_generated|pll1|clk[3] ; Rise       ; inst22~clkctrl|inclk[0]                                                                                ;
; 1500.275 ; 1500.275     ; 0.000          ; Low Pulse Width  ; inst|altpll_component|auto_generated|pll1|clk[3] ; Rise       ; inst22~clkctrl|outclk                                                                                  ;
; 1500.362 ; 1500.362     ; 0.000          ; Low Pulse Width  ; inst|altpll_component|auto_generated|pll1|clk[3] ; Rise       ; SELECTOR_LED|LPM_COUNTER_component|auto_generated|counter_reg_bit[0]|clk                               ;
; 1500.362 ; 1500.362     ; 0.000          ; Low Pulse Width  ; inst|altpll_component|auto_generated|pll1|clk[3] ; Rise       ; SELECTOR_LED|LPM_COUNTER_component|auto_generated|counter_reg_bit[1]|clk                               ;
; 1500.362 ; 1500.362     ; 0.000          ; Low Pulse Width  ; inst|altpll_component|auto_generated|pll1|clk[3] ; Rise       ; SELECTOR_LED|LPM_COUNTER_component|auto_generated|counter_reg_bit[2]|clk                               ;
; 1500.362 ; 1500.362     ; 0.000          ; Low Pulse Width  ; inst|altpll_component|auto_generated|pll1|clk[3] ; Rise       ; SELECTOR_LED|LPM_COUNTER_component|auto_generated|counter_reg_bit[3]|clk                               ;
; 1500.362 ; 1500.362     ; 0.000          ; Low Pulse Width  ; inst|altpll_component|auto_generated|pll1|clk[3] ; Rise       ; SELECTOR_LED|LPM_COUNTER_component|auto_generated|counter_reg_bit[4]|clk                               ;
; 2997.500 ; 3000.000     ; 2.500          ; Min Period       ; inst|altpll_component|auto_generated|pll1|clk[3] ; Rise       ; lpm_counter0:SELECTOR_LED|lpm_counter:LPM_COUNTER_component|cntr_o5k:auto_generated|counter_reg_bit[0] ;
; 2997.500 ; 3000.000     ; 2.500          ; Min Period       ; inst|altpll_component|auto_generated|pll1|clk[3] ; Rise       ; lpm_counter0:SELECTOR_LED|lpm_counter:LPM_COUNTER_component|cntr_o5k:auto_generated|counter_reg_bit[1] ;
; 2997.500 ; 3000.000     ; 2.500          ; Min Period       ; inst|altpll_component|auto_generated|pll1|clk[3] ; Rise       ; lpm_counter0:SELECTOR_LED|lpm_counter:LPM_COUNTER_component|cntr_o5k:auto_generated|counter_reg_bit[2] ;
; 2997.500 ; 3000.000     ; 2.500          ; Min Period       ; inst|altpll_component|auto_generated|pll1|clk[3] ; Rise       ; lpm_counter0:SELECTOR_LED|lpm_counter:LPM_COUNTER_component|cntr_o5k:auto_generated|counter_reg_bit[3] ;
; 2997.500 ; 3000.000     ; 2.500          ; Min Period       ; inst|altpll_component|auto_generated|pll1|clk[3] ; Rise       ; lpm_counter0:SELECTOR_LED|lpm_counter:LPM_COUNTER_component|cntr_o5k:auto_generated|counter_reg_bit[4] ;
+----------+--------------+----------------+------------------+--------------------------------------------------+------------+--------------------------------------------------------------------------------------------------------+


+---------------------------------------------------------------------------------------------------------+
; Clock to Output Times                                                                                   ;
+------------+------------+-------+-------+------------+--------------------------------------------------+
; Data Port  ; Clock Port ; Rise  ; Fall  ; Clock Edge ; Clock Reference                                  ;
+------------+------------+-------+-------+------------+--------------------------------------------------+
; SalidaLeds ; ClkMain    ; 3.337 ;       ; Rise       ; inst|altpll_component|auto_generated|pll1|clk[1] ;
; SalidaLeds ; ClkMain    ;       ; 3.029 ; Fall       ; inst|altpll_component|auto_generated|pll1|clk[1] ;
; SalidaLeds ; ClkMain    ; 9.004 ; 8.805 ; Rise       ; inst|altpll_component|auto_generated|pll1|clk[3] ;
+------------+------------+-------+-------+------------+--------------------------------------------------+


+---------------------------------------------------------------------------------------------------------+
; Minimum Clock to Output Times                                                                           ;
+------------+------------+-------+-------+------------+--------------------------------------------------+
; Data Port  ; Clock Port ; Rise  ; Fall  ; Clock Edge ; Clock Reference                                  ;
+------------+------------+-------+-------+------------+--------------------------------------------------+
; SalidaLeds ; ClkMain    ; 2.824 ;       ; Rise       ; inst|altpll_component|auto_generated|pll1|clk[1] ;
; SalidaLeds ; ClkMain    ;       ; 2.526 ; Fall       ; inst|altpll_component|auto_generated|pll1|clk[1] ;
; SalidaLeds ; ClkMain    ; 6.991 ; 6.830 ; Rise       ; inst|altpll_component|auto_generated|pll1|clk[3] ;
+------------+------------+-------+-------+------------+--------------------------------------------------+


-----------------------------------------------
; Slow 1200mV -40C Model Metastability Report ;
-----------------------------------------------
No synchronizer chains to report.


+-----------------------------------------------------------------------------+
; Fast 1200mV -40C Model Setup Summary                                        ;
+--------------------------------------------------+----------+---------------+
; Clock                                            ; Slack    ; End Point TNS ;
+--------------------------------------------------+----------+---------------+
; inst|altpll_component|auto_generated|pll1|clk[3] ; 2998.360 ; 0.000         ;
+--------------------------------------------------+----------+---------------+


+--------------------------------------------------------------------------+
; Fast 1200mV -40C Model Hold Summary                                      ;
+--------------------------------------------------+-------+---------------+
; Clock                                            ; Slack ; End Point TNS ;
+--------------------------------------------------+-------+---------------+
; inst|altpll_component|auto_generated|pll1|clk[3] ; 0.270 ; 0.000         ;
+--------------------------------------------------+-------+---------------+


-------------------------------------------
; Fast 1200mV -40C Model Recovery Summary ;
-------------------------------------------
No paths to report.


------------------------------------------
; Fast 1200mV -40C Model Removal Summary ;
------------------------------------------
No paths to report.


+-----------------------------------------------------------------------------+
; Fast 1200mV -40C Model Minimum Pulse Width Summary                          ;
+--------------------------------------------------+----------+---------------+
; Clock                                            ; Slack    ; End Point TNS ;
+--------------------------------------------------+----------+---------------+
; ClkMain                                          ; 9.626    ; 0.000         ;
; inst|altpll_component|auto_generated|pll1|clk[3] ; 1499.732 ; 0.000         ;
+--------------------------------------------------+----------+---------------+


+---------------------------------------------------------------------------------------------------------------------------------------------------------------------------------------------------------------------------------------------------------------------------------------------------------------------------------------------------------------------------+
; Fast 1200mV -40C Model Setup: 'inst|altpll_component|auto_generated|pll1|clk[3]'                                                                                                                                                                                                                                                                                          ;
+----------+--------------------------------------------------------------------------------------------------------+--------------------------------------------------------------------------------------------------------+--------------------------------------------------+--------------------------------------------------+--------------+------------+------------+
; Slack    ; From Node                                                                                              ; To Node                                                                                                ; Launch Clock                                     ; Latch Clock                                      ; Relationship ; Clock Skew ; Data Delay ;
+----------+--------------------------------------------------------------------------------------------------------+--------------------------------------------------------------------------------------------------------+--------------------------------------------------+--------------------------------------------------+--------------+------------+------------+
; 2998.360 ; lpm_counter0:SELECTOR_LED|lpm_counter:LPM_COUNTER_component|cntr_o5k:auto_generated|counter_reg_bit[1] ; lpm_counter0:SELECTOR_LED|lpm_counter:LPM_COUNTER_component|cntr_o5k:auto_generated|counter_reg_bit[0] ; inst|altpll_component|auto_generated|pll1|clk[3] ; inst|altpll_component|auto_generated|pll1|clk[3] ; 3000.000     ; -0.047     ; 1.571      ;
; 2998.360 ; lpm_counter0:SELECTOR_LED|lpm_counter:LPM_COUNTER_component|cntr_o5k:auto_generated|counter_reg_bit[1] ; lpm_counter0:SELECTOR_LED|lpm_counter:LPM_COUNTER_component|cntr_o5k:auto_generated|counter_reg_bit[1] ; inst|altpll_component|auto_generated|pll1|clk[3] ; inst|altpll_component|auto_generated|pll1|clk[3] ; 3000.000     ; -0.047     ; 1.571      ;
; 2998.360 ; lpm_counter0:SELECTOR_LED|lpm_counter:LPM_COUNTER_component|cntr_o5k:auto_generated|counter_reg_bit[1] ; lpm_counter0:SELECTOR_LED|lpm_counter:LPM_COUNTER_component|cntr_o5k:auto_generated|counter_reg_bit[2] ; inst|altpll_component|auto_generated|pll1|clk[3] ; inst|altpll_component|auto_generated|pll1|clk[3] ; 3000.000     ; -0.047     ; 1.571      ;
; 2998.360 ; lpm_counter0:SELECTOR_LED|lpm_counter:LPM_COUNTER_component|cntr_o5k:auto_generated|counter_reg_bit[1] ; lpm_counter0:SELECTOR_LED|lpm_counter:LPM_COUNTER_component|cntr_o5k:auto_generated|counter_reg_bit[3] ; inst|altpll_component|auto_generated|pll1|clk[3] ; inst|altpll_component|auto_generated|pll1|clk[3] ; 3000.000     ; -0.047     ; 1.571      ;
; 2998.360 ; lpm_counter0:SELECTOR_LED|lpm_counter:LPM_COUNTER_component|cntr_o5k:auto_generated|counter_reg_bit[1] ; lpm_counter0:SELECTOR_LED|lpm_counter:LPM_COUNTER_component|cntr_o5k:auto_generated|counter_reg_bit[4] ; inst|altpll_component|auto_generated|pll1|clk[3] ; inst|altpll_component|auto_generated|pll1|clk[3] ; 3000.000     ; -0.047     ; 1.571      ;
; 2998.402 ; lpm_counter0:SELECTOR_LED|lpm_counter:LPM_COUNTER_component|cntr_o5k:auto_generated|counter_reg_bit[0] ; lpm_counter0:SELECTOR_LED|lpm_counter:LPM_COUNTER_component|cntr_o5k:auto_generated|counter_reg_bit[0] ; inst|altpll_component|auto_generated|pll1|clk[3] ; inst|altpll_component|auto_generated|pll1|clk[3] ; 3000.000     ; -0.047     ; 1.529      ;
; 2998.402 ; lpm_counter0:SELECTOR_LED|lpm_counter:LPM_COUNTER_component|cntr_o5k:auto_generated|counter_reg_bit[0] ; lpm_counter0:SELECTOR_LED|lpm_counter:LPM_COUNTER_component|cntr_o5k:auto_generated|counter_reg_bit[1] ; inst|altpll_component|auto_generated|pll1|clk[3] ; inst|altpll_component|auto_generated|pll1|clk[3] ; 3000.000     ; -0.047     ; 1.529      ;
; 2998.402 ; lpm_counter0:SELECTOR_LED|lpm_counter:LPM_COUNTER_component|cntr_o5k:auto_generated|counter_reg_bit[0] ; lpm_counter0:SELECTOR_LED|lpm_counter:LPM_COUNTER_component|cntr_o5k:auto_generated|counter_reg_bit[2] ; inst|altpll_component|auto_generated|pll1|clk[3] ; inst|altpll_component|auto_generated|pll1|clk[3] ; 3000.000     ; -0.047     ; 1.529      ;
; 2998.402 ; lpm_counter0:SELECTOR_LED|lpm_counter:LPM_COUNTER_component|cntr_o5k:auto_generated|counter_reg_bit[0] ; lpm_counter0:SELECTOR_LED|lpm_counter:LPM_COUNTER_component|cntr_o5k:auto_generated|counter_reg_bit[3] ; inst|altpll_component|auto_generated|pll1|clk[3] ; inst|altpll_component|auto_generated|pll1|clk[3] ; 3000.000     ; -0.047     ; 1.529      ;
; 2998.402 ; lpm_counter0:SELECTOR_LED|lpm_counter:LPM_COUNTER_component|cntr_o5k:auto_generated|counter_reg_bit[0] ; lpm_counter0:SELECTOR_LED|lpm_counter:LPM_COUNTER_component|cntr_o5k:auto_generated|counter_reg_bit[4] ; inst|altpll_component|auto_generated|pll1|clk[3] ; inst|altpll_component|auto_generated|pll1|clk[3] ; 3000.000     ; -0.047     ; 1.529      ;
; 2998.423 ; lpm_counter0:SELECTOR_LED|lpm_counter:LPM_COUNTER_component|cntr_o5k:auto_generated|counter_reg_bit[3] ; lpm_counter0:SELECTOR_LED|lpm_counter:LPM_COUNTER_component|cntr_o5k:auto_generated|counter_reg_bit[0] ; inst|altpll_component|auto_generated|pll1|clk[3] ; inst|altpll_component|auto_generated|pll1|clk[3] ; 3000.000     ; -0.047     ; 1.508      ;
; 2998.423 ; lpm_counter0:SELECTOR_LED|lpm_counter:LPM_COUNTER_component|cntr_o5k:auto_generated|counter_reg_bit[3] ; lpm_counter0:SELECTOR_LED|lpm_counter:LPM_COUNTER_component|cntr_o5k:auto_generated|counter_reg_bit[1] ; inst|altpll_component|auto_generated|pll1|clk[3] ; inst|altpll_component|auto_generated|pll1|clk[3] ; 3000.000     ; -0.047     ; 1.508      ;
; 2998.423 ; lpm_counter0:SELECTOR_LED|lpm_counter:LPM_COUNTER_component|cntr_o5k:auto_generated|counter_reg_bit[3] ; lpm_counter0:SELECTOR_LED|lpm_counter:LPM_COUNTER_component|cntr_o5k:auto_generated|counter_reg_bit[2] ; inst|altpll_component|auto_generated|pll1|clk[3] ; inst|altpll_component|auto_generated|pll1|clk[3] ; 3000.000     ; -0.047     ; 1.508      ;
; 2998.423 ; lpm_counter0:SELECTOR_LED|lpm_counter:LPM_COUNTER_component|cntr_o5k:auto_generated|counter_reg_bit[3] ; lpm_counter0:SELECTOR_LED|lpm_counter:LPM_COUNTER_component|cntr_o5k:auto_generated|counter_reg_bit[3] ; inst|altpll_component|auto_generated|pll1|clk[3] ; inst|altpll_component|auto_generated|pll1|clk[3] ; 3000.000     ; -0.047     ; 1.508      ;
; 2998.423 ; lpm_counter0:SELECTOR_LED|lpm_counter:LPM_COUNTER_component|cntr_o5k:auto_generated|counter_reg_bit[3] ; lpm_counter0:SELECTOR_LED|lpm_counter:LPM_COUNTER_component|cntr_o5k:auto_generated|counter_reg_bit[4] ; inst|altpll_component|auto_generated|pll1|clk[3] ; inst|altpll_component|auto_generated|pll1|clk[3] ; 3000.000     ; -0.047     ; 1.508      ;
; 2998.466 ; lpm_counter0:SELECTOR_LED|lpm_counter:LPM_COUNTER_component|cntr_o5k:auto_generated|counter_reg_bit[2] ; lpm_counter0:SELECTOR_LED|lpm_counter:LPM_COUNTER_component|cntr_o5k:auto_generated|counter_reg_bit[0] ; inst|altpll_component|auto_generated|pll1|clk[3] ; inst|altpll_component|auto_generated|pll1|clk[3] ; 3000.000     ; -0.047     ; 1.465      ;
; 2998.466 ; lpm_counter0:SELECTOR_LED|lpm_counter:LPM_COUNTER_component|cntr_o5k:auto_generated|counter_reg_bit[2] ; lpm_counter0:SELECTOR_LED|lpm_counter:LPM_COUNTER_component|cntr_o5k:auto_generated|counter_reg_bit[1] ; inst|altpll_component|auto_generated|pll1|clk[3] ; inst|altpll_component|auto_generated|pll1|clk[3] ; 3000.000     ; -0.047     ; 1.465      ;
; 2998.466 ; lpm_counter0:SELECTOR_LED|lpm_counter:LPM_COUNTER_component|cntr_o5k:auto_generated|counter_reg_bit[2] ; lpm_counter0:SELECTOR_LED|lpm_counter:LPM_COUNTER_component|cntr_o5k:auto_generated|counter_reg_bit[2] ; inst|altpll_component|auto_generated|pll1|clk[3] ; inst|altpll_component|auto_generated|pll1|clk[3] ; 3000.000     ; -0.047     ; 1.465      ;
; 2998.466 ; lpm_counter0:SELECTOR_LED|lpm_counter:LPM_COUNTER_component|cntr_o5k:auto_generated|counter_reg_bit[2] ; lpm_counter0:SELECTOR_LED|lpm_counter:LPM_COUNTER_component|cntr_o5k:auto_generated|counter_reg_bit[3] ; inst|altpll_component|auto_generated|pll1|clk[3] ; inst|altpll_component|auto_generated|pll1|clk[3] ; 3000.000     ; -0.047     ; 1.465      ;
; 2998.466 ; lpm_counter0:SELECTOR_LED|lpm_counter:LPM_COUNTER_component|cntr_o5k:auto_generated|counter_reg_bit[2] ; lpm_counter0:SELECTOR_LED|lpm_counter:LPM_COUNTER_component|cntr_o5k:auto_generated|counter_reg_bit[4] ; inst|altpll_component|auto_generated|pll1|clk[3] ; inst|altpll_component|auto_generated|pll1|clk[3] ; 3000.000     ; -0.047     ; 1.465      ;
; 2998.530 ; lpm_counter0:SELECTOR_LED|lpm_counter:LPM_COUNTER_component|cntr_o5k:auto_generated|counter_reg_bit[4] ; lpm_counter0:SELECTOR_LED|lpm_counter:LPM_COUNTER_component|cntr_o5k:auto_generated|counter_reg_bit[0] ; inst|altpll_component|auto_generated|pll1|clk[3] ; inst|altpll_component|auto_generated|pll1|clk[3] ; 3000.000     ; -0.047     ; 1.401      ;
; 2998.530 ; lpm_counter0:SELECTOR_LED|lpm_counter:LPM_COUNTER_component|cntr_o5k:auto_generated|counter_reg_bit[4] ; lpm_counter0:SELECTOR_LED|lpm_counter:LPM_COUNTER_component|cntr_o5k:auto_generated|counter_reg_bit[1] ; inst|altpll_component|auto_generated|pll1|clk[3] ; inst|altpll_component|auto_generated|pll1|clk[3] ; 3000.000     ; -0.047     ; 1.401      ;
; 2998.530 ; lpm_counter0:SELECTOR_LED|lpm_counter:LPM_COUNTER_component|cntr_o5k:auto_generated|counter_reg_bit[4] ; lpm_counter0:SELECTOR_LED|lpm_counter:LPM_COUNTER_component|cntr_o5k:auto_generated|counter_reg_bit[2] ; inst|altpll_component|auto_generated|pll1|clk[3] ; inst|altpll_component|auto_generated|pll1|clk[3] ; 3000.000     ; -0.047     ; 1.401      ;
; 2998.530 ; lpm_counter0:SELECTOR_LED|lpm_counter:LPM_COUNTER_component|cntr_o5k:auto_generated|counter_reg_bit[4] ; lpm_counter0:SELECTOR_LED|lpm_counter:LPM_COUNTER_component|cntr_o5k:auto_generated|counter_reg_bit[3] ; inst|altpll_component|auto_generated|pll1|clk[3] ; inst|altpll_component|auto_generated|pll1|clk[3] ; 3000.000     ; -0.047     ; 1.401      ;
; 2998.530 ; lpm_counter0:SELECTOR_LED|lpm_counter:LPM_COUNTER_component|cntr_o5k:auto_generated|counter_reg_bit[4] ; lpm_counter0:SELECTOR_LED|lpm_counter:LPM_COUNTER_component|cntr_o5k:auto_generated|counter_reg_bit[4] ; inst|altpll_component|auto_generated|pll1|clk[3] ; inst|altpll_component|auto_generated|pll1|clk[3] ; 3000.000     ; -0.047     ; 1.401      ;
+----------+--------------------------------------------------------------------------------------------------------+--------------------------------------------------------------------------------------------------------+--------------------------------------------------+--------------------------------------------------+--------------+------------+------------+


+------------------------------------------------------------------------------------------------------------------------------------------------------------------------------------------------------------------------------------------------------------------------------------------------------------------------------------------------------------------------+
; Fast 1200mV -40C Model Hold: 'inst|altpll_component|auto_generated|pll1|clk[3]'                                                                                                                                                                                                                                                                                        ;
+-------+--------------------------------------------------------------------------------------------------------+--------------------------------------------------------------------------------------------------------+--------------------------------------------------+--------------------------------------------------+--------------+------------+------------+
; Slack ; From Node                                                                                              ; To Node                                                                                                ; Launch Clock                                     ; Latch Clock                                      ; Relationship ; Clock Skew ; Data Delay ;
+-------+--------------------------------------------------------------------------------------------------------+--------------------------------------------------------------------------------------------------------+--------------------------------------------------+--------------------------------------------------+--------------+------------+------------+
; 0.270 ; lpm_counter0:SELECTOR_LED|lpm_counter:LPM_COUNTER_component|cntr_o5k:auto_generated|counter_reg_bit[3] ; lpm_counter0:SELECTOR_LED|lpm_counter:LPM_COUNTER_component|cntr_o5k:auto_generated|counter_reg_bit[3] ; inst|altpll_component|auto_generated|pll1|clk[3] ; inst|altpll_component|auto_generated|pll1|clk[3] ; 0.000        ; 0.047      ; 0.399      ;
; 0.272 ; lpm_counter0:SELECTOR_LED|lpm_counter:LPM_COUNTER_component|cntr_o5k:auto_generated|counter_reg_bit[2] ; lpm_counter0:SELECTOR_LED|lpm_counter:LPM_COUNTER_component|cntr_o5k:auto_generated|counter_reg_bit[2] ; inst|altpll_component|auto_generated|pll1|clk[3] ; inst|altpll_component|auto_generated|pll1|clk[3] ; 0.000        ; 0.047      ; 0.401      ;
; 0.272 ; lpm_counter0:SELECTOR_LED|lpm_counter:LPM_COUNTER_component|cntr_o5k:auto_generated|counter_reg_bit[4] ; lpm_counter0:SELECTOR_LED|lpm_counter:LPM_COUNTER_component|cntr_o5k:auto_generated|counter_reg_bit[4] ; inst|altpll_component|auto_generated|pll1|clk[3] ; inst|altpll_component|auto_generated|pll1|clk[3] ; 0.000        ; 0.047      ; 0.401      ;
; 0.273 ; lpm_counter0:SELECTOR_LED|lpm_counter:LPM_COUNTER_component|cntr_o5k:auto_generated|counter_reg_bit[1] ; lpm_counter0:SELECTOR_LED|lpm_counter:LPM_COUNTER_component|cntr_o5k:auto_generated|counter_reg_bit[1] ; inst|altpll_component|auto_generated|pll1|clk[3] ; inst|altpll_component|auto_generated|pll1|clk[3] ; 0.000        ; 0.047      ; 0.402      ;
; 0.282 ; lpm_counter0:SELECTOR_LED|lpm_counter:LPM_COUNTER_component|cntr_o5k:auto_generated|counter_reg_bit[0] ; lpm_counter0:SELECTOR_LED|lpm_counter:LPM_COUNTER_component|cntr_o5k:auto_generated|counter_reg_bit[0] ; inst|altpll_component|auto_generated|pll1|clk[3] ; inst|altpll_component|auto_generated|pll1|clk[3] ; 0.000        ; 0.047      ; 0.411      ;
; 0.414 ; lpm_counter0:SELECTOR_LED|lpm_counter:LPM_COUNTER_component|cntr_o5k:auto_generated|counter_reg_bit[3] ; lpm_counter0:SELECTOR_LED|lpm_counter:LPM_COUNTER_component|cntr_o5k:auto_generated|counter_reg_bit[4] ; inst|altpll_component|auto_generated|pll1|clk[3] ; inst|altpll_component|auto_generated|pll1|clk[3] ; 0.000        ; 0.047      ; 0.543      ;
; 0.417 ; lpm_counter0:SELECTOR_LED|lpm_counter:LPM_COUNTER_component|cntr_o5k:auto_generated|counter_reg_bit[1] ; lpm_counter0:SELECTOR_LED|lpm_counter:LPM_COUNTER_component|cntr_o5k:auto_generated|counter_reg_bit[2] ; inst|altpll_component|auto_generated|pll1|clk[3] ; inst|altpll_component|auto_generated|pll1|clk[3] ; 0.000        ; 0.047      ; 0.546      ;
; 0.425 ; lpm_counter0:SELECTOR_LED|lpm_counter:LPM_COUNTER_component|cntr_o5k:auto_generated|counter_reg_bit[2] ; lpm_counter0:SELECTOR_LED|lpm_counter:LPM_COUNTER_component|cntr_o5k:auto_generated|counter_reg_bit[3] ; inst|altpll_component|auto_generated|pll1|clk[3] ; inst|altpll_component|auto_generated|pll1|clk[3] ; 0.000        ; 0.047      ; 0.554      ;
; 0.426 ; lpm_counter0:SELECTOR_LED|lpm_counter:LPM_COUNTER_component|cntr_o5k:auto_generated|counter_reg_bit[0] ; lpm_counter0:SELECTOR_LED|lpm_counter:LPM_COUNTER_component|cntr_o5k:auto_generated|counter_reg_bit[1] ; inst|altpll_component|auto_generated|pll1|clk[3] ; inst|altpll_component|auto_generated|pll1|clk[3] ; 0.000        ; 0.047      ; 0.555      ;
; 0.427 ; lpm_counter0:SELECTOR_LED|lpm_counter:LPM_COUNTER_component|cntr_o5k:auto_generated|counter_reg_bit[2] ; lpm_counter0:SELECTOR_LED|lpm_counter:LPM_COUNTER_component|cntr_o5k:auto_generated|counter_reg_bit[4] ; inst|altpll_component|auto_generated|pll1|clk[3] ; inst|altpll_component|auto_generated|pll1|clk[3] ; 0.000        ; 0.047      ; 0.556      ;
; 0.428 ; lpm_counter0:SELECTOR_LED|lpm_counter:LPM_COUNTER_component|cntr_o5k:auto_generated|counter_reg_bit[0] ; lpm_counter0:SELECTOR_LED|lpm_counter:LPM_COUNTER_component|cntr_o5k:auto_generated|counter_reg_bit[2] ; inst|altpll_component|auto_generated|pll1|clk[3] ; inst|altpll_component|auto_generated|pll1|clk[3] ; 0.000        ; 0.047      ; 0.557      ;
; 0.475 ; lpm_counter0:SELECTOR_LED|lpm_counter:LPM_COUNTER_component|cntr_o5k:auto_generated|counter_reg_bit[1] ; lpm_counter0:SELECTOR_LED|lpm_counter:LPM_COUNTER_component|cntr_o5k:auto_generated|counter_reg_bit[3] ; inst|altpll_component|auto_generated|pll1|clk[3] ; inst|altpll_component|auto_generated|pll1|clk[3] ; 0.000        ; 0.047      ; 0.604      ;
; 0.477 ; lpm_counter0:SELECTOR_LED|lpm_counter:LPM_COUNTER_component|cntr_o5k:auto_generated|counter_reg_bit[1] ; lpm_counter0:SELECTOR_LED|lpm_counter:LPM_COUNTER_component|cntr_o5k:auto_generated|counter_reg_bit[4] ; inst|altpll_component|auto_generated|pll1|clk[3] ; inst|altpll_component|auto_generated|pll1|clk[3] ; 0.000        ; 0.047      ; 0.606      ;
; 0.486 ; lpm_counter0:SELECTOR_LED|lpm_counter:LPM_COUNTER_component|cntr_o5k:auto_generated|counter_reg_bit[0] ; lpm_counter0:SELECTOR_LED|lpm_counter:LPM_COUNTER_component|cntr_o5k:auto_generated|counter_reg_bit[3] ; inst|altpll_component|auto_generated|pll1|clk[3] ; inst|altpll_component|auto_generated|pll1|clk[3] ; 0.000        ; 0.047      ; 0.615      ;
; 0.488 ; lpm_counter0:SELECTOR_LED|lpm_counter:LPM_COUNTER_component|cntr_o5k:auto_generated|counter_reg_bit[0] ; lpm_counter0:SELECTOR_LED|lpm_counter:LPM_COUNTER_component|cntr_o5k:auto_generated|counter_reg_bit[4] ; inst|altpll_component|auto_generated|pll1|clk[3] ; inst|altpll_component|auto_generated|pll1|clk[3] ; 0.000        ; 0.047      ; 0.617      ;
; 0.713 ; lpm_counter0:SELECTOR_LED|lpm_counter:LPM_COUNTER_component|cntr_o5k:auto_generated|counter_reg_bit[3] ; lpm_counter0:SELECTOR_LED|lpm_counter:LPM_COUNTER_component|cntr_o5k:auto_generated|counter_reg_bit[0] ; inst|altpll_component|auto_generated|pll1|clk[3] ; inst|altpll_component|auto_generated|pll1|clk[3] ; 0.000        ; 0.047      ; 0.842      ;
; 0.713 ; lpm_counter0:SELECTOR_LED|lpm_counter:LPM_COUNTER_component|cntr_o5k:auto_generated|counter_reg_bit[3] ; lpm_counter0:SELECTOR_LED|lpm_counter:LPM_COUNTER_component|cntr_o5k:auto_generated|counter_reg_bit[1] ; inst|altpll_component|auto_generated|pll1|clk[3] ; inst|altpll_component|auto_generated|pll1|clk[3] ; 0.000        ; 0.047      ; 0.842      ;
; 0.713 ; lpm_counter0:SELECTOR_LED|lpm_counter:LPM_COUNTER_component|cntr_o5k:auto_generated|counter_reg_bit[3] ; lpm_counter0:SELECTOR_LED|lpm_counter:LPM_COUNTER_component|cntr_o5k:auto_generated|counter_reg_bit[2] ; inst|altpll_component|auto_generated|pll1|clk[3] ; inst|altpll_component|auto_generated|pll1|clk[3] ; 0.000        ; 0.047      ; 0.842      ;
; 0.760 ; lpm_counter0:SELECTOR_LED|lpm_counter:LPM_COUNTER_component|cntr_o5k:auto_generated|counter_reg_bit[2] ; lpm_counter0:SELECTOR_LED|lpm_counter:LPM_COUNTER_component|cntr_o5k:auto_generated|counter_reg_bit[0] ; inst|altpll_component|auto_generated|pll1|clk[3] ; inst|altpll_component|auto_generated|pll1|clk[3] ; 0.000        ; 0.047      ; 0.889      ;
; 0.760 ; lpm_counter0:SELECTOR_LED|lpm_counter:LPM_COUNTER_component|cntr_o5k:auto_generated|counter_reg_bit[2] ; lpm_counter0:SELECTOR_LED|lpm_counter:LPM_COUNTER_component|cntr_o5k:auto_generated|counter_reg_bit[1] ; inst|altpll_component|auto_generated|pll1|clk[3] ; inst|altpll_component|auto_generated|pll1|clk[3] ; 0.000        ; 0.047      ; 0.889      ;
; 0.806 ; lpm_counter0:SELECTOR_LED|lpm_counter:LPM_COUNTER_component|cntr_o5k:auto_generated|counter_reg_bit[4] ; lpm_counter0:SELECTOR_LED|lpm_counter:LPM_COUNTER_component|cntr_o5k:auto_generated|counter_reg_bit[0] ; inst|altpll_component|auto_generated|pll1|clk[3] ; inst|altpll_component|auto_generated|pll1|clk[3] ; 0.000        ; 0.047      ; 0.935      ;
; 0.806 ; lpm_counter0:SELECTOR_LED|lpm_counter:LPM_COUNTER_component|cntr_o5k:auto_generated|counter_reg_bit[4] ; lpm_counter0:SELECTOR_LED|lpm_counter:LPM_COUNTER_component|cntr_o5k:auto_generated|counter_reg_bit[1] ; inst|altpll_component|auto_generated|pll1|clk[3] ; inst|altpll_component|auto_generated|pll1|clk[3] ; 0.000        ; 0.047      ; 0.935      ;
; 0.806 ; lpm_counter0:SELECTOR_LED|lpm_counter:LPM_COUNTER_component|cntr_o5k:auto_generated|counter_reg_bit[4] ; lpm_counter0:SELECTOR_LED|lpm_counter:LPM_COUNTER_component|cntr_o5k:auto_generated|counter_reg_bit[2] ; inst|altpll_component|auto_generated|pll1|clk[3] ; inst|altpll_component|auto_generated|pll1|clk[3] ; 0.000        ; 0.047      ; 0.935      ;
; 0.806 ; lpm_counter0:SELECTOR_LED|lpm_counter:LPM_COUNTER_component|cntr_o5k:auto_generated|counter_reg_bit[4] ; lpm_counter0:SELECTOR_LED|lpm_counter:LPM_COUNTER_component|cntr_o5k:auto_generated|counter_reg_bit[3] ; inst|altpll_component|auto_generated|pll1|clk[3] ; inst|altpll_component|auto_generated|pll1|clk[3] ; 0.000        ; 0.047      ; 0.935      ;
; 0.866 ; lpm_counter0:SELECTOR_LED|lpm_counter:LPM_COUNTER_component|cntr_o5k:auto_generated|counter_reg_bit[1] ; lpm_counter0:SELECTOR_LED|lpm_counter:LPM_COUNTER_component|cntr_o5k:auto_generated|counter_reg_bit[0] ; inst|altpll_component|auto_generated|pll1|clk[3] ; inst|altpll_component|auto_generated|pll1|clk[3] ; 0.000        ; 0.047      ; 0.995      ;
+-------+--------------------------------------------------------------------------------------------------------+--------------------------------------------------------------------------------------------------------+--------------------------------------------------+--------------------------------------------------+--------------+------------+------------+


+-----------------------------------------------------------------------------------------------------------------------------------------------+
; Fast 1200mV -40C Model Minimum Pulse Width: 'ClkMain'                                                                                         ;
+--------+--------------+----------------+------------------+---------+------------+------------------------------------------------------------+
; Slack  ; Actual Width ; Required Width ; Type             ; Clock   ; Clock Edge ; Target                                                     ;
+--------+--------------+----------------+------------------+---------+------------+------------------------------------------------------------+
; 9.626  ; 9.626        ; 0.000          ; Low Pulse Width  ; ClkMain ; Rise       ; inst|altpll_component|auto_generated|pll1|inclk[0]         ;
; 9.627  ; 9.627        ; 0.000          ; Low Pulse Width  ; ClkMain ; Rise       ; ClkMain~input|o                                            ;
; 9.640  ; 9.640        ; 0.000          ; Low Pulse Width  ; ClkMain ; Rise       ; inst|altpll_component|auto_generated|pll1|clk[1]           ;
; 9.640  ; 9.640        ; 0.000          ; Low Pulse Width  ; ClkMain ; Rise       ; inst|altpll_component|auto_generated|pll1|clk[3]           ;
; 9.640  ; 9.640        ; 0.000          ; Low Pulse Width  ; ClkMain ; Rise       ; inst|altpll_component|auto_generated|pll1|observablevcoout ;
; 10.000 ; 10.000       ; 0.000          ; High Pulse Width ; ClkMain ; Rise       ; ClkMain~input|i                                            ;
; 10.000 ; 10.000       ; 0.000          ; Low Pulse Width  ; ClkMain ; Rise       ; ClkMain~input|i                                            ;
; 10.358 ; 10.358       ; 0.000          ; High Pulse Width ; ClkMain ; Rise       ; inst|altpll_component|auto_generated|pll1|clk[1]           ;
; 10.358 ; 10.358       ; 0.000          ; High Pulse Width ; ClkMain ; Rise       ; inst|altpll_component|auto_generated|pll1|clk[3]           ;
; 10.358 ; 10.358       ; 0.000          ; High Pulse Width ; ClkMain ; Rise       ; inst|altpll_component|auto_generated|pll1|observablevcoout ;
; 10.373 ; 10.373       ; 0.000          ; High Pulse Width ; ClkMain ; Rise       ; ClkMain~input|o                                            ;
; 10.374 ; 10.374       ; 0.000          ; High Pulse Width ; ClkMain ; Rise       ; inst|altpll_component|auto_generated|pll1|inclk[0]         ;
; 16.000 ; 20.000       ; 4.000          ; Port Rate        ; ClkMain ; Rise       ; ClkMain                                                    ;
+--------+--------------+----------------+------------------+---------+------------+------------------------------------------------------------+


+--------------------------------------------------------------------------------------------------------------------------------------------------------------------------------------------------------------------------------------+
; Fast 1200mV -40C Model Minimum Pulse Width: 'inst|altpll_component|auto_generated|pll1|clk[3]'                                                                                                                                       ;
+----------+--------------+----------------+------------------+--------------------------------------------------+------------+--------------------------------------------------------------------------------------------------------+
; Slack    ; Actual Width ; Required Width ; Type             ; Clock                                            ; Clock Edge ; Target                                                                                                 ;
+----------+--------------+----------------+------------------+--------------------------------------------------+------------+--------------------------------------------------------------------------------------------------------+
; 1499.732 ; 1499.948     ; 0.216          ; High Pulse Width ; inst|altpll_component|auto_generated|pll1|clk[3] ; Rise       ; lpm_counter0:SELECTOR_LED|lpm_counter:LPM_COUNTER_component|cntr_o5k:auto_generated|counter_reg_bit[0] ;
; 1499.732 ; 1499.948     ; 0.216          ; High Pulse Width ; inst|altpll_component|auto_generated|pll1|clk[3] ; Rise       ; lpm_counter0:SELECTOR_LED|lpm_counter:LPM_COUNTER_component|cntr_o5k:auto_generated|counter_reg_bit[1] ;
; 1499.732 ; 1499.948     ; 0.216          ; High Pulse Width ; inst|altpll_component|auto_generated|pll1|clk[3] ; Rise       ; lpm_counter0:SELECTOR_LED|lpm_counter:LPM_COUNTER_component|cntr_o5k:auto_generated|counter_reg_bit[2] ;
; 1499.732 ; 1499.948     ; 0.216          ; High Pulse Width ; inst|altpll_component|auto_generated|pll1|clk[3] ; Rise       ; lpm_counter0:SELECTOR_LED|lpm_counter:LPM_COUNTER_component|cntr_o5k:auto_generated|counter_reg_bit[3] ;
; 1499.732 ; 1499.948     ; 0.216          ; High Pulse Width ; inst|altpll_component|auto_generated|pll1|clk[3] ; Rise       ; lpm_counter0:SELECTOR_LED|lpm_counter:LPM_COUNTER_component|cntr_o5k:auto_generated|counter_reg_bit[4] ;
; 1499.867 ; 1500.051     ; 0.184          ; Low Pulse Width  ; inst|altpll_component|auto_generated|pll1|clk[3] ; Rise       ; lpm_counter0:SELECTOR_LED|lpm_counter:LPM_COUNTER_component|cntr_o5k:auto_generated|counter_reg_bit[0] ;
; 1499.867 ; 1500.051     ; 0.184          ; Low Pulse Width  ; inst|altpll_component|auto_generated|pll1|clk[3] ; Rise       ; lpm_counter0:SELECTOR_LED|lpm_counter:LPM_COUNTER_component|cntr_o5k:auto_generated|counter_reg_bit[1] ;
; 1499.867 ; 1500.051     ; 0.184          ; Low Pulse Width  ; inst|altpll_component|auto_generated|pll1|clk[3] ; Rise       ; lpm_counter0:SELECTOR_LED|lpm_counter:LPM_COUNTER_component|cntr_o5k:auto_generated|counter_reg_bit[2] ;
; 1499.867 ; 1500.051     ; 0.184          ; Low Pulse Width  ; inst|altpll_component|auto_generated|pll1|clk[3] ; Rise       ; lpm_counter0:SELECTOR_LED|lpm_counter:LPM_COUNTER_component|cntr_o5k:auto_generated|counter_reg_bit[3] ;
; 1499.867 ; 1500.051     ; 0.184          ; Low Pulse Width  ; inst|altpll_component|auto_generated|pll1|clk[3] ; Rise       ; lpm_counter0:SELECTOR_LED|lpm_counter:LPM_COUNTER_component|cntr_o5k:auto_generated|counter_reg_bit[4] ;
; 1499.950 ; 1499.950     ; 0.000          ; High Pulse Width ; inst|altpll_component|auto_generated|pll1|clk[3] ; Rise       ; SELECTOR_LED|LPM_COUNTER_component|auto_generated|counter_reg_bit[0]|clk                               ;
; 1499.950 ; 1499.950     ; 0.000          ; High Pulse Width ; inst|altpll_component|auto_generated|pll1|clk[3] ; Rise       ; SELECTOR_LED|LPM_COUNTER_component|auto_generated|counter_reg_bit[1]|clk                               ;
; 1499.950 ; 1499.950     ; 0.000          ; High Pulse Width ; inst|altpll_component|auto_generated|pll1|clk[3] ; Rise       ; SELECTOR_LED|LPM_COUNTER_component|auto_generated|counter_reg_bit[2]|clk                               ;
; 1499.950 ; 1499.950     ; 0.000          ; High Pulse Width ; inst|altpll_component|auto_generated|pll1|clk[3] ; Rise       ; SELECTOR_LED|LPM_COUNTER_component|auto_generated|counter_reg_bit[3]|clk                               ;
; 1499.950 ; 1499.950     ; 0.000          ; High Pulse Width ; inst|altpll_component|auto_generated|pll1|clk[3] ; Rise       ; SELECTOR_LED|LPM_COUNTER_component|auto_generated|counter_reg_bit[4]|clk                               ;
; 1499.962 ; 1499.962     ; 0.000          ; High Pulse Width ; inst|altpll_component|auto_generated|pll1|clk[3] ; Rise       ; inst22|combout                                                                                         ;
; 1499.967 ; 1499.967     ; 0.000          ; High Pulse Width ; inst|altpll_component|auto_generated|pll1|clk[3] ; Rise       ; inst22|datad                                                                                           ;
; 1499.982 ; 1499.982     ; 0.000          ; High Pulse Width ; inst|altpll_component|auto_generated|pll1|clk[3] ; Rise       ; inst22~clkctrl|inclk[0]                                                                                ;
; 1499.982 ; 1499.982     ; 0.000          ; High Pulse Width ; inst|altpll_component|auto_generated|pll1|clk[3] ; Rise       ; inst22~clkctrl|outclk                                                                                  ;
; 1499.985 ; 1499.985     ; 0.000          ; High Pulse Width ; inst|altpll_component|auto_generated|pll1|clk[3] ; Rise       ; inst|altpll_component|auto_generated|wire_pll1_clk[3]~clkctrl|inclk[0]                                 ;
; 1499.985 ; 1499.985     ; 0.000          ; High Pulse Width ; inst|altpll_component|auto_generated|pll1|clk[3] ; Rise       ; inst|altpll_component|auto_generated|wire_pll1_clk[3]~clkctrl|outclk                                   ;
; 1500.014 ; 1500.014     ; 0.000          ; Low Pulse Width  ; inst|altpll_component|auto_generated|pll1|clk[3] ; Rise       ; inst|altpll_component|auto_generated|wire_pll1_clk[3]~clkctrl|inclk[0]                                 ;
; 1500.014 ; 1500.014     ; 0.000          ; Low Pulse Width  ; inst|altpll_component|auto_generated|pll1|clk[3] ; Rise       ; inst|altpll_component|auto_generated|wire_pll1_clk[3]~clkctrl|outclk                                   ;
; 1500.016 ; 1500.016     ; 0.000          ; Low Pulse Width  ; inst|altpll_component|auto_generated|pll1|clk[3] ; Rise       ; inst22~clkctrl|inclk[0]                                                                                ;
; 1500.016 ; 1500.016     ; 0.000          ; Low Pulse Width  ; inst|altpll_component|auto_generated|pll1|clk[3] ; Rise       ; inst22~clkctrl|outclk                                                                                  ;
; 1500.031 ; 1500.031     ; 0.000          ; Low Pulse Width  ; inst|altpll_component|auto_generated|pll1|clk[3] ; Rise       ; inst22|datad                                                                                           ;
; 1500.036 ; 1500.036     ; 0.000          ; Low Pulse Width  ; inst|altpll_component|auto_generated|pll1|clk[3] ; Rise       ; inst22|combout                                                                                         ;
; 1500.046 ; 1500.046     ; 0.000          ; Low Pulse Width  ; inst|altpll_component|auto_generated|pll1|clk[3] ; Rise       ; SELECTOR_LED|LPM_COUNTER_component|auto_generated|counter_reg_bit[0]|clk                               ;
; 1500.046 ; 1500.046     ; 0.000          ; Low Pulse Width  ; inst|altpll_component|auto_generated|pll1|clk[3] ; Rise       ; SELECTOR_LED|LPM_COUNTER_component|auto_generated|counter_reg_bit[1]|clk                               ;
; 1500.046 ; 1500.046     ; 0.000          ; Low Pulse Width  ; inst|altpll_component|auto_generated|pll1|clk[3] ; Rise       ; SELECTOR_LED|LPM_COUNTER_component|auto_generated|counter_reg_bit[2]|clk                               ;
; 1500.046 ; 1500.046     ; 0.000          ; Low Pulse Width  ; inst|altpll_component|auto_generated|pll1|clk[3] ; Rise       ; SELECTOR_LED|LPM_COUNTER_component|auto_generated|counter_reg_bit[3]|clk                               ;
; 1500.046 ; 1500.046     ; 0.000          ; Low Pulse Width  ; inst|altpll_component|auto_generated|pll1|clk[3] ; Rise       ; SELECTOR_LED|LPM_COUNTER_component|auto_generated|counter_reg_bit[4]|clk                               ;
; 2998.000 ; 3000.000     ; 2.000          ; Min Period       ; inst|altpll_component|auto_generated|pll1|clk[3] ; Rise       ; lpm_counter0:SELECTOR_LED|lpm_counter:LPM_COUNTER_component|cntr_o5k:auto_generated|counter_reg_bit[0] ;
; 2998.000 ; 3000.000     ; 2.000          ; Min Period       ; inst|altpll_component|auto_generated|pll1|clk[3] ; Rise       ; lpm_counter0:SELECTOR_LED|lpm_counter:LPM_COUNTER_component|cntr_o5k:auto_generated|counter_reg_bit[1] ;
; 2998.000 ; 3000.000     ; 2.000          ; Min Period       ; inst|altpll_component|auto_generated|pll1|clk[3] ; Rise       ; lpm_counter0:SELECTOR_LED|lpm_counter:LPM_COUNTER_component|cntr_o5k:auto_generated|counter_reg_bit[2] ;
; 2998.000 ; 3000.000     ; 2.000          ; Min Period       ; inst|altpll_component|auto_generated|pll1|clk[3] ; Rise       ; lpm_counter0:SELECTOR_LED|lpm_counter:LPM_COUNTER_component|cntr_o5k:auto_generated|counter_reg_bit[3] ;
; 2998.000 ; 3000.000     ; 2.000          ; Min Period       ; inst|altpll_component|auto_generated|pll1|clk[3] ; Rise       ; lpm_counter0:SELECTOR_LED|lpm_counter:LPM_COUNTER_component|cntr_o5k:auto_generated|counter_reg_bit[4] ;
+----------+--------------+----------------+------------------+--------------------------------------------------+------------+--------------------------------------------------------------------------------------------------------+


+---------------------------------------------------------------------------------------------------------+
; Clock to Output Times                                                                                   ;
+------------+------------+-------+-------+------------+--------------------------------------------------+
; Data Port  ; Clock Port ; Rise  ; Fall  ; Clock Edge ; Clock Reference                                  ;
+------------+------------+-------+-------+------------+--------------------------------------------------+
; SalidaLeds ; ClkMain    ; 1.710 ;       ; Rise       ; inst|altpll_component|auto_generated|pll1|clk[1] ;
; SalidaLeds ; ClkMain    ;       ; 1.695 ; Fall       ; inst|altpll_component|auto_generated|pll1|clk[1] ;
; SalidaLeds ; ClkMain    ; 4.747 ; 4.834 ; Rise       ; inst|altpll_component|auto_generated|pll1|clk[3] ;
+------------+------------+-------+-------+------------+--------------------------------------------------+


+---------------------------------------------------------------------------------------------------------+
; Minimum Clock to Output Times                                                                           ;
+------------+------------+-------+-------+------------+--------------------------------------------------+
; Data Port  ; Clock Port ; Rise  ; Fall  ; Clock Edge ; Clock Reference                                  ;
+------------+------------+-------+-------+------------+--------------------------------------------------+
; SalidaLeds ; ClkMain    ; 1.496 ;       ; Rise       ; inst|altpll_component|auto_generated|pll1|clk[1] ;
; SalidaLeds ; ClkMain    ;       ; 1.481 ; Fall       ; inst|altpll_component|auto_generated|pll1|clk[1] ;
; SalidaLeds ; ClkMain    ; 3.784 ; 3.780 ; Rise       ; inst|altpll_component|auto_generated|pll1|clk[3] ;
+------------+------------+-------+-------+------------+--------------------------------------------------+


-----------------------------------------------
; Fast 1200mV -40C Model Metastability Report ;
-----------------------------------------------
No synchronizer chains to report.


+-----------------------------------------------------------------------------------------------------------------+
; Multicorner Timing Analysis Summary                                                                             ;
+---------------------------------------------------+----------+-------+----------+---------+---------------------+
; Clock                                             ; Setup    ; Hold  ; Recovery ; Removal ; Minimum Pulse Width ;
+---------------------------------------------------+----------+-------+----------+---------+---------------------+
; Worst-case Slack                                  ; 2996.446 ; 0.270 ; N/A      ; N/A     ; 9.626               ;
;  ClkMain                                          ; N/A      ; N/A   ; N/A      ; N/A     ; 9.626               ;
;  inst|altpll_component|auto_generated|pll1|clk[3] ; 2996.446 ; 0.270 ; N/A      ; N/A     ; 1499.364            ;
; Design-wide TNS                                   ; 0.0      ; 0.0   ; 0.0      ; 0.0     ; 0.0                 ;
;  ClkMain                                          ; N/A      ; N/A   ; N/A      ; N/A     ; 0.000               ;
;  inst|altpll_component|auto_generated|pll1|clk[3] ; 0.000    ; 0.000 ; N/A      ; N/A     ; 0.000               ;
+---------------------------------------------------+----------+-------+----------+---------+---------------------+


+-----------------------------------------------------------------------------------------------------------+
; Clock to Output Times                                                                                     ;
+------------+------------+--------+--------+------------+--------------------------------------------------+
; Data Port  ; Clock Port ; Rise   ; Fall   ; Clock Edge ; Clock Reference                                  ;
+------------+------------+--------+--------+------------+--------------------------------------------------+
; SalidaLeds ; ClkMain    ; 3.671  ;        ; Rise       ; inst|altpll_component|auto_generated|pll1|clk[1] ;
; SalidaLeds ; ClkMain    ;        ; 3.415  ; Fall       ; inst|altpll_component|auto_generated|pll1|clk[1] ;
; SalidaLeds ; ClkMain    ; 10.162 ; 10.075 ; Rise       ; inst|altpll_component|auto_generated|pll1|clk[3] ;
+------------+------------+--------+--------+------------+--------------------------------------------------+


+---------------------------------------------------------------------------------------------------------+
; Minimum Clock to Output Times                                                                           ;
+------------+------------+-------+-------+------------+--------------------------------------------------+
; Data Port  ; Clock Port ; Rise  ; Fall  ; Clock Edge ; Clock Reference                                  ;
+------------+------------+-------+-------+------------+--------------------------------------------------+
; SalidaLeds ; ClkMain    ; 1.496 ;       ; Rise       ; inst|altpll_component|auto_generated|pll1|clk[1] ;
; SalidaLeds ; ClkMain    ;       ; 1.481 ; Fall       ; inst|altpll_component|auto_generated|pll1|clk[1] ;
; SalidaLeds ; ClkMain    ; 3.784 ; 3.780 ; Rise       ; inst|altpll_component|auto_generated|pll1|clk[3] ;
+------------+------------+-------+-------+------------+--------------------------------------------------+


+------------------------------------------------------------------------------------------------------------------------------------------------------------------------------------------------------------------------------------------------------------------------------------------------------------------------------------------------------------------------------------------------------------------+
; Board Trace Model Assignments                                                                                                                                                                                                                                                                                                                                                                                    ;
+---------------+--------------+-------------------+-------------------------+-------------------------+---------------+---------------------+----------------+------------------+--------+------------------+------------------------+------------------------+--------------+---------------+-----------------+-------+---------------------+--------------------+---------------+-----------------+-------------+
; Pin           ; I/O Standard ; Near Tline Length ; Near Tline L per Length ; Near Tline C per Length ; Near Series R ; Near Differential R ; Near Pull-up R ; Near Pull-down R ; Near C ; Far Tline Length ; Far Tline L per Length ; Far Tline C per Length ; Far Series R ; Far Pull-up R ; Far Pull-down R ; Far C ; Termination Voltage ; Far Differential R ; EBD File Name ; EBD Signal Name ; EBD Far-end ;
+---------------+--------------+-------------------+-------------------------+-------------------------+---------------+---------------------+----------------+------------------+--------+------------------+------------------------+------------------------+--------------+---------------+-----------------+-------+---------------------+--------------------+---------------+-----------------+-------------+
; SalidaLeds    ; 2.5 V        ; 0 in              ; 0 H/in                  ; 0 F/in                  ; short         ; -                   ; open           ; open             ; open   ; 0 in             ; 0 H/in                 ; 0 F/in                 ; short        ; open          ; open            ; open  ; 0 V                 ; -                  ; n/a           ; n/a             ; n/a         ;
; ~ALTERA_NCEO~ ; 2.5 V        ; 0 in              ; 0 H/in                  ; 0 F/in                  ; short         ; -                   ; open           ; open             ; open   ; 0 in             ; 0 H/in                 ; 0 F/in                 ; short        ; open          ; open            ; open  ; 0 V                 ; -                  ; n/a           ; n/a             ; n/a         ;
; ~ALTERA_DCLK~ ; 2.5 V        ; 0 in              ; 0 H/in                  ; 0 F/in                  ; short         ; -                   ; open           ; open             ; open   ; 0 in             ; 0 H/in                 ; 0 F/in                 ; short        ; open          ; open            ; open  ; 0 V                 ; -                  ; n/a           ; n/a             ; n/a         ;
+---------------+--------------+-------------------+-------------------------+-------------------------+---------------+---------------------+----------------+------------------+--------+------------------+------------------------+------------------------+--------------+---------------+-----------------+-------+---------------------+--------------------+---------------+-----------------+-------------+


+------------------------------------------------------------------------+
; Input Transition Times                                                 ;
+---------------------+--------------+-----------------+-----------------+
; Pin                 ; I/O Standard ; 10-90 Rise Time ; 90-10 Fall Time ;
+---------------------+--------------+-----------------+-----------------+
; CeldaA[23]          ; 2.5 V        ; 2000 ps         ; 2000 ps         ;
; CeldaA[22]          ; 2.5 V        ; 2000 ps         ; 2000 ps         ;
; CeldaA[21]          ; 2.5 V        ; 2000 ps         ; 2000 ps         ;
; CeldaA[20]          ; 2.5 V        ; 2000 ps         ; 2000 ps         ;
; CeldaA[19]          ; 2.5 V        ; 2000 ps         ; 2000 ps         ;
; CeldaA[18]          ; 2.5 V        ; 2000 ps         ; 2000 ps         ;
; CeldaA[17]          ; 2.5 V        ; 2000 ps         ; 2000 ps         ;
; CeldaA[16]          ; 2.5 V        ; 2000 ps         ; 2000 ps         ;
; CeldaA[15]          ; 2.5 V        ; 2000 ps         ; 2000 ps         ;
; CeldaA[14]          ; 2.5 V        ; 2000 ps         ; 2000 ps         ;
; CeldaA[13]          ; 2.5 V        ; 2000 ps         ; 2000 ps         ;
; CeldaA[12]          ; 2.5 V        ; 2000 ps         ; 2000 ps         ;
; CeldaA[11]          ; 2.5 V        ; 2000 ps         ; 2000 ps         ;
; CeldaA[10]          ; 2.5 V        ; 2000 ps         ; 2000 ps         ;
; CeldaA[9]           ; 2.5 V        ; 2000 ps         ; 2000 ps         ;
; CeldaA[8]           ; 2.5 V        ; 2000 ps         ; 2000 ps         ;
; CeldaA[7]           ; 2.5 V        ; 2000 ps         ; 2000 ps         ;
; CeldaA[6]           ; 2.5 V        ; 2000 ps         ; 2000 ps         ;
; CeldaA[5]           ; 2.5 V        ; 2000 ps         ; 2000 ps         ;
; CeldaA[4]           ; 2.5 V        ; 2000 ps         ; 2000 ps         ;
; CeldaA[3]           ; 2.5 V        ; 2000 ps         ; 2000 ps         ;
; CeldaA[2]           ; 2.5 V        ; 2000 ps         ; 2000 ps         ;
; CeldaA[1]           ; 2.5 V        ; 2000 ps         ; 2000 ps         ;
; CeldaA[0]           ; 2.5 V        ; 2000 ps         ; 2000 ps         ;
; Celda11[23]         ; 2.5 V        ; 2000 ps         ; 2000 ps         ;
; Celda11[22]         ; 2.5 V        ; 2000 ps         ; 2000 ps         ;
; Celda11[21]         ; 2.5 V        ; 2000 ps         ; 2000 ps         ;
; Celda11[20]         ; 2.5 V        ; 2000 ps         ; 2000 ps         ;
; Celda11[19]         ; 2.5 V        ; 2000 ps         ; 2000 ps         ;
; Celda11[18]         ; 2.5 V        ; 2000 ps         ; 2000 ps         ;
; Celda11[17]         ; 2.5 V        ; 2000 ps         ; 2000 ps         ;
; Celda11[16]         ; 2.5 V        ; 2000 ps         ; 2000 ps         ;
; Celda11[15]         ; 2.5 V        ; 2000 ps         ; 2000 ps         ;
; Celda11[14]         ; 2.5 V        ; 2000 ps         ; 2000 ps         ;
; Celda11[13]         ; 2.5 V        ; 2000 ps         ; 2000 ps         ;
; Celda11[12]         ; 2.5 V        ; 2000 ps         ; 2000 ps         ;
; Celda11[11]         ; 2.5 V        ; 2000 ps         ; 2000 ps         ;
; Celda11[10]         ; 2.5 V        ; 2000 ps         ; 2000 ps         ;
; Celda11[9]          ; 2.5 V        ; 2000 ps         ; 2000 ps         ;
; Celda11[8]          ; 2.5 V        ; 2000 ps         ; 2000 ps         ;
; Celda11[7]          ; 2.5 V        ; 2000 ps         ; 2000 ps         ;
; Celda11[6]          ; 2.5 V        ; 2000 ps         ; 2000 ps         ;
; Celda11[5]          ; 2.5 V        ; 2000 ps         ; 2000 ps         ;
; Celda11[4]          ; 2.5 V        ; 2000 ps         ; 2000 ps         ;
; Celda11[3]          ; 2.5 V        ; 2000 ps         ; 2000 ps         ;
; Celda11[2]          ; 2.5 V        ; 2000 ps         ; 2000 ps         ;
; Celda11[1]          ; 2.5 V        ; 2000 ps         ; 2000 ps         ;
; Celda11[0]          ; 2.5 V        ; 2000 ps         ; 2000 ps         ;
; Celda12[23]         ; 2.5 V        ; 2000 ps         ; 2000 ps         ;
; Celda12[22]         ; 2.5 V        ; 2000 ps         ; 2000 ps         ;
; Celda12[21]         ; 2.5 V        ; 2000 ps         ; 2000 ps         ;
; Celda12[20]         ; 2.5 V        ; 2000 ps         ; 2000 ps         ;
; Celda12[19]         ; 2.5 V        ; 2000 ps         ; 2000 ps         ;
; Celda12[18]         ; 2.5 V        ; 2000 ps         ; 2000 ps         ;
; Celda12[17]         ; 2.5 V        ; 2000 ps         ; 2000 ps         ;
; Celda12[16]         ; 2.5 V        ; 2000 ps         ; 2000 ps         ;
; Celda12[15]         ; 2.5 V        ; 2000 ps         ; 2000 ps         ;
; Celda12[14]         ; 2.5 V        ; 2000 ps         ; 2000 ps         ;
; Celda12[13]         ; 2.5 V        ; 2000 ps         ; 2000 ps         ;
; Celda12[12]         ; 2.5 V        ; 2000 ps         ; 2000 ps         ;
; Celda12[11]         ; 2.5 V        ; 2000 ps         ; 2000 ps         ;
; Celda12[10]         ; 2.5 V        ; 2000 ps         ; 2000 ps         ;
; Celda12[9]          ; 2.5 V        ; 2000 ps         ; 2000 ps         ;
; Celda12[8]          ; 2.5 V        ; 2000 ps         ; 2000 ps         ;
; Celda12[7]          ; 2.5 V        ; 2000 ps         ; 2000 ps         ;
; Celda12[6]          ; 2.5 V        ; 2000 ps         ; 2000 ps         ;
; Celda12[5]          ; 2.5 V        ; 2000 ps         ; 2000 ps         ;
; Celda12[4]          ; 2.5 V        ; 2000 ps         ; 2000 ps         ;
; Celda12[3]          ; 2.5 V        ; 2000 ps         ; 2000 ps         ;
; Celda12[2]          ; 2.5 V        ; 2000 ps         ; 2000 ps         ;
; Celda12[1]          ; 2.5 V        ; 2000 ps         ; 2000 ps         ;
; Celda12[0]          ; 2.5 V        ; 2000 ps         ; 2000 ps         ;
; Celda13[23]         ; 2.5 V        ; 2000 ps         ; 2000 ps         ;
; Celda13[22]         ; 2.5 V        ; 2000 ps         ; 2000 ps         ;
; Celda13[21]         ; 2.5 V        ; 2000 ps         ; 2000 ps         ;
; Celda13[20]         ; 2.5 V        ; 2000 ps         ; 2000 ps         ;
; Celda13[19]         ; 2.5 V        ; 2000 ps         ; 2000 ps         ;
; Celda13[18]         ; 2.5 V        ; 2000 ps         ; 2000 ps         ;
; Celda13[17]         ; 2.5 V        ; 2000 ps         ; 2000 ps         ;
; Celda13[16]         ; 2.5 V        ; 2000 ps         ; 2000 ps         ;
; Celda13[15]         ; 2.5 V        ; 2000 ps         ; 2000 ps         ;
; Celda13[14]         ; 2.5 V        ; 2000 ps         ; 2000 ps         ;
; Celda13[13]         ; 2.5 V        ; 2000 ps         ; 2000 ps         ;
; Celda13[12]         ; 2.5 V        ; 2000 ps         ; 2000 ps         ;
; Celda13[11]         ; 2.5 V        ; 2000 ps         ; 2000 ps         ;
; Celda13[10]         ; 2.5 V        ; 2000 ps         ; 2000 ps         ;
; Celda13[9]          ; 2.5 V        ; 2000 ps         ; 2000 ps         ;
; Celda13[8]          ; 2.5 V        ; 2000 ps         ; 2000 ps         ;
; Celda13[7]          ; 2.5 V        ; 2000 ps         ; 2000 ps         ;
; Celda13[6]          ; 2.5 V        ; 2000 ps         ; 2000 ps         ;
; Celda13[5]          ; 2.5 V        ; 2000 ps         ; 2000 ps         ;
; Celda13[4]          ; 2.5 V        ; 2000 ps         ; 2000 ps         ;
; Celda13[3]          ; 2.5 V        ; 2000 ps         ; 2000 ps         ;
; Celda13[2]          ; 2.5 V        ; 2000 ps         ; 2000 ps         ;
; Celda13[1]          ; 2.5 V        ; 2000 ps         ; 2000 ps         ;
; Celda13[0]          ; 2.5 V        ; 2000 ps         ; 2000 ps         ;
; Celda14[23]         ; 2.5 V        ; 2000 ps         ; 2000 ps         ;
; Celda14[22]         ; 2.5 V        ; 2000 ps         ; 2000 ps         ;
; Celda14[21]         ; 2.5 V        ; 2000 ps         ; 2000 ps         ;
; Celda14[20]         ; 2.5 V        ; 2000 ps         ; 2000 ps         ;
; Celda14[19]         ; 2.5 V        ; 2000 ps         ; 2000 ps         ;
; Celda14[18]         ; 2.5 V        ; 2000 ps         ; 2000 ps         ;
; Celda14[17]         ; 2.5 V        ; 2000 ps         ; 2000 ps         ;
; Celda14[16]         ; 2.5 V        ; 2000 ps         ; 2000 ps         ;
; Celda14[15]         ; 2.5 V        ; 2000 ps         ; 2000 ps         ;
; Celda14[14]         ; 2.5 V        ; 2000 ps         ; 2000 ps         ;
; Celda14[13]         ; 2.5 V        ; 2000 ps         ; 2000 ps         ;
; Celda14[12]         ; 2.5 V        ; 2000 ps         ; 2000 ps         ;
; Celda14[11]         ; 2.5 V        ; 2000 ps         ; 2000 ps         ;
; Celda14[10]         ; 2.5 V        ; 2000 ps         ; 2000 ps         ;
; Celda14[9]          ; 2.5 V        ; 2000 ps         ; 2000 ps         ;
; Celda14[8]          ; 2.5 V        ; 2000 ps         ; 2000 ps         ;
; Celda14[7]          ; 2.5 V        ; 2000 ps         ; 2000 ps         ;
; Celda14[6]          ; 2.5 V        ; 2000 ps         ; 2000 ps         ;
; Celda14[5]          ; 2.5 V        ; 2000 ps         ; 2000 ps         ;
; Celda14[4]          ; 2.5 V        ; 2000 ps         ; 2000 ps         ;
; Celda14[3]          ; 2.5 V        ; 2000 ps         ; 2000 ps         ;
; Celda14[2]          ; 2.5 V        ; 2000 ps         ; 2000 ps         ;
; Celda14[1]          ; 2.5 V        ; 2000 ps         ; 2000 ps         ;
; Celda14[0]          ; 2.5 V        ; 2000 ps         ; 2000 ps         ;
; Celda15[23]         ; 2.5 V        ; 2000 ps         ; 2000 ps         ;
; Celda15[22]         ; 2.5 V        ; 2000 ps         ; 2000 ps         ;
; Celda15[21]         ; 2.5 V        ; 2000 ps         ; 2000 ps         ;
; Celda15[20]         ; 2.5 V        ; 2000 ps         ; 2000 ps         ;
; Celda15[19]         ; 2.5 V        ; 2000 ps         ; 2000 ps         ;
; Celda15[18]         ; 2.5 V        ; 2000 ps         ; 2000 ps         ;
; Celda15[17]         ; 2.5 V        ; 2000 ps         ; 2000 ps         ;
; Celda15[16]         ; 2.5 V        ; 2000 ps         ; 2000 ps         ;
; Celda15[15]         ; 2.5 V        ; 2000 ps         ; 2000 ps         ;
; Celda15[14]         ; 2.5 V        ; 2000 ps         ; 2000 ps         ;
; Celda15[13]         ; 2.5 V        ; 2000 ps         ; 2000 ps         ;
; Celda15[12]         ; 2.5 V        ; 2000 ps         ; 2000 ps         ;
; Celda15[11]         ; 2.5 V        ; 2000 ps         ; 2000 ps         ;
; Celda15[10]         ; 2.5 V        ; 2000 ps         ; 2000 ps         ;
; Celda15[9]          ; 2.5 V        ; 2000 ps         ; 2000 ps         ;
; Celda15[8]          ; 2.5 V        ; 2000 ps         ; 2000 ps         ;
; Celda15[7]          ; 2.5 V        ; 2000 ps         ; 2000 ps         ;
; Celda15[6]          ; 2.5 V        ; 2000 ps         ; 2000 ps         ;
; Celda15[5]          ; 2.5 V        ; 2000 ps         ; 2000 ps         ;
; Celda15[4]          ; 2.5 V        ; 2000 ps         ; 2000 ps         ;
; Celda15[3]          ; 2.5 V        ; 2000 ps         ; 2000 ps         ;
; Celda15[2]          ; 2.5 V        ; 2000 ps         ; 2000 ps         ;
; Celda15[1]          ; 2.5 V        ; 2000 ps         ; 2000 ps         ;
; Celda15[0]          ; 2.5 V        ; 2000 ps         ; 2000 ps         ;
; Celda16[23]         ; 2.5 V        ; 2000 ps         ; 2000 ps         ;
; Celda16[22]         ; 2.5 V        ; 2000 ps         ; 2000 ps         ;
; Celda16[21]         ; 2.5 V        ; 2000 ps         ; 2000 ps         ;
; Celda16[20]         ; 2.5 V        ; 2000 ps         ; 2000 ps         ;
; Celda16[19]         ; 2.5 V        ; 2000 ps         ; 2000 ps         ;
; Celda16[18]         ; 2.5 V        ; 2000 ps         ; 2000 ps         ;
; Celda16[17]         ; 2.5 V        ; 2000 ps         ; 2000 ps         ;
; Celda16[16]         ; 2.5 V        ; 2000 ps         ; 2000 ps         ;
; Celda16[15]         ; 2.5 V        ; 2000 ps         ; 2000 ps         ;
; Celda16[14]         ; 2.5 V        ; 2000 ps         ; 2000 ps         ;
; Celda16[13]         ; 2.5 V        ; 2000 ps         ; 2000 ps         ;
; Celda16[12]         ; 2.5 V        ; 2000 ps         ; 2000 ps         ;
; Celda16[11]         ; 2.5 V        ; 2000 ps         ; 2000 ps         ;
; Celda16[10]         ; 2.5 V        ; 2000 ps         ; 2000 ps         ;
; Celda16[9]          ; 2.5 V        ; 2000 ps         ; 2000 ps         ;
; Celda16[8]          ; 2.5 V        ; 2000 ps         ; 2000 ps         ;
; Celda16[7]          ; 2.5 V        ; 2000 ps         ; 2000 ps         ;
; Celda16[6]          ; 2.5 V        ; 2000 ps         ; 2000 ps         ;
; Celda16[5]          ; 2.5 V        ; 2000 ps         ; 2000 ps         ;
; Celda16[4]          ; 2.5 V        ; 2000 ps         ; 2000 ps         ;
; Celda16[3]          ; 2.5 V        ; 2000 ps         ; 2000 ps         ;
; Celda16[2]          ; 2.5 V        ; 2000 ps         ; 2000 ps         ;
; Celda16[1]          ; 2.5 V        ; 2000 ps         ; 2000 ps         ;
; Celda16[0]          ; 2.5 V        ; 2000 ps         ; 2000 ps         ;
; CeldaB[23]          ; 2.5 V        ; 2000 ps         ; 2000 ps         ;
; CeldaB[22]          ; 2.5 V        ; 2000 ps         ; 2000 ps         ;
; CeldaB[21]          ; 2.5 V        ; 2000 ps         ; 2000 ps         ;
; CeldaB[20]          ; 2.5 V        ; 2000 ps         ; 2000 ps         ;
; CeldaB[19]          ; 2.5 V        ; 2000 ps         ; 2000 ps         ;
; CeldaB[18]          ; 2.5 V        ; 2000 ps         ; 2000 ps         ;
; CeldaB[17]          ; 2.5 V        ; 2000 ps         ; 2000 ps         ;
; CeldaB[16]          ; 2.5 V        ; 2000 ps         ; 2000 ps         ;
; CeldaB[15]          ; 2.5 V        ; 2000 ps         ; 2000 ps         ;
; CeldaB[14]          ; 2.5 V        ; 2000 ps         ; 2000 ps         ;
; CeldaB[13]          ; 2.5 V        ; 2000 ps         ; 2000 ps         ;
; CeldaB[12]          ; 2.5 V        ; 2000 ps         ; 2000 ps         ;
; CeldaB[11]          ; 2.5 V        ; 2000 ps         ; 2000 ps         ;
; CeldaB[10]          ; 2.5 V        ; 2000 ps         ; 2000 ps         ;
; CeldaB[9]           ; 2.5 V        ; 2000 ps         ; 2000 ps         ;
; CeldaB[8]           ; 2.5 V        ; 2000 ps         ; 2000 ps         ;
; CeldaB[7]           ; 2.5 V        ; 2000 ps         ; 2000 ps         ;
; CeldaB[6]           ; 2.5 V        ; 2000 ps         ; 2000 ps         ;
; CeldaB[5]           ; 2.5 V        ; 2000 ps         ; 2000 ps         ;
; CeldaB[4]           ; 2.5 V        ; 2000 ps         ; 2000 ps         ;
; CeldaB[3]           ; 2.5 V        ; 2000 ps         ; 2000 ps         ;
; CeldaB[2]           ; 2.5 V        ; 2000 ps         ; 2000 ps         ;
; CeldaB[1]           ; 2.5 V        ; 2000 ps         ; 2000 ps         ;
; CeldaB[0]           ; 2.5 V        ; 2000 ps         ; 2000 ps         ;
; CeldaC[23]          ; 2.5 V        ; 2000 ps         ; 2000 ps         ;
; CeldaC[22]          ; 2.5 V        ; 2000 ps         ; 2000 ps         ;
; CeldaC[21]          ; 2.5 V        ; 2000 ps         ; 2000 ps         ;
; CeldaC[20]          ; 2.5 V        ; 2000 ps         ; 2000 ps         ;
; CeldaC[19]          ; 2.5 V        ; 2000 ps         ; 2000 ps         ;
; CeldaC[18]          ; 2.5 V        ; 2000 ps         ; 2000 ps         ;
; CeldaC[17]          ; 2.5 V        ; 2000 ps         ; 2000 ps         ;
; CeldaC[16]          ; 2.5 V        ; 2000 ps         ; 2000 ps         ;
; CeldaC[15]          ; 2.5 V        ; 2000 ps         ; 2000 ps         ;
; CeldaC[14]          ; 2.5 V        ; 2000 ps         ; 2000 ps         ;
; CeldaC[13]          ; 2.5 V        ; 2000 ps         ; 2000 ps         ;
; CeldaC[12]          ; 2.5 V        ; 2000 ps         ; 2000 ps         ;
; CeldaC[11]          ; 2.5 V        ; 2000 ps         ; 2000 ps         ;
; CeldaC[10]          ; 2.5 V        ; 2000 ps         ; 2000 ps         ;
; CeldaC[9]           ; 2.5 V        ; 2000 ps         ; 2000 ps         ;
; CeldaC[8]           ; 2.5 V        ; 2000 ps         ; 2000 ps         ;
; CeldaC[7]           ; 2.5 V        ; 2000 ps         ; 2000 ps         ;
; CeldaC[6]           ; 2.5 V        ; 2000 ps         ; 2000 ps         ;
; CeldaC[5]           ; 2.5 V        ; 2000 ps         ; 2000 ps         ;
; CeldaC[4]           ; 2.5 V        ; 2000 ps         ; 2000 ps         ;
; CeldaC[3]           ; 2.5 V        ; 2000 ps         ; 2000 ps         ;
; CeldaC[2]           ; 2.5 V        ; 2000 ps         ; 2000 ps         ;
; CeldaC[1]           ; 2.5 V        ; 2000 ps         ; 2000 ps         ;
; CeldaC[0]           ; 2.5 V        ; 2000 ps         ; 2000 ps         ;
; CeldaD[23]          ; 2.5 V        ; 2000 ps         ; 2000 ps         ;
; CeldaD[22]          ; 2.5 V        ; 2000 ps         ; 2000 ps         ;
; CeldaD[21]          ; 2.5 V        ; 2000 ps         ; 2000 ps         ;
; CeldaD[20]          ; 2.5 V        ; 2000 ps         ; 2000 ps         ;
; CeldaD[19]          ; 2.5 V        ; 2000 ps         ; 2000 ps         ;
; CeldaD[18]          ; 2.5 V        ; 2000 ps         ; 2000 ps         ;
; CeldaD[17]          ; 2.5 V        ; 2000 ps         ; 2000 ps         ;
; CeldaD[16]          ; 2.5 V        ; 2000 ps         ; 2000 ps         ;
; CeldaD[15]          ; 2.5 V        ; 2000 ps         ; 2000 ps         ;
; CeldaD[14]          ; 2.5 V        ; 2000 ps         ; 2000 ps         ;
; CeldaD[13]          ; 2.5 V        ; 2000 ps         ; 2000 ps         ;
; CeldaD[12]          ; 2.5 V        ; 2000 ps         ; 2000 ps         ;
; CeldaD[11]          ; 2.5 V        ; 2000 ps         ; 2000 ps         ;
; CeldaD[10]          ; 2.5 V        ; 2000 ps         ; 2000 ps         ;
; CeldaD[9]           ; 2.5 V        ; 2000 ps         ; 2000 ps         ;
; CeldaD[8]           ; 2.5 V        ; 2000 ps         ; 2000 ps         ;
; CeldaD[7]           ; 2.5 V        ; 2000 ps         ; 2000 ps         ;
; CeldaD[6]           ; 2.5 V        ; 2000 ps         ; 2000 ps         ;
; CeldaD[5]           ; 2.5 V        ; 2000 ps         ; 2000 ps         ;
; CeldaD[4]           ; 2.5 V        ; 2000 ps         ; 2000 ps         ;
; CeldaD[3]           ; 2.5 V        ; 2000 ps         ; 2000 ps         ;
; CeldaD[2]           ; 2.5 V        ; 2000 ps         ; 2000 ps         ;
; CeldaD[1]           ; 2.5 V        ; 2000 ps         ; 2000 ps         ;
; CeldaD[0]           ; 2.5 V        ; 2000 ps         ; 2000 ps         ;
; Celda5[23]          ; 2.5 V        ; 2000 ps         ; 2000 ps         ;
; Celda5[22]          ; 2.5 V        ; 2000 ps         ; 2000 ps         ;
; Celda5[21]          ; 2.5 V        ; 2000 ps         ; 2000 ps         ;
; Celda5[20]          ; 2.5 V        ; 2000 ps         ; 2000 ps         ;
; Celda5[19]          ; 2.5 V        ; 2000 ps         ; 2000 ps         ;
; Celda5[18]          ; 2.5 V        ; 2000 ps         ; 2000 ps         ;
; Celda5[17]          ; 2.5 V        ; 2000 ps         ; 2000 ps         ;
; Celda5[16]          ; 2.5 V        ; 2000 ps         ; 2000 ps         ;
; Celda5[15]          ; 2.5 V        ; 2000 ps         ; 2000 ps         ;
; Celda5[14]          ; 2.5 V        ; 2000 ps         ; 2000 ps         ;
; Celda5[13]          ; 2.5 V        ; 2000 ps         ; 2000 ps         ;
; Celda5[12]          ; 2.5 V        ; 2000 ps         ; 2000 ps         ;
; Celda5[11]          ; 2.5 V        ; 2000 ps         ; 2000 ps         ;
; Celda5[10]          ; 2.5 V        ; 2000 ps         ; 2000 ps         ;
; Celda5[9]           ; 2.5 V        ; 2000 ps         ; 2000 ps         ;
; Celda5[8]           ; 2.5 V        ; 2000 ps         ; 2000 ps         ;
; Celda5[7]           ; 2.5 V        ; 2000 ps         ; 2000 ps         ;
; Celda5[6]           ; 2.5 V        ; 2000 ps         ; 2000 ps         ;
; Celda5[5]           ; 2.5 V        ; 2000 ps         ; 2000 ps         ;
; Celda5[4]           ; 2.5 V        ; 2000 ps         ; 2000 ps         ;
; Celda5[3]           ; 2.5 V        ; 2000 ps         ; 2000 ps         ;
; Celda5[2]           ; 2.5 V        ; 2000 ps         ; 2000 ps         ;
; Celda5[1]           ; 2.5 V        ; 2000 ps         ; 2000 ps         ;
; Celda5[0]           ; 2.5 V        ; 2000 ps         ; 2000 ps         ;
; Celda6[23]          ; 2.5 V        ; 2000 ps         ; 2000 ps         ;
; Celda6[22]          ; 2.5 V        ; 2000 ps         ; 2000 ps         ;
; Celda6[21]          ; 2.5 V        ; 2000 ps         ; 2000 ps         ;
; Celda6[20]          ; 2.5 V        ; 2000 ps         ; 2000 ps         ;
; Celda6[19]          ; 2.5 V        ; 2000 ps         ; 2000 ps         ;
; Celda6[18]          ; 2.5 V        ; 2000 ps         ; 2000 ps         ;
; Celda6[17]          ; 2.5 V        ; 2000 ps         ; 2000 ps         ;
; Celda6[16]          ; 2.5 V        ; 2000 ps         ; 2000 ps         ;
; Celda6[15]          ; 2.5 V        ; 2000 ps         ; 2000 ps         ;
; Celda6[14]          ; 2.5 V        ; 2000 ps         ; 2000 ps         ;
; Celda6[13]          ; 2.5 V        ; 2000 ps         ; 2000 ps         ;
; Celda6[12]          ; 2.5 V        ; 2000 ps         ; 2000 ps         ;
; Celda6[11]          ; 2.5 V        ; 2000 ps         ; 2000 ps         ;
; Celda6[10]          ; 2.5 V        ; 2000 ps         ; 2000 ps         ;
; Celda6[9]           ; 2.5 V        ; 2000 ps         ; 2000 ps         ;
; Celda6[8]           ; 2.5 V        ; 2000 ps         ; 2000 ps         ;
; Celda6[7]           ; 2.5 V        ; 2000 ps         ; 2000 ps         ;
; Celda6[6]           ; 2.5 V        ; 2000 ps         ; 2000 ps         ;
; Celda6[5]           ; 2.5 V        ; 2000 ps         ; 2000 ps         ;
; Celda6[4]           ; 2.5 V        ; 2000 ps         ; 2000 ps         ;
; Celda6[3]           ; 2.5 V        ; 2000 ps         ; 2000 ps         ;
; Celda6[2]           ; 2.5 V        ; 2000 ps         ; 2000 ps         ;
; Celda6[1]           ; 2.5 V        ; 2000 ps         ; 2000 ps         ;
; Celda6[0]           ; 2.5 V        ; 2000 ps         ; 2000 ps         ;
; Celda7[23]          ; 2.5 V        ; 2000 ps         ; 2000 ps         ;
; Celda7[22]          ; 2.5 V        ; 2000 ps         ; 2000 ps         ;
; Celda7[21]          ; 2.5 V        ; 2000 ps         ; 2000 ps         ;
; Celda7[20]          ; 2.5 V        ; 2000 ps         ; 2000 ps         ;
; Celda7[19]          ; 2.5 V        ; 2000 ps         ; 2000 ps         ;
; Celda7[18]          ; 2.5 V        ; 2000 ps         ; 2000 ps         ;
; Celda7[17]          ; 2.5 V        ; 2000 ps         ; 2000 ps         ;
; Celda7[16]          ; 2.5 V        ; 2000 ps         ; 2000 ps         ;
; Celda7[15]          ; 2.5 V        ; 2000 ps         ; 2000 ps         ;
; Celda7[14]          ; 2.5 V        ; 2000 ps         ; 2000 ps         ;
; Celda7[13]          ; 2.5 V        ; 2000 ps         ; 2000 ps         ;
; Celda7[12]          ; 2.5 V        ; 2000 ps         ; 2000 ps         ;
; Celda7[11]          ; 2.5 V        ; 2000 ps         ; 2000 ps         ;
; Celda7[10]          ; 2.5 V        ; 2000 ps         ; 2000 ps         ;
; Celda7[9]           ; 2.5 V        ; 2000 ps         ; 2000 ps         ;
; Celda7[8]           ; 2.5 V        ; 2000 ps         ; 2000 ps         ;
; Celda7[7]           ; 2.5 V        ; 2000 ps         ; 2000 ps         ;
; Celda7[6]           ; 2.5 V        ; 2000 ps         ; 2000 ps         ;
; Celda7[5]           ; 2.5 V        ; 2000 ps         ; 2000 ps         ;
; Celda7[4]           ; 2.5 V        ; 2000 ps         ; 2000 ps         ;
; Celda7[3]           ; 2.5 V        ; 2000 ps         ; 2000 ps         ;
; Celda7[2]           ; 2.5 V        ; 2000 ps         ; 2000 ps         ;
; Celda7[1]           ; 2.5 V        ; 2000 ps         ; 2000 ps         ;
; Celda7[0]           ; 2.5 V        ; 2000 ps         ; 2000 ps         ;
; Celda8[23]          ; 2.5 V        ; 2000 ps         ; 2000 ps         ;
; Celda8[22]          ; 2.5 V        ; 2000 ps         ; 2000 ps         ;
; Celda8[21]          ; 2.5 V        ; 2000 ps         ; 2000 ps         ;
; Celda8[20]          ; 2.5 V        ; 2000 ps         ; 2000 ps         ;
; Celda8[19]          ; 2.5 V        ; 2000 ps         ; 2000 ps         ;
; Celda8[18]          ; 2.5 V        ; 2000 ps         ; 2000 ps         ;
; Celda8[17]          ; 2.5 V        ; 2000 ps         ; 2000 ps         ;
; Celda8[16]          ; 2.5 V        ; 2000 ps         ; 2000 ps         ;
; Celda8[15]          ; 2.5 V        ; 2000 ps         ; 2000 ps         ;
; Celda8[14]          ; 2.5 V        ; 2000 ps         ; 2000 ps         ;
; Celda8[13]          ; 2.5 V        ; 2000 ps         ; 2000 ps         ;
; Celda8[12]          ; 2.5 V        ; 2000 ps         ; 2000 ps         ;
; Celda8[11]          ; 2.5 V        ; 2000 ps         ; 2000 ps         ;
; Celda8[10]          ; 2.5 V        ; 2000 ps         ; 2000 ps         ;
; Celda8[9]           ; 2.5 V        ; 2000 ps         ; 2000 ps         ;
; Celda8[8]           ; 2.5 V        ; 2000 ps         ; 2000 ps         ;
; Celda8[7]           ; 2.5 V        ; 2000 ps         ; 2000 ps         ;
; Celda8[6]           ; 2.5 V        ; 2000 ps         ; 2000 ps         ;
; Celda8[5]           ; 2.5 V        ; 2000 ps         ; 2000 ps         ;
; Celda8[4]           ; 2.5 V        ; 2000 ps         ; 2000 ps         ;
; Celda8[3]           ; 2.5 V        ; 2000 ps         ; 2000 ps         ;
; Celda8[2]           ; 2.5 V        ; 2000 ps         ; 2000 ps         ;
; Celda8[1]           ; 2.5 V        ; 2000 ps         ; 2000 ps         ;
; Celda8[0]           ; 2.5 V        ; 2000 ps         ; 2000 ps         ;
; Celda9[23]          ; 2.5 V        ; 2000 ps         ; 2000 ps         ;
; Celda9[22]          ; 2.5 V        ; 2000 ps         ; 2000 ps         ;
; Celda9[21]          ; 2.5 V        ; 2000 ps         ; 2000 ps         ;
; Celda9[20]          ; 2.5 V        ; 2000 ps         ; 2000 ps         ;
; Celda9[19]          ; 2.5 V        ; 2000 ps         ; 2000 ps         ;
; Celda9[18]          ; 2.5 V        ; 2000 ps         ; 2000 ps         ;
; Celda9[17]          ; 2.5 V        ; 2000 ps         ; 2000 ps         ;
; Celda9[16]          ; 2.5 V        ; 2000 ps         ; 2000 ps         ;
; Celda9[15]          ; 2.5 V        ; 2000 ps         ; 2000 ps         ;
; Celda9[14]          ; 2.5 V        ; 2000 ps         ; 2000 ps         ;
; Celda9[13]          ; 2.5 V        ; 2000 ps         ; 2000 ps         ;
; Celda9[12]          ; 2.5 V        ; 2000 ps         ; 2000 ps         ;
; Celda9[11]          ; 2.5 V        ; 2000 ps         ; 2000 ps         ;
; Celda9[10]          ; 2.5 V        ; 2000 ps         ; 2000 ps         ;
; Celda9[9]           ; 2.5 V        ; 2000 ps         ; 2000 ps         ;
; Celda9[8]           ; 2.5 V        ; 2000 ps         ; 2000 ps         ;
; Celda9[7]           ; 2.5 V        ; 2000 ps         ; 2000 ps         ;
; Celda9[6]           ; 2.5 V        ; 2000 ps         ; 2000 ps         ;
; Celda9[5]           ; 2.5 V        ; 2000 ps         ; 2000 ps         ;
; Celda9[4]           ; 2.5 V        ; 2000 ps         ; 2000 ps         ;
; Celda9[3]           ; 2.5 V        ; 2000 ps         ; 2000 ps         ;
; Celda9[2]           ; 2.5 V        ; 2000 ps         ; 2000 ps         ;
; Celda9[1]           ; 2.5 V        ; 2000 ps         ; 2000 ps         ;
; Celda9[0]           ; 2.5 V        ; 2000 ps         ; 2000 ps         ;
; Celda10[23]         ; 2.5 V        ; 2000 ps         ; 2000 ps         ;
; Celda10[22]         ; 2.5 V        ; 2000 ps         ; 2000 ps         ;
; Celda10[21]         ; 2.5 V        ; 2000 ps         ; 2000 ps         ;
; Celda10[20]         ; 2.5 V        ; 2000 ps         ; 2000 ps         ;
; Celda10[19]         ; 2.5 V        ; 2000 ps         ; 2000 ps         ;
; Celda10[18]         ; 2.5 V        ; 2000 ps         ; 2000 ps         ;
; Celda10[17]         ; 2.5 V        ; 2000 ps         ; 2000 ps         ;
; Celda10[16]         ; 2.5 V        ; 2000 ps         ; 2000 ps         ;
; Celda10[15]         ; 2.5 V        ; 2000 ps         ; 2000 ps         ;
; Celda10[14]         ; 2.5 V        ; 2000 ps         ; 2000 ps         ;
; Celda10[13]         ; 2.5 V        ; 2000 ps         ; 2000 ps         ;
; Celda10[12]         ; 2.5 V        ; 2000 ps         ; 2000 ps         ;
; Celda10[11]         ; 2.5 V        ; 2000 ps         ; 2000 ps         ;
; Celda10[10]         ; 2.5 V        ; 2000 ps         ; 2000 ps         ;
; Celda10[9]          ; 2.5 V        ; 2000 ps         ; 2000 ps         ;
; Celda10[8]          ; 2.5 V        ; 2000 ps         ; 2000 ps         ;
; Celda10[7]          ; 2.5 V        ; 2000 ps         ; 2000 ps         ;
; Celda10[6]          ; 2.5 V        ; 2000 ps         ; 2000 ps         ;
; Celda10[5]          ; 2.5 V        ; 2000 ps         ; 2000 ps         ;
; Celda10[4]          ; 2.5 V        ; 2000 ps         ; 2000 ps         ;
; Celda10[3]          ; 2.5 V        ; 2000 ps         ; 2000 ps         ;
; Celda10[2]          ; 2.5 V        ; 2000 ps         ; 2000 ps         ;
; Celda10[1]          ; 2.5 V        ; 2000 ps         ; 2000 ps         ;
; Celda10[0]          ; 2.5 V        ; 2000 ps         ; 2000 ps         ;
; ClkMain             ; 2.5 V        ; 2000 ps         ; 2000 ps         ;
; NuevoInput          ; 2.5 V        ; 2000 ps         ; 2000 ps         ;
; ~ALTERA_DATA0~      ; 2.5 V        ; 2000 ps         ; 2000 ps         ;
; ~ALTERA_ASDO_DATA1~ ; 2.5 V        ; 2000 ps         ; 2000 ps         ;
; ~ALTERA_NCSO~       ; 2.5 V        ; 2000 ps         ; 2000 ps         ;
+---------------------+--------------+-----------------+-----------------+


+--------------------------------------------------------------------------------------------------------------------------------------------------------------------------------------------------------------------------------------------------------------------------------------------------------------------------------------------------------------------------------------------------------------------------------------------------------------------------------------------------------------------------------------------------------------------------------------------------------------------------------------------------------------------------------------------+
; Signal Integrity Metrics (Slow 1200mv n40c Model)                                                                                                                                                                                                                                                                                                                                                                                                                                                                                                                                                                                                                                          ;
+---------------+--------------+---------------------+---------------------+------------------------------+------------------------------+---------------------+---------------------+--------------------------------------+--------------------------------------+-----------------------------+-----------------------------+----------------------------+----------------------------+-----------------------------+-----------------------------+--------------------+--------------------+-------------------------------------+-------------------------------------+----------------------------+----------------------------+---------------------------+---------------------------+
; Pin           ; I/O Standard ; Board Delay on Rise ; Board Delay on Fall ; Steady State Voh at FPGA Pin ; Steady State Vol at FPGA Pin ; Voh Max at FPGA Pin ; Vol Min at FPGA Pin ; Ringback Voltage on Rise at FPGA Pin ; Ringback Voltage on Fall at FPGA Pin ; 10-90 Rise Time at FPGA Pin ; 90-10 Fall Time at FPGA Pin ; Monotonic Rise at FPGA Pin ; Monotonic Fall at FPGA Pin ; Steady State Voh at Far-end ; Steady State Vol at Far-end ; Voh Max at Far-end ; Vol Min at Far-end ; Ringback Voltage on Rise at Far-end ; Ringback Voltage on Fall at Far-end ; 10-90 Rise Time at Far-end ; 90-10 Fall Time at Far-end ; Monotonic Rise at Far-end ; Monotonic Fall at Far-end ;
+---------------+--------------+---------------------+---------------------+------------------------------+------------------------------+---------------------+---------------------+--------------------------------------+--------------------------------------+-----------------------------+-----------------------------+----------------------------+----------------------------+-----------------------------+-----------------------------+--------------------+--------------------+-------------------------------------+-------------------------------------+----------------------------+----------------------------+---------------------------+---------------------------+
; SalidaLeds    ; 2.5 V        ; 0 s                 ; 0 s                 ; 2.32 V                       ; 1.74e-09 V                   ; 2.4 V               ; -0.0195 V           ; 0.196 V                              ; 0.023 V                              ; 2.87e-10 s                  ; 3.09e-10 s                  ; Yes                        ; Yes                        ; 2.32 V                      ; 1.74e-09 V                  ; 2.4 V              ; -0.0195 V          ; 0.196 V                             ; 0.023 V                             ; 2.87e-10 s                 ; 3.09e-10 s                 ; Yes                       ; Yes                       ;
; ~ALTERA_NCEO~ ; 2.5 V        ; 0 s                 ; 0 s                 ; 2.32 V                       ; 1.1e-09 V                    ; 2.58 V              ; -0.0544 V           ; 0.311 V                              ; 0.084 V                              ; 1.05e-10 s                  ; 2.03e-10 s                  ; No                         ; Yes                        ; 2.32 V                      ; 1.1e-09 V                   ; 2.58 V             ; -0.0544 V          ; 0.311 V                             ; 0.084 V                             ; 1.05e-10 s                 ; 2.03e-10 s                 ; No                        ; Yes                       ;
; ~ALTERA_DCLK~ ; 2.5 V        ; 0 s                 ; 0 s                 ; 2.32 V                       ; 1.44e-09 V                   ; 2.39 V              ; -0.0693 V           ; 0.141 V                              ; 0.097 V                              ; 2.77e-10 s                  ; 2.57e-10 s                  ; Yes                        ; Yes                        ; 2.32 V                      ; 1.44e-09 V                  ; 2.39 V             ; -0.0693 V          ; 0.141 V                             ; 0.097 V                             ; 2.77e-10 s                 ; 2.57e-10 s                 ; Yes                       ; Yes                       ;
+---------------+--------------+---------------------+---------------------+------------------------------+------------------------------+---------------------+---------------------+--------------------------------------+--------------------------------------+-----------------------------+-----------------------------+----------------------------+----------------------------+-----------------------------+-----------------------------+--------------------+--------------------+-------------------------------------+-------------------------------------+----------------------------+----------------------------+---------------------------+---------------------------+


+--------------------------------------------------------------------------------------------------------------------------------------------------------------------------------------------------------------------------------------------------------------------------------------------------------------------------------------------------------------------------------------------------------------------------------------------------------------------------------------------------------------------------------------------------------------------------------------------------------------------------------------------------------------------------------------------+
; Signal Integrity Metrics (Slow 1200mv 100c Model)                                                                                                                                                                                                                                                                                                                                                                                                                                                                                                                                                                                                                                          ;
+---------------+--------------+---------------------+---------------------+------------------------------+------------------------------+---------------------+---------------------+--------------------------------------+--------------------------------------+-----------------------------+-----------------------------+----------------------------+----------------------------+-----------------------------+-----------------------------+--------------------+--------------------+-------------------------------------+-------------------------------------+----------------------------+----------------------------+---------------------------+---------------------------+
; Pin           ; I/O Standard ; Board Delay on Rise ; Board Delay on Fall ; Steady State Voh at FPGA Pin ; Steady State Vol at FPGA Pin ; Voh Max at FPGA Pin ; Vol Min at FPGA Pin ; Ringback Voltage on Rise at FPGA Pin ; Ringback Voltage on Fall at FPGA Pin ; 10-90 Rise Time at FPGA Pin ; 90-10 Fall Time at FPGA Pin ; Monotonic Rise at FPGA Pin ; Monotonic Fall at FPGA Pin ; Steady State Voh at Far-end ; Steady State Vol at Far-end ; Voh Max at Far-end ; Vol Min at Far-end ; Ringback Voltage on Rise at Far-end ; Ringback Voltage on Fall at Far-end ; 10-90 Rise Time at Far-end ; 90-10 Fall Time at Far-end ; Monotonic Rise at Far-end ; Monotonic Fall at Far-end ;
+---------------+--------------+---------------------+---------------------+------------------------------+------------------------------+---------------------+---------------------+--------------------------------------+--------------------------------------+-----------------------------+-----------------------------+----------------------------+----------------------------+-----------------------------+-----------------------------+--------------------+--------------------+-------------------------------------+-------------------------------------+----------------------------+----------------------------+---------------------------+---------------------------+
; SalidaLeds    ; 2.5 V        ; 0 s                 ; 0 s                 ; 2.32 V                       ; 1.44e-06 V                   ; 2.35 V              ; -0.0112 V           ; 0.129 V                              ; 0.036 V                              ; 4.71e-10 s                  ; 4.65e-10 s                  ; Yes                        ; Yes                        ; 2.32 V                      ; 1.44e-06 V                  ; 2.35 V             ; -0.0112 V          ; 0.129 V                             ; 0.036 V                             ; 4.71e-10 s                 ; 4.65e-10 s                 ; Yes                       ; Yes                       ;
; ~ALTERA_NCEO~ ; 2.5 V        ; 0 s                 ; 0 s                 ; 2.32 V                       ; 9.46e-07 V                   ; 2.35 V              ; -0.0216 V           ; 0.041 V                              ; 0.044 V                              ; 2.35e-10 s                  ; 3.4e-10 s                   ; Yes                        ; Yes                        ; 2.32 V                      ; 9.46e-07 V                  ; 2.35 V             ; -0.0216 V          ; 0.041 V                             ; 0.044 V                             ; 2.35e-10 s                 ; 3.4e-10 s                  ; Yes                       ; Yes                       ;
; ~ALTERA_DCLK~ ; 2.5 V        ; 0 s                 ; 0 s                 ; 2.32 V                       ; 1.15e-06 V                   ; 2.35 V              ; -0.00816 V          ; 0.1 V                                ; 0.012 V                              ; 4.51e-10 s                  ; 3.91e-10 s                  ; Yes                        ; Yes                        ; 2.32 V                      ; 1.15e-06 V                  ; 2.35 V             ; -0.00816 V         ; 0.1 V                               ; 0.012 V                             ; 4.51e-10 s                 ; 3.91e-10 s                 ; Yes                       ; Yes                       ;
+---------------+--------------+---------------------+---------------------+------------------------------+------------------------------+---------------------+---------------------+--------------------------------------+--------------------------------------+-----------------------------+-----------------------------+----------------------------+----------------------------+-----------------------------+-----------------------------+--------------------+--------------------+-------------------------------------+-------------------------------------+----------------------------+----------------------------+---------------------------+---------------------------+


+--------------------------------------------------------------------------------------------------------------------------------------------------------------------------------------------------------------------------------------------------------------------------------------------------------------------------------------------------------------------------------------------------------------------------------------------------------------------------------------------------------------------------------------------------------------------------------------------------------------------------------------------------------------------------------------------+
; Signal Integrity Metrics (Fast 1200mv n40c Model)                                                                                                                                                                                                                                                                                                                                                                                                                                                                                                                                                                                                                                          ;
+---------------+--------------+---------------------+---------------------+------------------------------+------------------------------+---------------------+---------------------+--------------------------------------+--------------------------------------+-----------------------------+-----------------------------+----------------------------+----------------------------+-----------------------------+-----------------------------+--------------------+--------------------+-------------------------------------+-------------------------------------+----------------------------+----------------------------+---------------------------+---------------------------+
; Pin           ; I/O Standard ; Board Delay on Rise ; Board Delay on Fall ; Steady State Voh at FPGA Pin ; Steady State Vol at FPGA Pin ; Voh Max at FPGA Pin ; Vol Min at FPGA Pin ; Ringback Voltage on Rise at FPGA Pin ; Ringback Voltage on Fall at FPGA Pin ; 10-90 Rise Time at FPGA Pin ; 90-10 Fall Time at FPGA Pin ; Monotonic Rise at FPGA Pin ; Monotonic Fall at FPGA Pin ; Steady State Voh at Far-end ; Steady State Vol at Far-end ; Voh Max at Far-end ; Vol Min at Far-end ; Ringback Voltage on Rise at Far-end ; Ringback Voltage on Fall at Far-end ; 10-90 Rise Time at Far-end ; 90-10 Fall Time at Far-end ; Monotonic Rise at Far-end ; Monotonic Fall at Far-end ;
+---------------+--------------+---------------------+---------------------+------------------------------+------------------------------+---------------------+---------------------+--------------------------------------+--------------------------------------+-----------------------------+-----------------------------+----------------------------+----------------------------+-----------------------------+-----------------------------+--------------------+--------------------+-------------------------------------+-------------------------------------+----------------------------+----------------------------+---------------------------+---------------------------+
; SalidaLeds    ; 2.5 V        ; 0 s                 ; 0 s                 ; 2.62 V                       ; 3.18e-09 V                   ; 2.74 V              ; -0.0527 V           ; 0.162 V                              ; 0.083 V                              ; 2.61e-10 s                  ; 2.44e-10 s                  ; Yes                        ; Yes                        ; 2.62 V                      ; 3.18e-09 V                  ; 2.74 V             ; -0.0527 V          ; 0.162 V                             ; 0.083 V                             ; 2.61e-10 s                 ; 2.44e-10 s                 ; Yes                       ; Yes                       ;
; ~ALTERA_NCEO~ ; 2.5 V        ; 0 s                 ; 0 s                 ; 2.63 V                       ; 2.09e-09 V                   ; 3.33 V              ; -0.207 V            ; 0.732 V                              ; 0.246 V                              ; 7.99e-11 s                  ; 1.55e-10 s                  ; No                         ; Yes                        ; 2.63 V                      ; 2.09e-09 V                  ; 3.33 V             ; -0.207 V           ; 0.732 V                             ; 0.246 V                             ; 7.99e-11 s                 ; 1.55e-10 s                 ; No                        ; Yes                       ;
; ~ALTERA_DCLK~ ; 2.5 V        ; 0 s                 ; 0 s                 ; 2.62 V                       ; 2.44e-09 V                   ; 2.77 V              ; -0.0664 V           ; 0.17 V                               ; 0.079 V                              ; 2.61e-10 s                  ; 2.04e-10 s                  ; No                         ; Yes                        ; 2.62 V                      ; 2.44e-09 V                  ; 2.77 V             ; -0.0664 V          ; 0.17 V                              ; 0.079 V                             ; 2.61e-10 s                 ; 2.04e-10 s                 ; No                        ; Yes                       ;
+---------------+--------------+---------------------+---------------------+------------------------------+------------------------------+---------------------+---------------------+--------------------------------------+--------------------------------------+-----------------------------+-----------------------------+----------------------------+----------------------------+-----------------------------+-----------------------------+--------------------+--------------------+-------------------------------------+-------------------------------------+----------------------------+----------------------------+---------------------------+---------------------------+


+-------------------------------------------------------------------------------------------------------------------------------------------------+
; Setup Transfers                                                                                                                                 ;
+--------------------------------------------------+--------------------------------------------------+----------+----------+----------+----------+
; From Clock                                       ; To Clock                                         ; RR Paths ; FR Paths ; RF Paths ; FF Paths ;
+--------------------------------------------------+--------------------------------------------------+----------+----------+----------+----------+
; inst|altpll_component|auto_generated|pll1|clk[3] ; inst|altpll_component|auto_generated|pll1|clk[3] ; 65       ; 0        ; 0        ; 0        ;
+--------------------------------------------------+--------------------------------------------------+----------+----------+----------+----------+
Entries labeled "false path" only account for clock-to-clock false paths and not path-based false paths. As a result, actual path counts may be lower than reported.


+-------------------------------------------------------------------------------------------------------------------------------------------------+
; Hold Transfers                                                                                                                                  ;
+--------------------------------------------------+--------------------------------------------------+----------+----------+----------+----------+
; From Clock                                       ; To Clock                                         ; RR Paths ; FR Paths ; RF Paths ; FF Paths ;
+--------------------------------------------------+--------------------------------------------------+----------+----------+----------+----------+
; inst|altpll_component|auto_generated|pll1|clk[3] ; inst|altpll_component|auto_generated|pll1|clk[3] ; 65       ; 0        ; 0        ; 0        ;
+--------------------------------------------------+--------------------------------------------------+----------+----------+----------+----------+
Entries labeled "false path" only account for clock-to-clock false paths and not path-based false paths. As a result, actual path counts may be lower than reported.


---------------
; Report TCCS ;
---------------
No dedicated SERDES Transmitter circuitry present in device or used in design


---------------
; Report RSKM ;
---------------
No dedicated SERDES Receiver circuitry present in device or used in design


+------------------------------------------------+
; Unconstrained Paths                            ;
+---------------------------------+-------+------+
; Property                        ; Setup ; Hold ;
+---------------------------------+-------+------+
; Illegal Clocks                  ; 0     ; 0    ;
; Unconstrained Clocks            ; 0     ; 0    ;
; Unconstrained Input Ports       ; 1     ; 1    ;
; Unconstrained Input Port Paths  ; 5     ; 5    ;
; Unconstrained Output Ports      ; 1     ; 1    ;
; Unconstrained Output Port Paths ; 6     ; 6    ;
+---------------------------------+-------+------+


+------------------------------------+
; TimeQuest Timing Analyzer Messages ;
+------------------------------------+
Info: *******************************************************************
Info: Running Quartus II 64-Bit TimeQuest Timing Analyzer
    Info: Version 13.0.1 Build 232 06/12/2013 Service Pack 1 SJ Web Edition
    Info: Processing started: Thu Nov 06 17:40:59 2025
Info: Command: quartus_sta OutputLuces -c OutputLuces
Info: qsta_default_script.tcl version: #1
Warning (20028): Parallel compilation is not licensed and has been disabled
Info (21077): Low junction temperature is -40 degrees C
Info (21077): High junction temperature is 100 degrees C
Critical Warning (332012): Synopsys Design Constraints File file not found: 'OutputLuces.sdc'. A Synopsys Design Constraints File is required by the TimeQuest Timing Analyzer to get proper timing constraints. Without it, the Compiler will not properly optimize the design.
Info (332142): No user constrained generated clocks found in the design. Calling "derive_pll_clocks -create_base_clocks"
Info (332110): Deriving PLL clocks
    Info (332110): create_clock -period 20.000 -waveform {0.000 10.000} -name ClkMain ClkMain
    Info (332110): create_generated_clock -source {inst|altpll_component|auto_generated|pll1|inclk[0]} -divide_by 25 -multiply_by 4 -duty_cycle 64.00 -name {inst|altpll_component|auto_generated|pll1|clk[1]} {inst|altpll_component|auto_generated|pll1|clk[1]}
    Info (332110): create_generated_clock -source {inst|altpll_component|auto_generated|pll1|inclk[0]} -divide_by 150 -duty_cycle 50.00 -name {inst|altpll_component|auto_generated|pll1|clk[3]} {inst|altpll_component|auto_generated|pll1|clk[3]}
Info (332142): No user constrained base clocks found in the design. Calling "derive_clocks -period 1.0"
Info (332096): The command derive_clocks did not find any clocks to derive.  No clocks were created or changed.
Info (332143): No user constrained clock uncertainty found in the design. Calling "derive_clock_uncertainty"
Info (332123): Deriving Clock Uncertainty. Please refer to report_sdc in TimeQuest to see clock uncertainties.
Info: Found TIMEQUEST_REPORT_SCRIPT_INCLUDE_DEFAULT_ANALYSIS = ON
Info: Analyzing Slow 1200mV 100C Model
Info (332146): Worst-case setup slack is 2996.446
    Info (332119):     Slack End Point TNS Clock 
    Info (332119): ========= ============= =====================
    Info (332119):  2996.446         0.000 inst|altpll_component|auto_generated|pll1|clk[3] 
Info (332146): Worst-case hold slack is 0.637
    Info (332119):     Slack End Point TNS Clock 
    Info (332119): ========= ============= =====================
    Info (332119):     0.637         0.000 inst|altpll_component|auto_generated|pll1|clk[3] 
Info (332140): No Recovery paths to report
Info (332140): No Removal paths to report
Info (332146): Worst-case minimum pulse width slack is 9.891
    Info (332119):     Slack End Point TNS Clock 
    Info (332119): ========= ============= =====================
    Info (332119):     9.891         0.000 ClkMain 
    Info (332119):  1499.424         0.000 inst|altpll_component|auto_generated|pll1|clk[3] 
Info: Analyzing Slow 1200mV -40C Model
Info (334003): Started post-fitting delay annotation
Info (334004): Delay annotation completed successfully
Info (332123): Deriving Clock Uncertainty. Please refer to report_sdc in TimeQuest to see clock uncertainties.
Info (332146): Worst-case setup slack is 2996.889
    Info (332119):     Slack End Point TNS Clock 
    Info (332119): ========= ============= =====================
    Info (332119):  2996.889         0.000 inst|altpll_component|auto_generated|pll1|clk[3] 
Info (332146): Worst-case hold slack is 0.563
    Info (332119):     Slack End Point TNS Clock 
    Info (332119): ========= ============= =====================
    Info (332119):     0.563         0.000 inst|altpll_component|auto_generated|pll1|clk[3] 
Info (332140): No Recovery paths to report
Info (332140): No Removal paths to report
Info (332146): Worst-case minimum pulse width slack is 9.908
    Info (332119):     Slack End Point TNS Clock 
    Info (332119): ========= ============= =====================
    Info (332119):     9.908         0.000 ClkMain 
    Info (332119):  1499.364         0.000 inst|altpll_component|auto_generated|pll1|clk[3] 
Info: Analyzing Fast 1200mV -40C Model
Info (332123): Deriving Clock Uncertainty. Please refer to report_sdc in TimeQuest to see clock uncertainties.
Info (332146): Worst-case setup slack is 2998.360
    Info (332119):     Slack End Point TNS Clock 
    Info (332119): ========= ============= =====================
    Info (332119):  2998.360         0.000 inst|altpll_component|auto_generated|pll1|clk[3] 
Info (332146): Worst-case hold slack is 0.270
    Info (332119):     Slack End Point TNS Clock 
    Info (332119): ========= ============= =====================
    Info (332119):     0.270         0.000 inst|altpll_component|auto_generated|pll1|clk[3] 
Info (332140): No Recovery paths to report
Info (332140): No Removal paths to report
Info (332146): Worst-case minimum pulse width slack is 9.626
    Info (332119):     Slack End Point TNS Clock 
    Info (332119): ========= ============= =====================
    Info (332119):     9.626         0.000 ClkMain 
    Info (332119):  1499.732         0.000 inst|altpll_component|auto_generated|pll1|clk[3] 
Info (332102): Design is not fully constrained for setup requirements
Info (332102): Design is not fully constrained for hold requirements
Info: Quartus II 64-Bit TimeQuest Timing Analyzer was successful. 0 errors, 2 warnings
    Info: Peak virtual memory: 4731 megabytes
    Info: Processing ended: Thu Nov 06 17:41:03 2025
    Info: Elapsed time: 00:00:04
    Info: Total CPU time (on all processors): 00:00:04


